# Blender v3.4.0 OBJ File: 'Source File.blend'
# www.blender.org
mtllib monitor.mtl
o Cube.001_Cube.008
v -1.187640 -0.477497 0.243939
v -1.194083 -0.497049 0.257069
v -1.187304 -0.478425 0.247327
v -1.187598 -0.480543 0.250487
v -1.188503 -0.483706 0.253204
v -1.189957 -0.487700 0.255293
v -1.191860 -0.492251 0.256611
v -1.123052 -0.555847 0.238418
v -1.125327 -0.539613 0.226639
v -1.123086 -0.551907 0.238310
v -1.123285 -0.548156 0.237318
v -1.123637 -0.544851 0.235508
v -1.124118 -0.542215 0.233006
v -1.124695 -0.540428 0.229981
v -1.186732 -0.489170 0.242728
v -1.192103 -0.507605 0.255755
v -1.186360 -0.490060 0.246112
v -1.186547 -0.492067 0.249262
v -1.187281 -0.495052 0.251963
v -1.188513 -0.498814 0.254030
v -1.190157 -0.503095 0.255324
v -1.184534 -0.498412 0.241490
v -1.188896 -0.516311 0.254374
v -1.184127 -0.499284 0.244869
v -1.184214 -0.501237 0.248005
v -1.184788 -0.504137 0.250683
v -1.185811 -0.507788 0.252721
v -1.187212 -0.511940 0.253980
v -1.180931 -0.507168 0.240030
v -1.184340 -0.524666 0.252770
v -1.180492 -0.508026 0.243405
v -1.180483 -0.509938 0.246526
v -1.180906 -0.512775 0.249181
v -1.181731 -0.516343 0.251189
v -1.182902 -0.520399 0.252413
v -1.176012 -0.515222 0.238384
v -1.178509 -0.532408 0.250979
v -1.175542 -0.516069 0.241753
v -1.175442 -0.517951 0.244860
v -1.175720 -0.520738 0.247492
v -1.176356 -0.524241 0.249470
v -1.177307 -0.528222 0.250660
v -1.169898 -0.522375 0.236592
v -1.171515 -0.539313 0.249043
v -1.169398 -0.523214 0.239957
v -1.169210 -0.525071 0.243049
v -1.169348 -0.527819 0.245658
v -1.169802 -0.531271 0.247607
v -1.170541 -0.535191 0.248761
v -1.162739 -0.528453 0.234699
v -1.163503 -0.545191 0.247007
v -1.162210 -0.529285 0.238059
v -1.161937 -0.531122 0.241137
v -1.161939 -0.533838 0.243723
v -1.162216 -0.537248 0.245642
v -1.162750 -0.541121 0.246762
v -1.154712 -0.533305 0.232751
v -1.154644 -0.549880 0.244916
v -1.154154 -0.534131 0.236106
v -1.153798 -0.535952 0.239169
v -1.153669 -0.538642 0.241733
v -1.153774 -0.542019 0.243622
v -1.154106 -0.545852 0.244708
v -1.146014 -0.536811 0.230796
v -1.145133 -0.553255 0.242819
v -1.145429 -0.537633 0.234146
v -1.144991 -0.539441 0.237196
v -1.144732 -0.542110 0.239737
v -1.144669 -0.545459 0.241596
v -1.144806 -0.549260 0.242648
v -1.136860 -0.538886 0.228882
v -1.135179 -0.555221 0.240764
v -1.136247 -0.539704 0.232227
v -1.135730 -0.541501 0.235263
v -1.135344 -0.544153 0.237782
v -1.135115 -0.547480 0.239612
v -1.135058 -0.551255 0.240629
v -1.125327 1.050313 0.368197
v -1.123359 1.062116 0.382530
v -1.124705 1.050454 0.371626
v -1.124159 1.051468 0.374906
v -1.123727 1.053287 0.377814
v -1.123439 1.055788 0.380152
v -1.123313 1.058799 0.381761
v -1.195116 0.985183 0.389233
v -1.187640 0.986118 0.374251
v -1.192626 0.985163 0.388296
v -1.190473 0.985224 0.386531
v -1.188806 0.985361 0.384058
v -1.187737 0.985566 0.381047
v -1.187339 0.985824 0.377701
v -1.136393 1.060831 0.384877
v -1.136860 1.049201 0.370276
v -1.135959 1.057559 0.384039
v -1.135722 1.054590 0.382366
v -1.135699 1.052125 0.379972
v -1.135893 1.050333 0.377021
v -1.136288 1.049335 0.373714
v -1.147486 1.057889 0.386711
v -1.146014 1.046821 0.371793
v -1.146549 1.054763 0.385790
v -1.145845 1.051929 0.384041
v -1.145421 1.049580 0.381582
v -1.145307 1.047877 0.378581
v -1.145509 1.046936 0.375242
v -1.157993 1.053206 0.388278
v -1.154712 1.043024 0.373098
v -1.156589 1.050309 0.387290
v -1.155448 1.047688 0.385477
v -1.154649 1.045524 0.382963
v -1.154247 1.043962 0.379921
v -1.154268 1.043109 0.376556
v -1.167640 1.046900 0.389539
v -1.162739 1.037904 0.374158
v -1.165816 1.044310 0.388498
v -1.164285 1.041976 0.386637
v -1.163151 1.040057 0.384082
v -1.162491 1.038683 0.381008
v -1.162351 1.037949 0.377623
v -1.176168 1.039137 0.390458
v -1.169898 1.031588 0.374948
v -1.173990 1.036921 0.389384
v -1.172129 1.034936 0.387492
v -1.170711 1.033316 0.384910
v -1.169834 1.032173 0.381815
v -1.169556 1.031583 0.378417
v -1.183344 1.030120 0.391011
v -1.176012 1.024230 0.375448
v -1.180891 1.028334 0.389923
v -1.178774 1.026749 0.388018
v -1.177136 1.025473 0.385425
v -1.176090 1.024593 0.382322
v -1.175707 1.024169 0.378919
v -1.188963 1.020096 0.391179
v -1.180931 1.016012 0.375645
v -1.186329 1.018777 0.390099
v -1.184042 1.017628 0.388201
v -1.182260 1.016726 0.385614
v -1.181103 1.016133 0.382515
v -1.180650 1.015890 0.379115
v -1.192854 1.009345 0.390957
v -1.184534 1.007136 0.375535
v -1.190145 1.008512 0.389906
v -1.187789 1.007814 0.388035
v -1.185947 1.007301 0.385472
v -1.184744 1.007006 0.382390
v -1.184262 1.006950 0.379001
v -1.194887 0.998185 0.390348
v -1.186732 0.997821 0.375121
v -1.192221 0.997829 0.389347
v -1.189905 0.997577 0.387523
v -1.188097 0.997445 0.385000
v -1.186920 0.997444 0.381950
v -1.186454 0.997572 0.378580
v -1.151921 -0.679539 0.081268
v -1.149967 -0.694026 0.093262
v -1.151971 -0.683027 0.081432
v -1.151849 -0.686356 0.082476
v -1.151563 -0.689300 0.084330
v -1.151133 -0.691659 0.086867
v -1.150589 -0.693270 0.089913
v -1.254102 -0.577680 0.109636
v -1.264766 -0.579588 0.125134
v -1.257418 -0.577912 0.110706
v -1.260339 -0.578208 0.112596
v -1.262667 -0.578547 0.115175
v -1.264242 -0.578906 0.118268
v -1.264958 -0.579261 0.121665
v -1.168335 -0.678504 0.084460
v -1.167925 -0.692893 0.096755
v -1.168784 -0.681966 0.084702
v -1.169035 -0.685272 0.085819
v -1.169069 -0.688196 0.087735
v -1.168885 -0.690539 0.090319
v -1.168494 -0.692141 0.093396
v -1.183841 -0.674990 0.087701
v -1.185442 -0.688923 0.100417
v -1.184811 -0.678334 0.088052
v -1.185546 -0.681530 0.089270
v -1.185996 -0.684359 0.091273
v -1.186132 -0.686630 0.093925
v -1.185942 -0.688186 0.097043
v -1.198574 -0.669050 0.091013
v -1.202085 -0.682214 0.104158
v -1.200038 -0.672195 0.091474
v -1.201234 -0.675206 0.092796
v -1.202080 -0.677876 0.094888
v -1.202519 -0.680024 0.097608
v -1.202520 -0.681503 0.100769
v -1.212171 -0.660832 0.094312
v -1.217444 -0.672930 0.107885
v -1.214091 -0.663702 0.094885
v -1.215712 -0.666455 0.096310
v -1.216923 -0.668904 0.098491
v -1.217642 -0.670883 0.101278
v -1.217820 -0.672256 0.104482
v -1.224297 -0.650538 0.097519
v -1.231142 -0.661301 0.111508
v -1.226624 -0.653062 0.098199
v -1.228624 -0.655493 0.099725
v -1.230161 -0.657666 0.101991
v -1.231130 -0.659433 0.104845
v -1.231464 -0.660672 0.108091
v -1.234653 -0.638421 0.100554
v -1.242842 -0.647613 0.114936
v -1.237328 -0.640538 0.101336
v -1.239652 -0.642590 0.102956
v -1.241467 -0.644438 0.105304
v -1.242649 -0.645955 0.108220
v -1.243118 -0.647038 0.111506
v -1.242985 -0.624779 0.103342
v -1.252254 -0.632202 0.118086
v -1.245940 -0.626438 0.104218
v -1.248524 -0.628064 0.105925
v -1.250563 -0.629546 0.108348
v -1.251917 -0.630781 0.111322
v -1.252494 -0.631688 0.114643
v -1.249088 -0.609949 0.105815
v -1.259148 -0.615449 0.120880
v -1.252247 -0.611111 0.106774
v -1.255022 -0.612273 0.108559
v -1.257225 -0.613356 0.111048
v -1.258704 -0.614286 0.114072
v -1.259360 -0.615000 0.117426
v -1.252810 -0.594295 0.107912
v -1.263353 -0.597766 0.123248
v -1.256095 -0.594931 0.108941
v -1.258986 -0.595604 0.110791
v -1.261289 -0.596267 0.113337
v -1.262845 -0.596874 0.116405
v -1.263549 -0.597386 0.119785
v -1.254102 0.998846 0.250000
v -1.264766 0.997985 0.265592
v -1.257418 0.998885 0.251095
v -1.260339 0.998842 0.253007
v -1.262667 0.998720 0.255606
v -1.264242 0.998527 0.258714
v -1.264958 0.998276 0.262120
v -1.151921 1.104114 0.240074
v -1.149967 1.116254 0.254439
v -1.151971 1.107518 0.240851
v -1.151849 1.110611 0.242468
v -1.151563 1.113181 0.244812
v -1.151133 1.115054 0.247726
v -1.150589 1.116102 0.251009
v -1.252810 1.015503 0.251239
v -1.263353 1.016211 0.266947
v -1.256095 1.015948 0.252365
v -1.258986 1.016283 0.254305
v -1.261289 1.016486 0.256927
v -1.262845 1.016542 0.260054
v -1.263549 1.016448 0.263472
v -1.249088 1.031282 0.251941
v -1.259148 1.034034 0.267740
v -1.252247 1.032256 0.253090
v -1.255022 1.033085 0.255052
v -1.257225 1.033711 0.257693
v -1.258704 1.034092 0.260835
v -1.259360 1.034202 0.264261
v -1.242985 1.046315 0.252127
v -1.252254 1.051017 0.267950
v -1.245940 1.047794 0.253282
v -1.248524 1.049093 0.255250
v -1.250563 1.050123 0.257896
v -1.251917 1.050814 0.261041
v -1.252494 1.051119 0.264471
v -1.234653 1.060235 0.251793
v -1.242842 1.066742 0.267572
v -1.237328 1.062181 0.252936
v -1.239652 1.063915 0.254894
v -1.241467 1.065319 0.257531
v -1.242649 1.066297 0.260669
v -1.243118 1.066782 0.264094
v -1.224297 1.072698 0.250946
v -1.231142 1.080820 0.266616
v -1.226624 1.075062 0.252062
v -1.228624 1.077186 0.253992
v -1.230161 1.078924 0.256607
v -1.231130 1.080159 0.259728
v -1.231464 1.080806 0.263142
v -1.212171 1.083397 0.249609
v -1.217444 1.092907 0.265105
v -1.214091 1.086120 0.250679
v -1.215712 1.088578 0.252568
v -1.216923 1.090604 0.255147
v -1.217642 1.092059 0.258240
v -1.217820 1.092844 0.261637
v -1.198574 1.092069 0.247813
v -1.202085 1.102703 0.263076
v -1.200038 1.095083 0.248823
v -1.201234 1.097812 0.250656
v -1.202080 1.100071 0.253186
v -1.202519 1.101704 0.256243
v -1.202520 1.102602 0.259616
v -1.183841 1.098500 0.245603
v -1.185442 1.109967 0.260580
v -1.184811 1.101730 0.246539
v -1.185546 1.104660 0.248302
v -1.185996 1.107091 0.250774
v -1.186132 1.108857 0.253784
v -1.185942 1.109838 0.257129
v -1.168335 1.102531 0.243033
v -1.167925 1.114522 0.257677
v -1.168784 1.105897 0.243883
v -1.169035 1.108953 0.245566
v -1.169069 1.111493 0.247968
v -1.168885 1.113342 0.250926
v -1.168494 1.114375 0.254238
v 1.147820 -0.501689 -0.199317
v 1.150487 -0.517915 -0.187611
v 1.148466 -0.502504 -0.195977
v 1.149082 -0.504289 -0.192959
v 1.149625 -0.506924 -0.190469
v 1.150058 -0.510229 -0.188675
v 1.150352 -0.513977 -0.187700
v 1.221518 -0.456748 -0.195581
v 1.210132 -0.437494 -0.205370
v 1.219126 -0.452026 -0.195174
v 1.216729 -0.447547 -0.195686
v 1.214491 -0.443615 -0.197083
v 1.212562 -0.440499 -0.199270
v 1.211076 -0.438411 -0.202096
v 1.162613 -0.516885 -0.189810
v 1.159352 -0.500577 -0.201396
v 1.162325 -0.512926 -0.189868
v 1.161887 -0.509157 -0.190814
v 1.161331 -0.505836 -0.192583
v 1.160694 -0.503188 -0.195055
v 1.160019 -0.501394 -0.198060
v 1.172568 -0.514587 -0.191485
v 1.168507 -0.498196 -0.202913
v 1.172072 -0.510606 -0.191502
v 1.171442 -0.506818 -0.192410
v 1.170720 -0.503479 -0.194146
v 1.169955 -0.500818 -0.196593
v 1.169200 -0.499017 -0.199583
v 1.182079 -0.510895 -0.192953
v 1.177204 -0.494400 -0.204217
v 1.181373 -0.506887 -0.192928
v 1.180546 -0.503074 -0.193796
v 1.179656 -0.499714 -0.195499
v 1.178762 -0.497036 -0.197919
v 1.177926 -0.495224 -0.200893
v 1.190938 -0.505910 -0.194182
v 1.185232 -0.489280 -0.205278
v 1.190016 -0.501868 -0.194113
v 1.188989 -0.498022 -0.194941
v 1.187927 -0.494633 -0.196609
v 1.186901 -0.491934 -0.199002
v 1.185982 -0.490109 -0.201959
v 1.198949 -0.499765 -0.195148
v 1.192391 -0.482964 -0.206067
v 1.197807 -0.495678 -0.195034
v 1.196575 -0.491791 -0.195819
v 1.195335 -0.488367 -0.197450
v 1.194174 -0.485641 -0.199816
v 1.193169 -0.483798 -0.202755
v 1.205944 -0.492626 -0.195834
v 1.198505 -0.475606 -0.206567
v 1.204574 -0.488483 -0.195671
v 1.203129 -0.484542 -0.196412
v 1.201707 -0.481073 -0.198004
v 1.200406 -0.478313 -0.200340
v 1.199314 -0.476448 -0.203261
v 1.211775 -0.484690 -0.196228
v 1.203424 -0.467388 -0.206765
v 1.210169 -0.480473 -0.196015
v 1.208504 -0.476465 -0.196708
v 1.206894 -0.472938 -0.198259
v 1.205447 -0.470132 -0.200564
v 1.204264 -0.468239 -0.203465
v 1.216331 -0.476183 -0.196332
v 1.207027 -0.458512 -0.206655
v 1.214478 -0.471871 -0.196063
v 1.212583 -0.467774 -0.196704
v 1.210776 -0.464170 -0.198212
v 1.209178 -0.461306 -0.200483
v 1.207899 -0.459376 -0.203363
v 1.219538 -0.467369 -0.196153
v 1.209225 -0.449197 -0.206240
v 1.217424 -0.462928 -0.195823
v 1.215286 -0.458710 -0.196408
v 1.213269 -0.455002 -0.197866
v 1.211511 -0.452058 -0.200100
v 1.210131 -0.450078 -0.202956
v 1.210132 1.026122 -0.075058
v 1.222551 1.025519 -0.063803
v 1.211111 1.025839 -0.071734
v 1.212701 1.025615 -0.068761
v 1.214793 1.025463 -0.066342
v 1.217246 1.025394 -0.064642
v 1.219892 1.025413 -0.063776
v 1.150794 1.100057 -0.043614
v 1.147820 1.088238 -0.057759
v 1.150580 1.096736 -0.044335
v 1.150212 1.093721 -0.045898
v 1.149715 1.091217 -0.048196
v 1.149123 1.089395 -0.051075
v 1.148477 1.088379 -0.054336
v 1.209225 1.037795 -0.073847
v 1.222322 1.038513 -0.062603
v 1.210226 1.037557 -0.070524
v 1.211884 1.037465 -0.067552
v 1.214084 1.037523 -0.065135
v 1.216678 1.037727 -0.063436
v 1.219487 1.038065 -0.062573
v 1.207027 1.047037 -0.072609
v 1.220289 1.049605 -0.061232
v 1.208034 1.046862 -0.069281
v 1.209708 1.046954 -0.066296
v 1.211935 1.047306 -0.063858
v 1.214562 1.047895 -0.062132
v 1.217412 1.048679 -0.061236
v 1.203424 1.055792 -0.071149
v 1.216397 1.060226 -0.059551
v 1.204421 1.055682 -0.067814
v 1.206067 1.055960 -0.064807
v 1.208247 1.056608 -0.062333
v 1.210815 1.057583 -0.060561
v 1.213595 1.058817 -0.059612
v 1.198505 1.063846 -0.069503
v 1.210779 1.070063 -0.057614
v 1.199479 1.063796 -0.066158
v 1.201054 1.064253 -0.063122
v 1.203123 1.065184 -0.060602
v 1.205546 1.066528 -0.058770
v 1.208157 1.068192 -0.057751
v 1.192391 1.071000 -0.067711
v 1.203603 1.078840 -0.055477
v 1.193328 1.071005 -0.064354
v 1.194797 1.071624 -0.061284
v 1.196698 1.072814 -0.058709
v 1.198901 1.074494 -0.056806
v 1.201256 1.076549 -0.055703
v 1.185232 1.077077 -0.065818
v 1.195075 1.086319 -0.053201
v 1.186122 1.077131 -0.062448
v 1.187455 1.077889 -0.059339
v 1.189138 1.079302 -0.056703
v 1.191058 1.081272 -0.054721
v 1.193082 1.083665 -0.053526
v 1.177204 1.081929 -0.063870
v 1.185428 1.092303 -0.050846
v 1.178040 1.082021 -0.060486
v 1.179211 1.082893 -0.057336
v 1.180637 1.084485 -0.054636
v 1.182221 1.086690 -0.052569
v 1.183855 1.089356 -0.051276
v 1.168507 1.085436 -0.061915
v 1.174921 1.096636 -0.048476
v 1.169280 1.085555 -0.058517
v 1.170270 1.086510 -0.055326
v 1.171409 1.088234 -0.052559
v 1.172618 1.090609 -0.050407
v 1.173816 1.093475 -0.049014
v 1.159352 1.087510 -0.060001
v 1.163828 1.099208 -0.046152
v 1.160060 1.087647 -0.056589
v 1.160856 1.088651 -0.053357
v 1.161687 1.090454 -0.050526
v 1.162495 1.092933 -0.048288
v 1.163225 1.095918 -0.046796
v 1.226668 -0.536292 -0.355226
v 1.242274 -0.537761 -0.344650
v 1.230151 -0.536410 -0.355429
v 1.233566 -0.536600 -0.354727
v 1.236679 -0.536848 -0.353167
v 1.239278 -0.537138 -0.350856
v 1.241187 -0.537449 -0.347951
v 1.124487 -0.641560 -0.345299
v 1.127474 -0.656030 -0.333498
v 1.124704 -0.645044 -0.345185
v 1.125076 -0.648369 -0.344187
v 1.125575 -0.651309 -0.342374
v 1.126169 -0.653665 -0.339868
v 1.126817 -0.655275 -0.336840
v 1.225376 -0.552949 -0.356465
v 1.240860 -0.555986 -0.346006
v 1.228828 -0.553473 -0.356698
v 1.232213 -0.554041 -0.356024
v 1.235301 -0.554614 -0.354489
v 1.237881 -0.555153 -0.352196
v 1.239777 -0.555621 -0.349303
v 1.221653 -0.568728 -0.357167
v 1.236655 -0.573810 -0.346799
v 1.224980 -0.569781 -0.357424
v 1.228249 -0.570843 -0.356771
v 1.231237 -0.571839 -0.355255
v 1.233741 -0.572703 -0.352977
v 1.235588 -0.573375 -0.350092
v 1.215551 -0.583761 -0.357352
v 1.229761 -0.590793 -0.347009
v 1.218673 -0.585319 -0.357616
v 1.221751 -0.586851 -0.356969
v 1.224576 -0.588251 -0.355458
v 1.226953 -0.589425 -0.353183
v 1.228722 -0.590292 -0.350302
v 1.207218 -0.597681 -0.357018
v 1.220349 -0.606517 -0.346631
v 1.210062 -0.599706 -0.357270
v 1.212879 -0.601673 -0.356613
v 1.215479 -0.603447 -0.355093
v 1.217685 -0.604907 -0.352811
v 1.219346 -0.605955 -0.349925
v 1.196862 -0.610144 -0.356172
v 1.208650 -0.620596 -0.345675
v 1.199357 -0.612587 -0.356395
v 1.201851 -0.614944 -0.355712
v 1.204173 -0.617052 -0.354169
v 1.206166 -0.618769 -0.351870
v 1.207693 -0.619978 -0.348973
v 1.184736 -0.620843 -0.354834
v 1.194952 -0.632682 -0.344164
v 1.186825 -0.623646 -0.355013
v 1.188939 -0.626336 -0.354288
v 1.190936 -0.628732 -0.352708
v 1.192678 -0.630670 -0.350382
v 1.194048 -0.632017 -0.347468
v 1.171139 -0.629515 -0.353038
v 1.179592 -0.642478 -0.342135
v 1.172771 -0.632608 -0.353156
v 1.174461 -0.635570 -0.352375
v 1.176093 -0.638199 -0.350748
v 1.177555 -0.640315 -0.348384
v 1.178748 -0.641775 -0.345447
v 1.156407 -0.635946 -0.350828
v 1.162949 -0.649743 -0.339638
v 1.157544 -0.639255 -0.350872
v 1.158773 -0.642418 -0.350022
v 1.160009 -0.645219 -0.348335
v 1.161168 -0.647468 -0.345926
v 1.162171 -0.649011 -0.342960
v 1.140900 -0.639977 -0.348258
v 1.145432 -0.654297 -0.336736
v 1.141518 -0.643422 -0.348216
v 1.142262 -0.646711 -0.347286
v 1.143081 -0.649621 -0.345530
v 1.143921 -0.651953 -0.343068
v 1.144723 -0.653548 -0.340069
v 1.124487 1.142094 -0.186493
v 1.127474 1.154250 -0.172321
v 1.124704 1.145502 -0.185765
v 1.125076 1.148598 -0.184196
v 1.125575 1.151172 -0.181891
v 1.126169 1.153048 -0.179009
v 1.126817 1.154098 -0.175744
v 1.226668 1.040234 -0.214861
v 1.242274 1.039812 -0.204192
v 1.230151 1.040387 -0.215040
v 1.233566 1.040450 -0.214315
v 1.236679 1.040418 -0.212736
v 1.239278 1.040295 -0.210410
v 1.241187 1.040088 -0.207496
v 1.140900 1.141058 -0.189685
v 1.145432 1.153117 -0.175814
v 1.141518 1.144441 -0.189035
v 1.142262 1.147514 -0.187538
v 1.143081 1.150068 -0.185296
v 1.143921 1.151928 -0.182461
v 1.144723 1.152968 -0.179227
v 1.156407 1.137544 -0.192927
v 1.162949 1.149147 -0.179475
v 1.157544 1.140809 -0.192386
v 1.158773 1.143772 -0.190990
v 1.160009 1.146231 -0.188835
v 1.161168 1.148019 -0.186066
v 1.162171 1.149014 -0.182874
v 1.171139 1.131605 -0.196238
v 1.179592 1.142438 -0.183216
v 1.172771 1.134670 -0.195808
v 1.174461 1.137448 -0.194516
v 1.176093 1.139747 -0.192450
v 1.177555 1.141413 -0.189750
v 1.178748 1.142331 -0.186600
v 1.184736 1.123387 -0.199538
v 1.194952 1.133155 -0.186944
v 1.186825 1.126176 -0.199219
v 1.188939 1.128697 -0.198030
v 1.190936 1.130776 -0.196052
v 1.192678 1.132272 -0.193420
v 1.194048 1.133083 -0.190313
v 1.196862 1.113092 -0.202745
v 1.208650 1.121525 -0.190566
v 1.199357 1.115537 -0.202533
v 1.201851 1.117735 -0.201444
v 1.204173 1.119538 -0.199553
v 1.206166 1.120822 -0.196987
v 1.207693 1.121500 -0.193922
v 1.207218 1.100975 -0.205780
v 1.220349 1.107837 -0.193995
v 1.210062 1.103013 -0.205670
v 1.212879 1.104832 -0.204676
v 1.215479 1.106310 -0.202866
v 1.217685 1.107344 -0.200362
v 1.219346 1.107865 -0.197337
v 1.215551 1.087333 -0.208568
v 1.229761 1.092427 -0.197145
v 1.218673 1.088913 -0.208552
v 1.221751 1.090306 -0.207645
v 1.224576 1.091417 -0.205910
v 1.226953 1.092171 -0.203464
v 1.228722 1.092515 -0.200474
v 1.221653 1.072503 -0.211041
v 1.236655 1.075674 -0.199938
v 1.224980 1.073586 -0.211108
v 1.228249 1.074515 -0.210278
v 1.231237 1.075227 -0.208609
v 1.233741 1.075675 -0.206214
v 1.235588 1.075827 -0.203257
v 1.225376 1.056849 -0.213138
v 1.240860 1.057990 -0.202307
v 1.228828 1.057406 -0.213275
v 1.232213 1.057846 -0.212511
v 1.235301 1.058138 -0.210898
v 1.237881 1.058264 -0.208547
v 1.239777 1.058213 -0.205616
v -1.127474 -0.704629 0.212353
v -1.124807 -0.690726 0.226741
v -1.126828 -0.704417 0.215783
v -1.126212 -0.703193 0.219069
v -1.125669 -0.701039 0.221986
v -1.125236 -0.698104 0.224335
v -1.124942 -0.694586 0.225957
v -1.142171 -0.689491 0.230130
v -1.145432 -0.703496 0.215845
v -1.142460 -0.693377 0.229373
v -1.142897 -0.696920 0.227777
v -1.143454 -0.699876 0.225449
v -1.144091 -0.702046 0.222548
v -1.144766 -0.703281 0.219273
v -1.158888 -0.685413 0.233650
v -1.162949 -0.699526 0.219507
v -1.159383 -0.689327 0.232930
v -1.160014 -0.692896 0.231368
v -1.160736 -0.695875 0.229069
v -1.161500 -0.698062 0.226191
v -1.162255 -0.699307 0.222930
v -1.174717 -0.678571 0.237249
v -1.179592 -0.692817 0.223248
v -1.175423 -0.682520 0.236566
v -1.176250 -0.686120 0.235037
v -1.177141 -0.689127 0.232768
v -1.178034 -0.691335 0.229913
v -1.178870 -0.692593 0.226665
v -1.189246 -0.669125 0.240834
v -1.194952 -0.683533 0.226975
v -1.190167 -0.673116 0.240188
v -1.191194 -0.676755 0.238694
v -1.192257 -0.679796 0.236454
v -1.193282 -0.682029 0.233621
v -1.194202 -0.683304 0.230388
v -1.202091 -0.657296 0.244314
v -1.208650 -0.671904 0.230598
v -1.203233 -0.661339 0.243704
v -1.204466 -0.665026 0.242245
v -1.205705 -0.668108 0.240035
v -1.206866 -0.670373 0.237224
v -1.207871 -0.671668 0.234006
v -1.212910 -0.643359 0.247598
v -1.220349 -0.658216 0.234026
v -1.214280 -0.647466 0.247026
v -1.215725 -0.651214 0.245601
v -1.217147 -0.654347 0.243421
v -1.218448 -0.656652 0.240633
v -1.219540 -0.657971 0.237429
v -1.221410 -0.627637 0.250603
v -1.229761 -0.642805 0.237176
v -1.223016 -0.631825 0.250068
v -1.224681 -0.635648 0.248679
v -1.226292 -0.638845 0.246528
v -1.227738 -0.641200 0.243764
v -1.228921 -0.642551 0.240574
v -1.227351 -0.610483 0.253253
v -1.236655 -0.626052 0.239970
v -1.229203 -0.614775 0.252755
v -1.231098 -0.618694 0.251400
v -1.232906 -0.621975 0.249280
v -1.234504 -0.624393 0.246538
v -1.235783 -0.625784 0.243363
v -1.230547 -0.592265 0.255478
v -1.240860 -0.608369 0.242339
v -1.232661 -0.596694 0.255018
v -1.234799 -0.600743 0.253697
v -1.236816 -0.604135 0.251606
v -1.238574 -0.606638 0.248888
v -1.239954 -0.608082 0.245727
v -1.230889 -0.572969 0.257261
v -1.242274 -0.590191 0.244224
v -1.233280 -0.577688 0.256827
v -1.235677 -0.582006 0.255531
v -1.237916 -0.585629 0.253462
v -1.239844 -0.588310 0.250759
v -1.241331 -0.589866 0.247609
v -1.145432 1.103919 0.376767
v -1.140957 1.089959 0.388333
v -1.144725 1.103181 0.380102
v -1.143928 1.101622 0.383105
v -1.143098 1.099347 0.385574
v -1.142290 1.096512 0.387339
v -1.141560 1.093310 0.388280
v -1.124500 1.091519 0.385363
v -1.127474 1.105651 0.373530
v -1.124714 1.094915 0.385241
v -1.125082 1.098158 0.384235
v -1.125579 1.101029 0.382415
v -1.126171 1.103331 0.379904
v -1.126817 1.104907 0.376873
v -1.162949 1.099364 0.379670
v -1.156535 1.085966 0.390919
v -1.162175 1.098646 0.382994
v -1.161185 1.097143 0.385966
v -1.160047 1.094957 0.388384
v -1.158837 1.092239 0.390084
v -1.157640 1.089172 0.390948
v -1.179592 1.092100 0.382167
v -1.171368 1.079588 0.393153
v -1.178756 1.091411 0.385481
v -1.177586 1.089997 0.388427
v -1.176160 1.087952 0.390804
v -1.174576 1.085417 0.392449
v -1.172941 1.082564 0.393250
v -1.194952 1.082304 0.384195
v -1.185109 1.070978 0.394982
v -1.194061 1.081656 0.387503
v -1.192728 1.080360 0.390429
v -1.191045 1.078504 0.392774
v -1.189126 1.076214 0.394377
v -1.187101 1.073647 0.395130
v -1.208650 1.070217 0.385706
v -1.197437 1.060339 0.396363
v -1.207712 1.069619 0.389010
v -1.206243 1.068467 0.391923
v -1.204342 1.066842 0.394247
v -1.202139 1.064852 0.395824
v -1.199784 1.062634 0.396545
v -1.220349 1.056139 0.386663
v -1.208075 1.047919 0.397266
v -1.219375 1.055597 0.389964
v -1.217800 1.054611 0.392872
v -1.215730 1.053249 0.395188
v -1.213308 1.051603 0.396753
v -1.210696 1.049785 0.397462
v -1.229761 1.040414 0.387040
v -1.216788 1.034001 0.397673
v -1.228764 1.039934 0.390343
v -1.227119 1.039129 0.393254
v -1.224938 1.038053 0.395574
v -1.222370 1.036781 0.397146
v -1.219590 1.035399 0.397861
v -1.236655 1.023431 0.386830
v -1.223393 1.018893 0.397575
v -1.235648 1.023015 0.390137
v -1.233974 1.022397 0.393059
v -1.231747 1.021619 0.395397
v -1.229120 1.020736 0.396992
v -1.226270 1.019806 0.397735
v -1.240860 1.005607 0.386038
v -1.227763 1.002914 0.396978
v -1.239859 1.005254 0.389351
v -1.238201 1.004820 0.392292
v -1.236001 1.004336 0.394661
v -1.233407 1.003834 0.396297
v -1.230597 1.003349 0.397087
v -1.242274 0.987382 0.384682
v -1.229855 0.985987 0.395866
v -1.241295 0.987073 0.388003
v -1.239705 0.986769 0.390969
v -1.237613 0.986491 0.393377
v -1.235160 0.986258 0.395063
v -1.232514 0.986086 0.395912
v 1.167925 -0.664901 -0.217645
v 1.169606 -0.650922 -0.203064
v 1.168538 -0.664686 -0.214208
v 1.169055 -0.663454 -0.210903
v 1.169441 -0.661289 -0.207955
v 1.169670 -0.658337 -0.205566
v 1.169726 -0.654801 -0.203898
v 1.152242 -0.652736 -0.199946
v 1.149967 -0.666633 -0.214408
v 1.152208 -0.656594 -0.200749
v 1.152009 -0.660111 -0.202388
v 1.151657 -0.663045 -0.204753
v 1.151176 -0.665197 -0.207681
v 1.150599 -0.666421 -0.210974
v 1.185442 -0.660346 -0.220548
v 1.186323 -0.646286 -0.205809
v 1.186027 -0.660129 -0.217105
v 1.186464 -0.658889 -0.213785
v 1.186723 -0.656710 -0.210812
v 1.186787 -0.653742 -0.208390
v 1.186650 -0.650187 -0.206683
v 1.202085 -0.653081 -0.223045
v 1.202152 -0.638916 -0.208142
v 1.202642 -0.652861 -0.219596
v 1.202998 -0.651610 -0.216259
v 1.203128 -0.649415 -0.213261
v 1.203023 -0.646425 -0.210805
v 1.202690 -0.642844 -0.209059
v 1.217444 -0.643285 -0.225073
v 1.216680 -0.628985 -0.210002
v 1.217973 -0.643060 -0.221619
v 1.218246 -0.641796 -0.218265
v 1.218244 -0.639579 -0.215240
v 1.217967 -0.636562 -0.212749
v 1.217433 -0.632948 -0.210962
v 1.231142 -0.631199 -0.226584
v 1.229526 -0.616727 -0.211337
v 1.231642 -0.630968 -0.223125
v 1.231830 -0.629687 -0.219753
v 1.231692 -0.627443 -0.216699
v 1.231238 -0.624390 -0.214172
v 1.230499 -0.620735 -0.212343
v 1.242842 -0.617121 -0.227541
v 1.240345 -0.602430 -0.212107
v 1.243312 -0.616882 -0.224074
v 1.243412 -0.615579 -0.220684
v 1.243134 -0.613300 -0.217601
v 1.242498 -0.610202 -0.215035
v 1.241547 -0.606494 -0.213161
v 1.252254 -0.601396 -0.227918
v 1.248845 -0.586424 -0.212288
v 1.252693 -0.601148 -0.224445
v 1.252702 -0.599817 -0.221035
v 1.252279 -0.597494 -0.217921
v 1.251454 -0.594337 -0.215314
v 1.250283 -0.590561 -0.213393
v 1.259148 -0.584413 -0.227708
v 1.254786 -0.569072 -0.211865
v 1.259554 -0.584152 -0.224228
v 1.259468 -0.582784 -0.220797
v 1.258894 -0.580402 -0.217649
v 1.257871 -0.577169 -0.214998
v 1.256470 -0.573304 -0.213025
v 1.263353 -0.566589 -0.226916
v 1.257982 -0.550747 -0.210837
v 1.263725 -0.566311 -0.223427
v 1.263538 -0.564893 -0.219973
v 1.262803 -0.562432 -0.216787
v 1.261572 -0.559094 -0.214087
v 1.259928 -0.555109 -0.212058
v 1.264766 -0.548364 -0.225560
v 1.258323 -0.531439 -0.209182
v 1.265102 -0.548049 -0.222061
v 1.264808 -0.546523 -0.218577
v 1.263903 -0.543889 -0.215344
v 1.262449 -0.540328 -0.212582
v 1.260546 -0.536081 -0.210481
v 1.149967 1.143647 -0.053231
v 1.151935 1.129498 -0.041208
v 1.150589 1.142903 -0.049881
v 1.151135 1.141325 -0.046831
v 1.151567 1.139020 -0.044290
v 1.151855 1.136146 -0.042431
v 1.151981 1.132898 -0.041380
v 1.168391 1.128487 -0.044407
v 1.167925 1.142514 -0.056723
v 1.168826 1.131856 -0.044654
v 1.169063 1.135074 -0.045776
v 1.169085 1.137923 -0.047697
v 1.168892 1.140209 -0.050284
v 1.168496 1.141775 -0.053363
v 1.183970 1.125014 -0.047658
v 1.185442 1.138544 -0.060385
v 1.184906 1.128254 -0.048012
v 1.185610 1.131353 -0.049233
v 1.186034 1.134099 -0.051238
v 1.186149 1.136305 -0.053891
v 1.185947 1.137822 -0.057011
v 1.198803 1.119131 -0.050983
v 1.202085 1.131835 -0.064126
v 1.200208 1.122158 -0.051445
v 1.201348 1.125057 -0.052766
v 1.202147 1.127632 -0.054857
v 1.202549 1.129707 -0.057576
v 1.202528 1.131140 -0.060738
v 1.212543 1.110980 -0.054304
v 1.217444 1.122551 -0.067853
v 1.214367 1.113713 -0.054871
v 1.215898 1.116339 -0.056290
v 1.217032 1.118680 -0.058466
v 1.217692 1.120575 -0.061249
v 1.217833 1.121895 -0.064451
v 1.224872 1.100752 -0.057544
v 1.231142 1.110922 -0.071476
v 1.227050 1.103123 -0.058209
v 1.228912 1.105411 -0.059721
v 1.230329 1.107461 -0.061976
v 1.231207 1.109133 -0.064821
v 1.231484 1.110314 -0.068061
v 1.235510 1.088687 -0.060627
v 1.242842 1.097234 -0.074904
v 1.237963 1.090638 -0.061382
v 1.240080 1.092534 -0.062977
v 1.241718 1.094248 -0.065303
v 1.242764 1.095663 -0.068203
v 1.243147 1.096681 -0.071478
v 1.244223 1.075060 -0.063486
v 1.252254 1.081824 -0.078054
v 1.246857 1.076549 -0.064316
v 1.249143 1.078015 -0.065981
v 1.250925 1.079360 -0.068368
v 1.252082 1.080491 -0.071314
v 1.252536 1.081331 -0.074617
v 1.250828 1.060172 -0.066059
v 1.259148 1.065070 -0.080848
v 1.253537 1.061178 -0.066946
v 1.255892 1.062195 -0.068665
v 1.257735 1.063153 -0.071097
v 1.258938 1.063988 -0.074078
v 1.259420 1.064642 -0.077404
v 1.255198 1.044339 -0.068294
v 1.263353 1.047387 -0.083217
v 1.257864 1.044866 -0.069216
v 1.260180 1.045437 -0.070966
v 1.261988 1.046012 -0.073426
v 1.263165 1.046552 -0.076428
v 1.263631 1.047022 -0.079768
v 1.257290 1.027482 -0.070190
v 1.264766 1.029209 -0.085102
v 1.259781 1.027667 -0.071109
v 1.261933 1.027919 -0.072857
v 1.263600 1.028221 -0.075315
v 1.264669 1.028551 -0.078315
v 1.265067 1.028888 -0.081653
v -1.138660 -0.533328 0.156046
v -1.140615 -0.518842 0.144051
v -1.139282 -0.532573 0.152697
v -1.139827 -0.530961 0.149650
v -1.140257 -0.528603 0.147113
v -1.140542 -0.525659 0.145260
v -1.140665 -0.522330 0.144215
v -1.150603 -0.518212 0.145994
v -1.150193 -0.532601 0.158289
v -1.151052 -0.521674 0.146235
v -1.151302 -0.524980 0.147352
v -1.151336 -0.527904 0.149268
v -1.151152 -0.530247 0.151853
v -1.150762 -0.531849 0.154929
v -1.157746 -0.516593 0.147487
v -1.159347 -0.530526 0.160203
v -1.158716 -0.519937 0.147838
v -1.159451 -0.523133 0.149056
v -1.159902 -0.525963 0.151059
v -1.160037 -0.528233 0.153710
v -1.159848 -0.529790 0.156829
v -1.164534 -0.513856 0.149013
v -1.168045 -0.527020 0.162158
v -1.165998 -0.517002 0.149474
v -1.167194 -0.520012 0.150796
v -1.168040 -0.522682 0.152888
v -1.168479 -0.524830 0.155608
v -1.168481 -0.526309 0.158769
v -1.170799 -0.510070 0.150533
v -1.176072 -0.522168 0.164106
v -1.172719 -0.512939 0.151105
v -1.174340 -0.515693 0.152530
v -1.175551 -0.518142 0.154711
v -1.176270 -0.520121 0.157498
v -1.176448 -0.521494 0.160703
v -1.176385 -0.505327 0.152010
v -1.183231 -0.516090 0.165999
v -1.178712 -0.507851 0.152690
v -1.180713 -0.510282 0.154216
v -1.182250 -0.512455 0.156482
v -1.183218 -0.514222 0.159336
v -1.183553 -0.515462 0.162582
v -1.181157 -0.499744 0.153409
v -1.189345 -0.508936 0.167791
v -1.183832 -0.501862 0.154191
v -1.186156 -0.503914 0.155811
v -1.187971 -0.505762 0.158159
v -1.189153 -0.507279 0.161075
v -1.189622 -0.508361 0.164360
v -1.184996 -0.493459 0.154693
v -1.194264 -0.500883 0.169437
v -1.187950 -0.495119 0.155569
v -1.190535 -0.496745 0.157276
v -1.192573 -0.498226 0.159699
v -1.193927 -0.499462 0.162673
v -1.194504 -0.500368 0.165994
v -1.187807 -0.486627 0.155833
v -1.197867 -0.492127 0.170897
v -1.190966 -0.487789 0.156791
v -1.193742 -0.488951 0.158576
v -1.195944 -0.490034 0.161065
v -1.197424 -0.490964 0.164090
v -1.198080 -0.491678 0.167443
v -1.189523 -0.479414 0.156799
v -1.200065 -0.482885 0.172135
v -1.192807 -0.480051 0.157828
v -1.195698 -0.480723 0.159678
v -1.198001 -0.481386 0.162224
v -1.199557 -0.481994 0.165291
v -1.200261 -0.482505 0.168672
v -1.190309 -0.469305 0.157847
v -1.200973 -0.471212 0.173345
v -1.193624 -0.469536 0.158918
v -1.196545 -0.469832 0.160808
v -1.198873 -0.470171 0.163387
v -1.200449 -0.470530 0.166480
v -1.201165 -0.470885 0.169877
v -1.150193 1.055486 0.299683
v -1.150603 1.043496 0.285039
v -1.150762 1.055339 0.296244
v -1.151152 1.054306 0.292932
v -1.151336 1.052457 0.289975
v -1.151302 1.049917 0.287572
v -1.151052 1.046861 0.285889
v -1.140615 1.044459 0.283238
v -1.138660 1.056598 0.297604
v -1.140665 1.047863 0.284016
v -1.140542 1.050955 0.285632
v -1.140257 1.053525 0.287977
v -1.139827 1.055398 0.290890
v -1.139282 1.056446 0.294174
v -1.159347 1.053106 0.301200
v -1.157746 1.041638 0.286223
v -1.159848 1.052977 0.297749
v -1.160037 1.051996 0.294405
v -1.159902 1.050230 0.291394
v -1.159451 1.047798 0.288923
v -1.158716 1.044868 0.287159
v -1.168045 1.049309 0.302505
v -1.164534 1.038675 0.287241
v -1.168481 1.049209 0.299044
v -1.168479 1.048311 0.295671
v -1.168040 1.046677 0.292615
v -1.167194 1.044419 0.290084
v -1.165998 1.041690 0.288251
v -1.176072 1.044190 0.303565
v -1.170799 1.034680 0.288069
v -1.176448 1.044127 0.300097
v -1.176270 1.043342 0.296700
v -1.175551 1.041887 0.293607
v -1.174340 1.039861 0.291028
v -1.172719 1.037403 0.289139
v -1.183231 1.037873 0.304355
v -1.176385 1.029751 0.288685
v -1.183553 1.037858 0.300880
v -1.183218 1.037211 0.297467
v -1.182250 1.035977 0.294346
v -1.180713 1.034238 0.291731
v -1.178712 1.032115 0.289800
v -1.189345 1.030515 0.304855
v -1.181157 1.024009 0.289075
v -1.189622 1.030555 0.301376
v -1.189153 1.030070 0.297952
v -1.187971 1.029092 0.294813
v -1.186156 1.027688 0.292176
v -1.183832 1.025954 0.290219
v -1.194264 1.022297 0.305052
v -1.184996 1.017595 0.289229
v -1.194504 1.022399 0.301572
v -1.193927 1.022094 0.298143
v -1.192573 1.021403 0.294998
v -1.190535 1.020373 0.292352
v -1.187950 1.019074 0.290384
v -1.197867 1.013422 0.304942
v -1.187807 1.010669 0.289143
v -1.198080 1.013590 0.301463
v -1.197424 1.013479 0.298037
v -1.195944 1.013098 0.294895
v -1.193742 1.012472 0.292254
v -1.190966 1.011644 0.290292
v -1.200065 1.004107 0.304528
v -1.189523 1.003399 0.288820
v -1.200261 1.004344 0.301052
v -1.199557 1.004438 0.297635
v -1.198001 1.004382 0.294508
v -1.195698 1.004179 0.291885
v -1.192807 1.003844 0.289945
v -1.200973 0.992403 0.303657
v -1.190309 0.993263 0.288066
v -1.201165 0.992694 0.300186
v -1.200449 0.992945 0.296780
v -1.198873 0.993137 0.293671
v -1.196545 0.993260 0.291073
v -1.193624 0.993303 0.289161
v 1.146019 -0.494291 -0.271989
v 1.141487 -0.479971 -0.283512
v 1.145310 -0.493542 -0.275322
v 1.144508 -0.491946 -0.278321
v 1.143668 -0.489615 -0.280783
v 1.142849 -0.486705 -0.282539
v 1.142105 -0.483416 -0.283470
v 1.131500 -0.480935 -0.281711
v 1.134487 -0.495404 -0.269910
v 1.131718 -0.484418 -0.281597
v 1.132089 -0.487743 -0.280599
v 1.132589 -0.490683 -0.278786
v 1.133182 -0.493039 -0.276280
v 1.133830 -0.494649 -0.273252
v 1.155174 -0.491911 -0.273506
v 1.148631 -0.478114 -0.284696
v 1.154395 -0.491179 -0.276828
v 1.153392 -0.489636 -0.279794
v 1.152234 -0.487388 -0.282203
v 1.150998 -0.484586 -0.283890
v 1.149769 -0.481423 -0.284740
v 1.163872 -0.488114 -0.274811
v 1.155419 -0.475151 -0.285714
v 1.163028 -0.487411 -0.278123
v 1.161834 -0.485951 -0.281060
v 1.160372 -0.483835 -0.283423
v 1.158741 -0.481206 -0.285051
v 1.157051 -0.478244 -0.285832
v 1.171899 -0.482995 -0.275871
v 1.161683 -0.471155 -0.286541
v 1.170995 -0.482330 -0.279175
v 1.169626 -0.480982 -0.282089
v 1.167883 -0.479045 -0.284416
v 1.165887 -0.476649 -0.285995
v 1.163772 -0.473958 -0.286720
v 1.179058 -0.476678 -0.276661
v 1.167270 -0.466226 -0.287158
v 1.178101 -0.476060 -0.279959
v 1.176574 -0.474852 -0.282856
v 1.174582 -0.473135 -0.285154
v 1.172259 -0.471026 -0.286698
v 1.169765 -0.468670 -0.287381
v 1.185172 -0.469321 -0.277160
v 1.172042 -0.460484 -0.287547
v 1.184169 -0.468758 -0.280455
v 1.182508 -0.467710 -0.283341
v 1.180303 -0.466250 -0.285622
v 1.177702 -0.464476 -0.287143
v 1.174885 -0.462510 -0.287800
v 1.190091 -0.461103 -0.277358
v 1.175880 -0.454071 -0.287702
v 1.189052 -0.460601 -0.280651
v 1.187283 -0.459734 -0.283533
v 1.184905 -0.458561 -0.285807
v 1.182081 -0.457160 -0.287319
v 1.179003 -0.455629 -0.287965
v 1.193694 -0.452227 -0.277248
v 1.178692 -0.447145 -0.287616
v 1.192627 -0.451792 -0.280542
v 1.190779 -0.451120 -0.283426
v 1.188276 -0.450256 -0.285704
v 1.185288 -0.449259 -0.287221
v 1.182019 -0.448198 -0.287873
v 1.195892 -0.442912 -0.276834
v 1.180407 -0.439875 -0.287293
v 1.194809 -0.442546 -0.280131
v 1.192913 -0.442079 -0.283024
v 1.190333 -0.441540 -0.285316
v 1.187245 -0.440967 -0.286852
v 1.183859 -0.440399 -0.287526
v 1.196799 -0.431208 -0.275963
v 1.181193 -0.429739 -0.286539
v 1.195712 -0.430896 -0.279264
v 1.193804 -0.430585 -0.282169
v 1.191205 -0.430295 -0.284480
v 1.188092 -0.430047 -0.286040
v 1.184677 -0.429857 -0.286742
v 1.134487 1.094523 -0.128352
v 1.131500 1.082366 -0.142524
v 1.133830 1.094370 -0.131775
v 1.133182 1.093321 -0.135039
v 1.132589 1.091445 -0.137922
v 1.132089 1.088871 -0.140227
v 1.131718 1.085775 -0.141796
v 1.141487 1.081736 -0.144466
v 1.146019 1.093796 -0.130595
v 1.142105 1.085119 -0.143816
v 1.142849 1.088192 -0.142319
v 1.143668 1.090746 -0.140077
v 1.144508 1.092606 -0.137242
v 1.145310 1.093647 -0.134008
v 1.148631 1.080117 -0.145960
v 1.155174 1.091721 -0.132508
v 1.149769 1.083382 -0.145419
v 1.150998 1.086345 -0.144023
v 1.152234 1.088805 -0.141867
v 1.153392 1.090593 -0.139099
v 1.154395 1.091587 -0.135907
v 1.155419 1.077381 -0.147485
v 1.163872 1.088214 -0.134463
v 1.157051 1.080447 -0.147055
v 1.158741 1.083224 -0.145763
v 1.160372 1.085524 -0.143697
v 1.161834 1.087189 -0.140997
v 1.163028 1.088107 -0.137848
v 1.161683 1.073594 -0.149006
v 1.171899 1.083363 -0.136412
v 1.163772 1.076385 -0.148686
v 1.165887 1.078905 -0.147497
v 1.167883 1.080984 -0.145520
v 1.169626 1.082480 -0.142888
v 1.170995 1.083292 -0.139781
v 1.167270 1.068852 -0.150483
v 1.179058 1.077285 -0.138305
v 1.169765 1.071296 -0.150271
v 1.172259 1.073495 -0.149183
v 1.174582 1.075297 -0.147291
v 1.176574 1.076582 -0.144725
v 1.178101 1.077259 -0.141660
v 1.172042 1.063269 -0.151881
v 1.185172 1.070131 -0.140097
v 1.174885 1.065307 -0.151772
v 1.177702 1.067126 -0.150778
v 1.180303 1.068604 -0.148968
v 1.182508 1.069638 -0.146464
v 1.184169 1.070159 -0.143438
v 1.175880 1.056984 -0.153166
v 1.190091 1.062077 -0.141743
v 1.179003 1.058564 -0.153150
v 1.182081 1.059957 -0.152243
v 1.184905 1.061068 -0.150508
v 1.187283 1.061821 -0.148062
v 1.189052 1.062166 -0.145072
v 1.178692 1.050151 -0.154305
v 1.193694 1.053322 -0.143203
v 1.182019 1.051234 -0.154372
v 1.185288 1.052163 -0.153543
v 1.188276 1.052876 -0.151874
v 1.190779 1.053324 -0.149479
v 1.192627 1.053476 -0.146521
v 1.180407 1.042939 -0.155271
v 1.195892 1.044080 -0.144441
v 1.183859 1.043496 -0.155409
v 1.187245 1.043936 -0.154645
v 1.190333 1.044228 -0.153032
v 1.192913 1.044353 -0.150680
v 1.194809 1.044303 -0.147750
v 1.181193 1.032829 -0.156320
v 1.196799 1.032407 -0.145651
v 1.184677 1.032982 -0.156499
v 1.188092 1.033044 -0.155775
v 1.191205 1.033013 -0.154195
v 1.193804 1.032890 -0.151870
v 1.195712 1.032683 -0.148955
v -1.140615 -0.518842 0.144051
v -1.138660 -0.533328 0.156046
v -1.140665 -0.522330 0.144215
v -1.140542 -0.525659 0.145260
v -1.140257 -0.528603 0.147113
v -1.139827 -0.530961 0.149650
v -1.139282 -0.532573 0.152697
v -1.150193 -0.532601 0.158289
v -1.150603 -0.518212 0.145994
v -1.150762 -0.531849 0.154929
v -1.151152 -0.530247 0.151853
v -1.151336 -0.527904 0.149268
v -1.151302 -0.524980 0.147352
v -1.151052 -0.521674 0.146235
v -1.159347 -0.530526 0.160203
v -1.157746 -0.516593 0.147487
v -1.159848 -0.529790 0.156829
v -1.160037 -0.528233 0.153710
v -1.159902 -0.525963 0.151059
v -1.159451 -0.523133 0.149056
v -1.158716 -0.519937 0.147838
v -1.168045 -0.527020 0.162158
v -1.164534 -0.513856 0.149013
v -1.168481 -0.526309 0.158769
v -1.168479 -0.524830 0.155608
v -1.168040 -0.522682 0.152888
v -1.167194 -0.520012 0.150796
v -1.165998 -0.517002 0.149474
v -1.176072 -0.522168 0.164106
v -1.170799 -0.510070 0.150533
v -1.176448 -0.521494 0.160703
v -1.176270 -0.520121 0.157498
v -1.175551 -0.518142 0.154711
v -1.174340 -0.515693 0.152530
v -1.172719 -0.512939 0.151105
v -1.183231 -0.516090 0.165999
v -1.176385 -0.505327 0.152010
v -1.183553 -0.515462 0.162582
v -1.183218 -0.514222 0.159336
v -1.182250 -0.512455 0.156482
v -1.180713 -0.510282 0.154216
v -1.178712 -0.507851 0.152690
v -1.189345 -0.508936 0.167791
v -1.181157 -0.499744 0.153409
v -1.189622 -0.508361 0.164360
v -1.189153 -0.507279 0.161075
v -1.187971 -0.505762 0.158159
v -1.186156 -0.503914 0.155811
v -1.183832 -0.501862 0.154191
v -1.194264 -0.500883 0.169437
v -1.184996 -0.493459 0.154693
v -1.194504 -0.500368 0.165994
v -1.193927 -0.499462 0.162673
v -1.192573 -0.498226 0.159699
v -1.190535 -0.496745 0.157276
v -1.187950 -0.495119 0.155569
v -1.197867 -0.492127 0.170897
v -1.187807 -0.486627 0.155833
v -1.198080 -0.491678 0.167443
v -1.197424 -0.490964 0.164090
v -1.195944 -0.490034 0.161065
v -1.193742 -0.488951 0.158576
v -1.190966 -0.487789 0.156791
v -1.200065 -0.482885 0.172135
v -1.189523 -0.479414 0.156799
v -1.200261 -0.482505 0.168672
v -1.199557 -0.481994 0.165291
v -1.198001 -0.481386 0.162224
v -1.195698 -0.480723 0.159678
v -1.192807 -0.480051 0.157828
v -1.200973 -0.471212 0.173345
v -1.190309 -0.469305 0.157847
v -1.201165 -0.470885 0.169877
v -1.200449 -0.470530 0.166480
v -1.198873 -0.470171 0.163387
v -1.196545 -0.469832 0.160808
v -1.193624 -0.469536 0.158918
v -1.150603 1.043496 0.285039
v -1.150193 1.055486 0.299683
v -1.151052 1.046861 0.285889
v -1.151302 1.049917 0.287572
v -1.151336 1.052457 0.289975
v -1.151152 1.054306 0.292932
v -1.150762 1.055339 0.296244
v -1.138660 1.056598 0.297604
v -1.140615 1.044459 0.283238
v -1.139282 1.056446 0.294174
v -1.139827 1.055398 0.290890
v -1.140257 1.053525 0.287977
v -1.140542 1.050955 0.285632
v -1.140665 1.047863 0.284016
v -1.157746 1.041638 0.286223
v -1.159347 1.053106 0.301200
v -1.158716 1.044868 0.287159
v -1.159451 1.047798 0.288923
v -1.159902 1.050230 0.291394
v -1.160037 1.051996 0.294405
v -1.159848 1.052977 0.297749
v -1.164534 1.038675 0.287241
v -1.168045 1.049309 0.302505
v -1.165998 1.041690 0.288251
v -1.167194 1.044419 0.290084
v -1.168040 1.046677 0.292615
v -1.168479 1.048311 0.295671
v -1.168481 1.049209 0.299044
v -1.170799 1.034680 0.288069
v -1.176072 1.044190 0.303565
v -1.172719 1.037403 0.289139
v -1.174340 1.039861 0.291028
v -1.175551 1.041887 0.293607
v -1.176270 1.043342 0.296700
v -1.176448 1.044127 0.300097
v -1.176385 1.029751 0.288685
v -1.183231 1.037873 0.304355
v -1.178712 1.032115 0.289800
v -1.180713 1.034238 0.291731
v -1.182250 1.035977 0.294346
v -1.183218 1.037211 0.297467
v -1.183553 1.037858 0.300880
v -1.181157 1.024009 0.289075
v -1.189345 1.030515 0.304855
v -1.183832 1.025954 0.290219
v -1.186156 1.027688 0.292176
v -1.187971 1.029092 0.294813
v -1.189153 1.030070 0.297952
v -1.189622 1.030555 0.301376
v -1.184996 1.017595 0.289229
v -1.194264 1.022297 0.305052
v -1.187950 1.019074 0.290384
v -1.190535 1.020373 0.292352
v -1.192573 1.021403 0.294998
v -1.193927 1.022094 0.298143
v -1.194504 1.022399 0.301572
v -1.187807 1.010669 0.289143
v -1.197867 1.013422 0.304942
v -1.190966 1.011644 0.290292
v -1.193742 1.012472 0.292254
v -1.195944 1.013098 0.294895
v -1.197424 1.013479 0.298037
v -1.198080 1.013590 0.301463
v -1.189523 1.003399 0.288820
v -1.200065 1.004107 0.304528
v -1.192807 1.003844 0.289945
v -1.195698 1.004179 0.291885
v -1.198001 1.004382 0.294508
v -1.199557 1.004438 0.297635
v -1.200261 1.004344 0.301052
v -1.190309 0.993263 0.288066
v -1.200973 0.992403 0.303657
v -1.193624 0.993303 0.289161
v -1.196545 0.993260 0.291073
v -1.198873 0.993137 0.293671
v -1.200449 0.992945 0.296780
v -1.201165 0.992694 0.300186
v 1.141487 -0.479971 -0.283512
v 1.146019 -0.494291 -0.271989
v 1.142105 -0.483416 -0.283470
v 1.142849 -0.486705 -0.282539
v 1.143668 -0.489615 -0.280783
v 1.144508 -0.491946 -0.278321
v 1.145310 -0.493542 -0.275322
v 1.134487 -0.495404 -0.269910
v 1.131500 -0.480935 -0.281711
v 1.133830 -0.494649 -0.273252
v 1.133182 -0.493039 -0.276280
v 1.132589 -0.490683 -0.278786
v 1.132089 -0.487743 -0.280599
v 1.131718 -0.484418 -0.281597
v 1.148631 -0.478114 -0.284696
v 1.155174 -0.491911 -0.273506
v 1.149769 -0.481423 -0.284740
v 1.150998 -0.484586 -0.283890
v 1.152234 -0.487388 -0.282203
v 1.153392 -0.489636 -0.279794
v 1.154395 -0.491179 -0.276828
v 1.155419 -0.475151 -0.285714
v 1.163872 -0.488114 -0.274811
v 1.157051 -0.478244 -0.285832
v 1.158741 -0.481206 -0.285051
v 1.160372 -0.483835 -0.283423
v 1.161834 -0.485951 -0.281060
v 1.163028 -0.487411 -0.278123
v 1.161683 -0.471155 -0.286541
v 1.171899 -0.482995 -0.275871
v 1.163772 -0.473958 -0.286720
v 1.165887 -0.476649 -0.285995
v 1.167883 -0.479045 -0.284416
v 1.169626 -0.480982 -0.282089
v 1.170995 -0.482330 -0.279175
v 1.167270 -0.466226 -0.287158
v 1.179058 -0.476678 -0.276661
v 1.169765 -0.468670 -0.287381
v 1.172259 -0.471026 -0.286698
v 1.174582 -0.473135 -0.285154
v 1.176574 -0.474852 -0.282856
v 1.178101 -0.476060 -0.279959
v 1.172042 -0.460484 -0.287547
v 1.185172 -0.469321 -0.277160
v 1.174885 -0.462510 -0.287800
v 1.177702 -0.464476 -0.287143
v 1.180303 -0.466250 -0.285622
v 1.182508 -0.467710 -0.283341
v 1.184169 -0.468758 -0.280455
v 1.175880 -0.454071 -0.287702
v 1.190091 -0.461103 -0.277358
v 1.179003 -0.455629 -0.287965
v 1.182081 -0.457160 -0.287319
v 1.184905 -0.458561 -0.285807
v 1.187283 -0.459734 -0.283533
v 1.189052 -0.460601 -0.280651
v 1.178692 -0.447145 -0.287616
v 1.193694 -0.452227 -0.277248
v 1.182019 -0.448198 -0.287873
v 1.185288 -0.449259 -0.287221
v 1.188276 -0.450256 -0.285704
v 1.190779 -0.451120 -0.283426
v 1.192627 -0.451792 -0.280542
v 1.180407 -0.439875 -0.287293
v 1.195892 -0.442912 -0.276834
v 1.183859 -0.440399 -0.287526
v 1.187245 -0.440967 -0.286852
v 1.190333 -0.441540 -0.285316
v 1.192913 -0.442079 -0.283024
v 1.194809 -0.442546 -0.280131
v 1.181193 -0.429739 -0.286539
v 1.196799 -0.431208 -0.275963
v 1.184677 -0.429857 -0.286742
v 1.188092 -0.430047 -0.286040
v 1.191205 -0.430295 -0.284480
v 1.193804 -0.430585 -0.282169
v 1.195712 -0.430896 -0.279264
v 1.131500 1.082366 -0.142524
v 1.134487 1.094523 -0.128352
v 1.131718 1.085775 -0.141796
v 1.132089 1.088871 -0.140227
v 1.132589 1.091445 -0.137922
v 1.133182 1.093321 -0.135039
v 1.133830 1.094370 -0.131775
v 1.146019 1.093796 -0.130595
v 1.141487 1.081736 -0.144466
v 1.145310 1.093647 -0.134008
v 1.144508 1.092606 -0.137242
v 1.143668 1.090746 -0.140077
v 1.142849 1.088192 -0.142319
v 1.142105 1.085119 -0.143816
v 1.155174 1.091721 -0.132508
v 1.148631 1.080117 -0.145960
v 1.154395 1.091587 -0.135907
v 1.153392 1.090593 -0.139099
v 1.152234 1.088805 -0.141867
v 1.150998 1.086345 -0.144023
v 1.149769 1.083382 -0.145419
v 1.163872 1.088214 -0.134463
v 1.155419 1.077381 -0.147485
v 1.163028 1.088107 -0.137848
v 1.161834 1.087189 -0.140997
v 1.160372 1.085524 -0.143697
v 1.158741 1.083224 -0.145763
v 1.157051 1.080447 -0.147055
v 1.171899 1.083363 -0.136412
v 1.161683 1.073594 -0.149006
v 1.170995 1.083292 -0.139781
v 1.169626 1.082480 -0.142888
v 1.167883 1.080984 -0.145520
v 1.165887 1.078905 -0.147497
v 1.163772 1.076385 -0.148686
v 1.179058 1.077285 -0.138305
v 1.167270 1.068852 -0.150483
v 1.178101 1.077259 -0.141660
v 1.176574 1.076582 -0.144725
v 1.174582 1.075297 -0.147291
v 1.172259 1.073495 -0.149183
v 1.169765 1.071296 -0.150271
v 1.185172 1.070131 -0.140097
v 1.172042 1.063269 -0.151881
v 1.184169 1.070159 -0.143438
v 1.182508 1.069638 -0.146464
v 1.180303 1.068604 -0.148968
v 1.177702 1.067126 -0.150778
v 1.174885 1.065307 -0.151772
v 1.190091 1.062077 -0.141743
v 1.175880 1.056984 -0.153166
v 1.189052 1.062166 -0.145072
v 1.187283 1.061821 -0.148062
v 1.184905 1.061068 -0.150508
v 1.182081 1.059957 -0.152243
v 1.179003 1.058564 -0.153150
v 1.193694 1.053322 -0.143203
v 1.178692 1.050151 -0.154305
v 1.192627 1.053476 -0.146521
v 1.190779 1.053324 -0.149479
v 1.188276 1.052876 -0.151874
v 1.185288 1.052163 -0.153543
v 1.182019 1.051234 -0.154372
v 1.195892 1.044080 -0.144441
v 1.180407 1.042939 -0.155271
v 1.194809 1.044303 -0.147750
v 1.192913 1.044353 -0.150680
v 1.190333 1.044228 -0.153032
v 1.187245 1.043936 -0.154645
v 1.183859 1.043496 -0.155409
v 1.196799 1.032407 -0.145651
v 1.181193 1.032829 -0.156320
v 1.195712 1.032683 -0.148955
v 1.193804 1.032890 -0.151870
v 1.191205 1.033013 -0.154195
v 1.188092 1.033044 -0.155775
v 1.184677 1.032982 -0.156499
v -1.127350 -0.538660 0.215929
v -1.124363 -0.526503 0.230101
v -1.126693 -0.538507 0.219352
v -1.126046 -0.537458 0.222617
v -1.125452 -0.535582 0.225499
v -1.124952 -0.533008 0.227804
v -1.124581 -0.529912 0.229373
v -1.134351 -0.525873 0.232043
v -1.138882 -0.537933 0.218172
v -1.134968 -0.529256 0.231394
v -1.135712 -0.532329 0.229897
v -1.136531 -0.534883 0.227654
v -1.137371 -0.536743 0.224819
v -1.138173 -0.537783 0.221585
v -1.141494 -0.524254 0.233537
v -1.148037 -0.535858 0.220086
v -1.142632 -0.527519 0.232996
v -1.143861 -0.530482 0.231600
v -1.145097 -0.532942 0.229445
v -1.146256 -0.534730 0.226677
v -1.147258 -0.535724 0.223484
v -1.148282 -0.521518 0.235062
v -1.156735 -0.532351 0.222041
v -1.149914 -0.524584 0.234633
v -1.151604 -0.527361 0.233340
v -1.153235 -0.529661 0.231274
v -1.154698 -0.531326 0.228574
v -1.155891 -0.532244 0.225425
v -1.154546 -0.517731 0.236583
v -1.164762 -0.527500 0.223989
v -1.156635 -0.520521 0.236264
v -1.158750 -0.523042 0.235075
v -1.160746 -0.525121 0.233097
v -1.162489 -0.526617 0.230465
v -1.163858 -0.527429 0.227358
v -1.160133 -0.512989 0.238060
v -1.171921 -0.521422 0.225882
v -1.162629 -0.515433 0.237849
v -1.165123 -0.517632 0.236760
v -1.167445 -0.519434 0.234868
v -1.169437 -0.520719 0.232302
v -1.170964 -0.521396 0.229237
v -1.164905 -0.507406 0.239459
v -1.178035 -0.514268 0.227674
v -1.167748 -0.509444 0.239349
v -1.170565 -0.511263 0.238355
v -1.173166 -0.512741 0.236545
v -1.175372 -0.513775 0.234041
v -1.177032 -0.514296 0.231016
v -1.168744 -0.501121 0.240743
v -1.182954 -0.506214 0.229320
v -1.171866 -0.502701 0.240727
v -1.174945 -0.504094 0.239820
v -1.177769 -0.505205 0.238085
v -1.180146 -0.505958 0.235639
v -1.181915 -0.506303 0.232650
v -1.171555 -0.494288 0.241882
v -1.186557 -0.497459 0.230780
v -1.174882 -0.495371 0.241949
v -1.178151 -0.496300 0.241120
v -1.181139 -0.497013 0.239451
v -1.183643 -0.497460 0.237056
v -1.185490 -0.497613 0.234099
v -1.173270 -0.487076 0.242849
v -1.188755 -0.488217 0.232018
v -1.176723 -0.487633 0.242986
v -1.180108 -0.488073 0.242222
v -1.183196 -0.488365 0.240609
v -1.185776 -0.488490 0.238258
v -1.187672 -0.488440 0.235327
v -1.174056 -0.476966 0.243897
v -1.189662 -0.476544 0.233229
v -1.177540 -0.477118 0.244076
v -1.180955 -0.477181 0.243352
v -1.184068 -0.477150 0.241773
v -1.186667 -0.477027 0.239447
v -1.188575 -0.476820 0.236532
v -1.138882 1.050154 0.359566
v -1.134351 1.035834 0.371089
v -1.138173 1.049405 0.362899
v -1.137371 1.047810 0.365899
v -1.136531 1.045478 0.368360
v -1.135712 1.042568 0.370116
v -1.134968 1.039279 0.371047
v -1.124363 1.036798 0.369288
v -1.127350 1.051267 0.357487
v -1.124581 1.040281 0.369174
v -1.124952 1.043606 0.368177
v -1.125452 1.046546 0.366363
v -1.126046 1.048902 0.363857
v -1.126693 1.050512 0.360830
v -1.148037 1.047774 0.361083
v -1.141494 1.033977 0.372273
v -1.147258 1.047042 0.364405
v -1.146256 1.045499 0.367371
v -1.145097 1.043251 0.369780
v -1.143861 1.040449 0.371467
v -1.142632 1.037286 0.372317
v -1.156735 1.043977 0.362388
v -1.148282 1.031014 0.373291
v -1.155891 1.043274 0.365700
v -1.154698 1.041814 0.368637
v -1.153235 1.039698 0.371001
v -1.151604 1.037069 0.372628
v -1.149914 1.034108 0.373409
v -1.164762 1.038858 0.363448
v -1.154546 1.027019 0.374118
v -1.163858 1.038193 0.366752
v -1.162489 1.036846 0.369667
v -1.160746 1.034908 0.371993
v -1.158750 1.032512 0.373572
v -1.156635 1.029821 0.374297
v -1.171921 1.032542 0.364238
v -1.160133 1.022089 0.374735
v -1.170964 1.031924 0.367536
v -1.169437 1.030715 0.370433
v -1.167445 1.028998 0.372732
v -1.165123 1.026889 0.374275
v -1.162629 1.024533 0.374958
v -1.178035 1.025184 0.364738
v -1.164905 1.016347 0.375125
v -1.177032 1.024621 0.368032
v -1.175372 1.023573 0.370918
v -1.173166 1.022113 0.373199
v -1.170565 1.020339 0.374720
v -1.167748 1.018373 0.375377
v -1.182954 1.016966 0.364935
v -1.168744 1.009934 0.375279
v -1.181915 1.016464 0.368228
v -1.180146 1.015597 0.371110
v -1.177768 1.014424 0.373384
v -1.174944 1.013023 0.374896
v -1.171866 1.011492 0.375542
v -1.186557 1.008090 0.364825
v -1.171555 1.003008 0.375193
v -1.185490 1.007655 0.368119
v -1.183643 1.006983 0.371003
v -1.181139 1.006119 0.373281
v -1.178151 1.005123 0.374798
v -1.174882 1.004061 0.375450
v -1.188755 0.998775 0.364411
v -1.173270 0.995738 0.374870
v -1.187672 0.998410 0.367708
v -1.185776 0.997942 0.370601
v -1.183196 0.997403 0.372894
v -1.180108 0.996830 0.374429
v -1.176723 0.996262 0.375103
v -1.189662 0.987071 0.363540
v -1.174056 0.985602 0.374116
v -1.188575 0.986759 0.366841
v -1.186667 0.986448 0.369746
v -1.184068 0.986158 0.372057
v -1.180955 0.985910 0.373617
v -1.177540 0.985721 0.374319
v 1.157330 -0.499623 -0.212106
v 1.157740 -0.487633 -0.197462
v 1.157899 -0.499476 -0.208666
v 1.158289 -0.498443 -0.205355
v 1.158473 -0.496594 -0.202397
v 1.158439 -0.494054 -0.199995
v 1.158189 -0.490998 -0.198312
v 1.147752 -0.488596 -0.195661
v 1.145797 -0.500735 -0.210027
v 1.147802 -0.492000 -0.196439
v 1.147679 -0.495092 -0.198055
v 1.147393 -0.497662 -0.200400
v 1.146964 -0.499535 -0.203313
v 1.146419 -0.500583 -0.206597
v 1.166484 -0.497243 -0.213623
v 1.164883 -0.485775 -0.198646
v 1.166985 -0.497114 -0.210172
v 1.167174 -0.496133 -0.206827
v 1.167038 -0.494367 -0.203817
v 1.166588 -0.491935 -0.201345
v 1.165853 -0.489005 -0.199582
v 1.175182 -0.493446 -0.214928
v 1.171671 -0.482812 -0.199664
v 1.175617 -0.493345 -0.211467
v 1.175616 -0.492448 -0.208094
v 1.175177 -0.490814 -0.205038
v 1.174331 -0.488556 -0.202507
v 1.173135 -0.485826 -0.200674
v 1.183209 -0.488327 -0.215988
v 1.177936 -0.478817 -0.200491
v 1.183585 -0.488264 -0.212519
v 1.183407 -0.487479 -0.209123
v 1.182688 -0.486024 -0.206030
v 1.181477 -0.483998 -0.203451
v 1.179856 -0.481540 -0.201562
v 1.190368 -0.482010 -0.216778
v 1.183522 -0.473888 -0.201108
v 1.190690 -0.481995 -0.213303
v 1.190355 -0.481348 -0.209889
v 1.189386 -0.480114 -0.206769
v 1.187850 -0.478375 -0.204154
v 1.185849 -0.476252 -0.202223
v 1.196482 -0.474652 -0.217277
v 1.188294 -0.468146 -0.201498
v 1.196759 -0.474692 -0.213799
v 1.196290 -0.474207 -0.210374
v 1.195107 -0.473229 -0.207236
v 1.193292 -0.471825 -0.204599
v 1.190969 -0.470092 -0.202641
v 1.201401 -0.466434 -0.217475
v 1.192133 -0.461732 -0.201652
v 1.201641 -0.466536 -0.213995
v 1.201064 -0.466231 -0.210566
v 1.199710 -0.465540 -0.207421
v 1.197672 -0.464510 -0.204774
v 1.195087 -0.463211 -0.202807
v 1.205004 -0.457559 -0.217365
v 1.194944 -0.454806 -0.201566
v 1.205217 -0.457727 -0.213886
v 1.204561 -0.457616 -0.210459
v 1.203081 -0.457235 -0.207318
v 1.200879 -0.456609 -0.204677
v 1.198103 -0.455780 -0.202715
v 1.207202 -0.448243 -0.216951
v 1.196659 -0.447536 -0.201243
v 1.207398 -0.448481 -0.213475
v 1.206694 -0.448575 -0.210057
v 1.205138 -0.448519 -0.206931
v 1.202835 -0.448316 -0.204308
v 1.199943 -0.447981 -0.202368
v 1.208110 -0.436540 -0.216080
v 1.197446 -0.437400 -0.200489
v 1.208302 -0.436831 -0.212608
v 1.207585 -0.437082 -0.209202
v 1.206010 -0.437274 -0.206094
v 1.203682 -0.437397 -0.203496
v 1.200761 -0.437440 -0.201584
v 1.145797 1.089191 -0.068469
v 1.147752 1.074705 -0.056474
v 1.146419 1.088436 -0.065120
v 1.146964 1.086824 -0.062073
v 1.147393 1.084466 -0.059536
v 1.147679 1.081522 -0.057682
v 1.147802 1.078193 -0.056638
v 1.157740 1.074075 -0.058416
v 1.157330 1.088464 -0.070712
v 1.158189 1.077537 -0.058658
v 1.158439 1.080843 -0.059775
v 1.158473 1.083767 -0.061691
v 1.158289 1.086110 -0.064276
v 1.157899 1.087712 -0.067352
v 1.164883 1.072456 -0.059910
v 1.166484 1.086389 -0.072625
v 1.165853 1.075800 -0.060260
v 1.166588 1.078996 -0.061479
v 1.167038 1.081826 -0.063482
v 1.167174 1.084096 -0.066133
v 1.166985 1.085652 -0.069252
v 1.171671 1.069720 -0.061435
v 1.175182 1.082883 -0.074580
v 1.173135 1.072865 -0.061897
v 1.174331 1.075875 -0.063219
v 1.175177 1.078545 -0.065311
v 1.175616 1.080693 -0.068030
v 1.175617 1.082173 -0.071192
v 1.177936 1.065933 -0.062956
v 1.183209 1.078031 -0.076528
v 1.179856 1.068802 -0.063528
v 1.181477 1.071556 -0.064953
v 1.182688 1.074005 -0.067134
v 1.183407 1.075984 -0.069921
v 1.183585 1.077357 -0.073125
v 1.183522 1.061190 -0.064433
v 1.190368 1.071953 -0.078422
v 1.185849 1.063714 -0.065113
v 1.187850 1.066146 -0.066639
v 1.189386 1.068318 -0.068905
v 1.190355 1.070085 -0.071759
v 1.190690 1.071325 -0.075005
v 1.188294 1.055607 -0.065831
v 1.196482 1.064800 -0.080213
v 1.190969 1.057725 -0.066613
v 1.193292 1.059777 -0.068234
v 1.195107 1.061625 -0.070582
v 1.196290 1.063142 -0.073498
v 1.196759 1.064224 -0.076783
v 1.192133 1.049322 -0.067116
v 1.201401 1.056746 -0.081859
v 1.195087 1.050982 -0.067992
v 1.197671 1.052608 -0.069699
v 1.199710 1.054089 -0.072122
v 1.201064 1.055325 -0.075095
v 1.201641 1.056231 -0.078417
v 1.194944 1.042490 -0.068255
v 1.205004 1.047990 -0.083320
v 1.198103 1.043652 -0.069214
v 1.200879 1.044814 -0.070999
v 1.203081 1.045897 -0.073488
v 1.204561 1.046827 -0.076512
v 1.205217 1.047541 -0.079866
v 1.196659 1.035277 -0.069222
v 1.207202 1.038748 -0.084557
v 1.199943 1.035914 -0.070250
v 1.202835 1.036587 -0.072101
v 1.205138 1.037249 -0.074646
v 1.206694 1.037857 -0.077714
v 1.207398 1.038368 -0.081095
v 1.197446 1.025168 -0.070270
v 1.208110 1.027075 -0.085768
v 1.200761 1.025400 -0.071341
v 1.203682 1.025695 -0.073230
v 1.206010 1.026034 -0.075810
v 1.207585 1.026393 -0.078903
v 1.208302 1.026748 -0.082300
vt 0.364075 0.727482
vt 0.364075 0.522518
vt 0.365784 0.522518
vt 0.365784 0.727482
vt 0.613897 0.022518
vt 0.613897 0.227482
vt 0.611445 0.227482
vt 0.611445 0.022518
vt 0.134216 0.522518
vt 0.134216 0.727482
vt 0.132549 0.727482
vt 0.132549 0.522518
vt 0.135925 0.522518
vt 0.135925 0.727482
vt 0.130965 0.727482
vt 0.130965 0.522518
vt 0.129503 0.727482
vt 0.129503 0.522518
vt 0.125000 0.727482
vt 0.125000 0.522518
vt 0.375000 0.227482
vt 0.375000 0.022518
vt 0.381624 0.022518
vt 0.381624 0.227482
vt 0.383774 0.022518
vt 0.383774 0.227482
vt 0.386103 0.022518
vt 0.386103 0.227482
vt 0.388555 0.022518
vt 0.388555 0.227482
vt 0.608932 0.227482
vt 0.608932 0.022518
vt 0.391068 0.022518
vt 0.391068 0.227482
vt 0.635925 0.522518
vt 0.864075 0.522518
vt 0.864075 0.727482
vt 0.635925 0.727482
vt 0.382647 0.761129
vt 0.382774 0.760032
vt 0.382774 0.760032
vt 0.382647 0.761129
vt 0.865784 0.727482
vt 0.865784 0.522518
vt 0.867451 0.522518
vt 0.867451 0.727482
vt 0.869035 0.522518
vt 0.869035 0.727482
vt 0.870497 0.522518
vt 0.870497 0.727482
vt 0.875000 0.522518
vt 0.875000 0.727482
vt 0.625000 0.022518
vt 0.625000 0.227482
vt 0.618376 0.227482
vt 0.618376 0.022518
vt 0.616226 0.227482
vt 0.616226 0.022518
vt 0.386103 0.727482
vt 0.386103 0.522518
vt 0.388555 0.522518
vt 0.388555 0.727482
vt 0.634216 0.727482
vt 0.634216 0.522518
vt 0.367451 0.522518
vt 0.367451 0.727482
vt 0.369035 0.522518
vt 0.369035 0.727482
vt 0.370497 0.522518
vt 0.370497 0.727482
vt 0.375000 0.522518
vt 0.375000 0.727482
vt 0.381624 0.522518
vt 0.381624 0.727482
vt 0.383774 0.522518
vt 0.383774 0.727482
vt 0.391068 0.522518
vt 0.608932 0.522518
vt 0.608932 0.727482
vt 0.391068 0.727482
vt 0.611445 0.522518
vt 0.611445 0.727482
vt 0.632549 0.522518
vt 0.632549 0.727482
vt 0.630965 0.727482
vt 0.630965 0.522518
vt 0.629503 0.727482
vt 0.629503 0.522518
vt 0.625000 0.727482
vt 0.625000 0.522518
vt 0.618376 0.727482
vt 0.618376 0.522518
vt 0.616226 0.727482
vt 0.616226 0.522518
vt 0.613897 0.727482
vt 0.613897 0.522518
vt 0.384567 0.988766
vt 0.384567 0.761234
vt 0.384670 0.760267
vt 0.384907 0.759583
vt 0.385298 0.758935
vt 0.385834 0.758338
vt 0.386501 0.757807
vt 0.387283 0.757353
vt 0.388161 0.756988
vt 0.389115 0.756722
vt 0.390124 0.756560
vt 0.391556 0.756489
vt 0.608443 0.756488
vt 0.609876 0.756560
vt 0.610885 0.756722
vt 0.611839 0.756988
vt 0.612717 0.757353
vt 0.613499 0.757807
vt 0.614166 0.758338
vt 0.614702 0.758935
vt 0.615093 0.759583
vt 0.615330 0.760267
vt 0.615433 0.761234
vt 0.615433 0.988766
vt 0.615330 0.989733
vt 0.615093 0.990417
vt 0.614702 0.991065
vt 0.614166 0.991662
vt 0.613499 0.992193
vt 0.612717 0.992647
vt 0.611839 0.993012
vt 0.610885 0.993278
vt 0.609876 0.993440
vt 0.608443 0.993511
vt 0.391556 0.993511
vt 0.390124 0.993440
vt 0.389115 0.993278
vt 0.388161 0.993011
vt 0.387283 0.992647
vt 0.386501 0.992193
vt 0.385834 0.991662
vt 0.385298 0.991065
vt 0.384907 0.990417
vt 0.384670 0.989733
vt 0.382647 0.988871
vt 0.382647 0.988871
vt 0.617353 0.988871
vt 0.617226 0.989968
vt 0.617226 0.989968
vt 0.617353 0.988871
vt 0.383082 0.990839
vt 0.382774 0.989968
vt 0.382774 0.989968
vt 0.383082 0.990839
vt 0.383586 0.991667
vt 0.383586 0.991667
vt 0.384275 0.992431
vt 0.384275 0.992431
vt 0.385130 0.993112
vt 0.385130 0.993112
vt 0.386132 0.993694
vt 0.386132 0.993694
vt 0.387256 0.994162
vt 0.387256 0.994162
vt 0.388473 0.994505
vt 0.388473 0.994505
vt 0.608631 0.994801
vt 0.391369 0.994801
vt 0.391369 0.994801
vt 0.608631 0.994801
vt 0.617353 0.761129
vt 0.617353 0.761129
vt 0.616918 0.990840
vt 0.616414 0.991667
vt 0.616414 0.991667
vt 0.616918 0.990840
vt 0.615725 0.992431
vt 0.615725 0.992431
vt 0.614870 0.993112
vt 0.614870 0.993112
vt 0.613868 0.993694
vt 0.613868 0.993694
vt 0.612744 0.994162
vt 0.612744 0.994162
vt 0.611527 0.994505
vt 0.611527 0.994505
vt 0.610245 0.994714
vt 0.610245 0.994714
vt 0.146758 0.490045
vt 0.146792 0.488495
vt 0.148723 0.485138
vt 0.156727 0.475605
vt 0.200301 0.431011
vt 0.312566 0.321279
vt 0.359778 0.276544
vt 0.371551 0.266938
vt 0.377122 0.263602
vt 0.380832 0.262307
vt 0.617245 0.260398
vt 0.620220 0.260957
vt 0.623982 0.262484
vt 0.629493 0.265828
vt 0.641497 0.275353
vt 0.688621 0.319944
vt 0.797335 0.429678
vt 0.840548 0.474421
vt 0.848741 0.484041
vt 0.850584 0.487400
vt 0.850231 0.488750
vt 0.633432 0.499645
vt 0.631948 0.499664
vt 0.630446 0.499672
vt 0.628871 0.499677
vt 0.626790 0.499680
vt 0.623186 0.499682
vt 0.618902 0.499682
vt 0.616052 0.499682
vt 0.613780 0.499680
vt 0.611542 0.499674
vt 0.609231 0.499659
vt 0.390763 0.499659
vt 0.388452 0.499674
vt 0.386214 0.499680
vt 0.383943 0.499682
vt 0.381092 0.499683
vt 0.376808 0.499682
vt 0.373204 0.499680
vt 0.371123 0.499677
vt 0.369549 0.499672
vt 0.368046 0.499664
vt 0.366562 0.499646
vt 0.147847 0.490660
vt 0.389755 0.755286
vt 0.391369 0.755199
vt 0.391369 0.755199
vt 0.389755 0.755286
vt 0.383082 0.759161
vt 0.383586 0.758333
vt 0.383586 0.758333
vt 0.383082 0.759161
vt 0.384274 0.757569
vt 0.384274 0.757569
vt 0.385130 0.756888
vt 0.385130 0.756888
vt 0.386132 0.756306
vt 0.386132 0.756306
vt 0.387256 0.755838
vt 0.387256 0.755838
vt 0.388473 0.755495
vt 0.388473 0.755495
vt 0.608631 0.755199
vt 0.610245 0.755286
vt 0.610245 0.755286
vt 0.608631 0.755199
vt 0.611527 0.755495
vt 0.611527 0.755495
vt 0.616918 0.759161
vt 0.617226 0.760032
vt 0.617226 0.760032
vt 0.616918 0.759161
vt 0.616414 0.758333
vt 0.616414 0.758333
vt 0.615726 0.757569
vt 0.615726 0.757569
vt 0.614870 0.756888
vt 0.614870 0.756888
vt 0.613868 0.756306
vt 0.613868 0.756306
vt 0.612744 0.755838
vt 0.612744 0.755838
vt 0.389755 0.994714
vt 0.389755 0.994714
vt 0.389581 0.995461
vt 0.391320 0.995649
vt 0.391117 0.999152
vt 0.388729 0.999119
vt 0.618997 0.990159
vt 0.619145 0.988919
vt 0.623208 0.989027
vt 0.623031 0.990593
vt 0.381949 0.761111
vt 0.381949 0.988889
vt 0.375698 0.989056
vt 0.375698 0.760944
vt 0.382076 0.990044
vt 0.375896 0.990709
vt 0.388163 0.754844
vt 0.386836 0.755278
vt 0.384193 0.751750
vt 0.386414 0.751185
vt 0.616093 0.993944
vt 0.617146 0.993133
vt 0.620511 0.994795
vt 0.619070 0.995968
vt 0.382397 0.990991
vt 0.376471 0.992300
vt 0.389581 0.754539
vt 0.388729 0.750881
vt 0.614864 0.994627
vt 0.617379 0.996981
vt 0.608686 0.754252
vt 0.391320 0.754351
vt 0.391117 0.750848
vt 0.608877 0.750947
vt 0.382926 0.991896
vt 0.377412 0.993806
vt 0.613493 0.995162
vt 0.615478 0.997810
vt 0.383651 0.992739
vt 0.378692 0.995189
vt 0.619145 0.761081
vt 0.618998 0.759841
vt 0.623031 0.759407
vt 0.623208 0.760973
vt 0.612017 0.995532
vt 0.613406 0.998438
vt 0.384558 0.993501
vt 0.380278 0.996411
vt 0.618617 0.758785
vt 0.622515 0.757924
vt 0.610481 0.995726
vt 0.611210 0.998854
vt 0.385627 0.994167
vt 0.382129 0.997441
vt 0.617994 0.757785
vt 0.621668 0.756513
vt 0.608686 0.995747
vt 0.608877 0.999053
vt 0.386837 0.994722
vt 0.384193 0.998250
vt 0.617146 0.756867
vt 0.620511 0.755205
vt 0.382076 0.759957
vt 0.375896 0.759291
vt 0.388163 0.995155
vt 0.386414 0.998815
vt 0.616093 0.756056
vt 0.619070 0.754032
vt 0.382397 0.759009
vt 0.376471 0.757700
vt 0.614865 0.755373
vt 0.617380 0.753019
vt 0.382926 0.758104
vt 0.377412 0.756194
vt 0.613493 0.754838
vt 0.615478 0.752190
vt 0.383651 0.757261
vt 0.378692 0.754811
vt 0.612018 0.754468
vt 0.613406 0.751562
vt 0.384558 0.756499
vt 0.380278 0.753589
vt 0.618617 0.991215
vt 0.622515 0.992076
vt 0.610481 0.754274
vt 0.611210 0.751146
vt 0.385627 0.755833
vt 0.382129 0.752559
vt 0.617994 0.992215
vt 0.621668 0.993487
vt 0.144591 0.493265
vt 0.143254 0.492893
vt 0.141667 0.495573
vt 0.140153 0.495375
vt 0.135925 0.500000
vt 0.134216 0.500000
vt 0.135925 0.511259
vt 0.134216 0.511259
vt 0.135925 0.516690
vt 0.134216 0.516690
vt 0.375715 0.990728
vt 0.375518 0.989061
vt 0.375547 0.990747
vt 0.375349 0.989066
vt 0.375198 0.990784
vt 0.375003 0.989102
vt 0.135898 0.750000
vt 0.134216 0.750000
vt 0.134211 0.738741
vt 0.135913 0.738741
vt 0.134215 0.733310
vt 0.135922 0.733310
vt 0.142708 0.491885
vt 0.139150 0.494790
vt 0.132550 0.500000
vt 0.132549 0.511259
vt 0.132549 0.516690
vt 0.376294 0.992339
vt 0.376129 0.992375
vt 0.375786 0.992451
vt 0.375224 0.990858
vt 0.134142 0.750000
vt 0.132549 0.750000
vt 0.132525 0.738741
vt 0.132543 0.733310
vt 0.143385 0.489739
vt 0.138840 0.493593
vt 0.130966 0.500000
vt 0.130966 0.511259
vt 0.130965 0.516690
vt 0.377241 0.993865
vt 0.377081 0.993920
vt 0.376751 0.994035
vt 0.375854 0.992562
vt 0.132438 0.750000
vt 0.130965 0.750000
vt 0.130923 0.738741
vt 0.130954 0.733310
vt 0.147997 0.483484
vt 0.140574 0.490172
vt 0.129478 0.500000
vt 0.129492 0.511259
vt 0.129500 0.516690
vt 0.378531 0.995268
vt 0.378380 0.995343
vt 0.378069 0.995497
vt 0.376877 0.994174
vt 0.130825 0.750000
vt 0.129503 0.750000
vt 0.129446 0.738741
vt 0.129489 0.733310
vt 0.130949 0.733310
vt 0.187129 0.442803
vt 0.171414 0.457092
vt 0.125076 0.500000
vt 0.125035 0.511259
vt 0.125009 0.516690
vt 0.380130 0.996512
vt 0.379992 0.996606
vt 0.379706 0.996800
vt 0.378268 0.995655
vt 0.128955 0.750000
vt 0.125000 0.750000
vt 0.124767 0.738741
vt 0.129253 0.738741
vt 0.124941 0.733310
vt 0.129440 0.733310
vt 0.324214 0.308910
vt 0.338453 0.294074
vt 0.129314 0.495798
vt 0.377310 0.254202
vt 0.381512 0.250000
vt 0.375111 0.250000
vt 0.375051 0.238741
vt 0.381573 0.238741
vt 0.375013 0.233310
vt 0.381611 0.233310
vt 0.381998 0.997563
vt 0.381876 0.997677
vt 0.381624 0.997913
vt 0.379991 0.996965
vt 0.375983 0.000000
vt 0.381624 0.000000
vt 0.382054 0.011259
vt 0.375450 0.011259
vt 0.381733 0.016690
vt 0.375114 0.016690
vt 0.367576 0.268112
vt 0.374178 0.260910
vt 0.381660 0.250000
vt 0.383775 0.250000
vt 0.383774 0.238741
vt 0.383774 0.233310
vt 0.384084 0.998394
vt 0.383983 0.998529
vt 0.383774 0.998809
vt 0.382002 0.998071
vt 0.382002 0.000000
vt 0.383774 0.000000
vt 0.383943 0.011259
vt 0.381796 0.011259
vt 0.383817 0.016690
vt 0.376096 0.261798
vt 0.379882 0.257444
vt 0.386104 0.250000
vt 0.386104 0.238741
vt 0.386103 0.233310
vt 0.386333 0.998983
vt 0.386258 0.999140
vt 0.386103 0.999465
vt 0.384249 0.998943
vt 0.384249 0.000000
vt 0.386103 0.000000
vt 0.386320 0.011259
vt 0.383991 0.011259
vt 0.386158 0.016690
vt 0.380528 0.259653
vt 0.383427 0.256237
vt 0.388555 0.250000
vt 0.388555 0.238741
vt 0.388555 0.233310
vt 0.388684 0.999312
vt 0.388642 0.999492
vt 0.388555 0.999865
vt 0.386675 0.999559
vt 0.386675 0.000000
vt 0.388555 0.000000
vt 0.388821 0.011259
vt 0.386365 0.011259
vt 0.388623 0.016690
vt 0.383765 0.258857
vt 0.386320 0.255809
vt 0.391068 0.250000
vt 0.391068 0.238741
vt 0.391068 0.233310
vt 0.391105 0.999371
vt 0.391093 0.999576
vt 0.391068 1.000000
vt 0.389219 0.999901
vt 0.389219 0.000000
vt 0.391068 0.000000
vt 0.391391 0.011259
vt 0.388858 0.011259
vt 0.391150 0.016690
vt 0.623672 0.989040
vt 0.623489 0.990643
vt 0.624104 0.989051
vt 0.623916 0.990689
vt 0.624998 0.989089
vt 0.624805 0.990756
vt 0.865756 0.750000
vt 0.864089 0.750000
vt 0.864081 0.738741
vt 0.865771 0.738741
vt 0.864077 0.733310
vt 0.865781 0.733310
vt 0.854949 0.491105
vt 0.854076 0.491942
vt 0.858750 0.494284
vt 0.857494 0.494740
vt 0.865784 0.500000
vt 0.864075 0.500000
vt 0.865784 0.511259
vt 0.864075 0.511259
vt 0.865784 0.516690
vt 0.864075 0.516690
vt 0.622955 0.992173
vt 0.623364 0.992264
vt 0.624223 0.992424
vt 0.867424 0.750000
vt 0.867439 0.738741
vt 0.867448 0.733310
vt 0.854343 0.488945
vt 0.859122 0.493068
vt 0.867450 0.500000
vt 0.867451 0.511259
vt 0.867451 0.516690
vt 0.622077 0.993629
vt 0.622459 0.993761
vt 0.624198 0.992477
vt 0.623264 0.994009
vt 0.869009 0.750000
vt 0.867477 0.750000
vt 0.867463 0.738741
vt 0.869023 0.738741
vt 0.867454 0.733310
vt 0.869032 0.733310
vt 0.849488 0.482621
vt 0.857158 0.489597
vt 0.869034 0.500000
vt 0.869034 0.511259
vt 0.869035 0.516690
vt 0.620879 0.994977
vt 0.621221 0.995146
vt 0.623227 0.994059
vt 0.621952 0.995473
vt 0.870473 0.750000
vt 0.869058 0.750000
vt 0.870486 0.738741
vt 0.870494 0.733310
vt 0.810328 0.441818
vt 0.825676 0.456429
vt 0.870472 0.500000
vt 0.870485 0.511259
vt 0.870494 0.516690
vt 0.619387 0.996184
vt 0.619682 0.996384
vt 0.621905 0.995517
vt 0.620319 0.996780
vt 0.874929 0.750000
vt 0.870569 0.750000
vt 0.874968 0.738741
vt 0.874992 0.733310
vt 0.677982 0.307923
vt 0.664898 0.293410
vt 0.629127 0.254202
vt 0.866370 0.495798
vt 0.870572 0.500000
vt 0.874924 0.500000
vt 0.874965 0.511259
vt 0.874991 0.516690
vt 0.617638 0.997222
vt 0.617878 0.997447
vt 0.618406 0.997896
vt 0.618479 0.000000
vt 0.624896 0.000000
vt 0.624952 0.011259
vt 0.618423 0.011259
vt 0.624988 0.016690
vt 0.618388 0.016690
vt 0.634111 0.267244
vt 0.627798 0.260331
vt 0.618414 0.250000
vt 0.624889 0.250000
vt 0.618394 0.238741
vt 0.624949 0.238741
vt 0.618381 0.233310
vt 0.624987 0.233310
vt 0.615671 0.998069
vt 0.615852 0.998310
vt 0.618343 0.997927
vt 0.616259 0.998796
vt 0.616259 0.000000
vt 0.618343 0.000000
vt 0.616241 0.011259
vt 0.616230 0.016690
vt 0.625298 0.260995
vt 0.621820 0.256914
vt 0.616225 0.250000
vt 0.616226 0.238741
vt 0.616226 0.233310
vt 0.613533 0.998704
vt 0.613652 0.998952
vt 0.616191 0.998819
vt 0.613931 0.999456
vt 0.613931 0.000000
vt 0.616191 0.000000
vt 0.613912 0.011259
vt 0.613901 0.016690
vt 0.620955 0.258857
vt 0.618390 0.255722
vt 0.613896 0.250000
vt 0.613896 0.238741
vt 0.613897 0.233310
vt 0.611271 0.999116
vt 0.611327 0.999360
vt 0.611479 0.999860
vt 0.611479 0.000000
vt 0.611461 0.011259
vt 0.611449 0.016690
vt 0.617675 0.257865
vt 0.615476 0.255147
vt 0.611445 0.250000
vt 0.611445 0.238741
vt 0.611445 0.233310
vt 0.608891 0.999298
vt 0.608904 0.999527
vt 0.611411 0.999867
vt 0.608948 0.999999
vt 0.608948 0.000000
vt 0.611411 0.000000
vt 0.611430 0.011259
vt 0.608939 0.011259
vt 0.608933 0.016690
vt 0.614902 0.257534
vt 0.612841 0.254977
vt 0.608932 0.250000
vt 0.608932 0.238741
vt 0.608932 0.233310
vt 0.375518 0.760939
vt 0.375715 0.759272
vt 0.375349 0.760934
vt 0.375547 0.759253
vt 0.375003 0.760898
vt 0.375198 0.759216
vt 0.365784 0.750000
vt 0.364102 0.750000
vt 0.364087 0.738741
vt 0.365789 0.738741
vt 0.364078 0.733310
vt 0.365785 0.733310
vt 0.367471 0.499746
vt 0.365931 0.499732
vt 0.366930 0.499825
vt 0.365337 0.499816
vt 0.365784 0.500000
vt 0.364075 0.500000
vt 0.365784 0.511259
vt 0.364075 0.511259
vt 0.365784 0.516690
vt 0.364075 0.516690
vt 0.376294 0.757661
vt 0.376129 0.757625
vt 0.375224 0.759142
vt 0.375786 0.757549
vt 0.367451 0.750000
vt 0.365858 0.750000
vt 0.367475 0.738741
vt 0.367457 0.733310
vt 0.369009 0.499751
vt 0.368506 0.499828
vt 0.367450 0.500000
vt 0.367451 0.511259
vt 0.367451 0.516690
vt 0.377241 0.756135
vt 0.377081 0.756079
vt 0.375854 0.757439
vt 0.376751 0.755965
vt 0.369035 0.750000
vt 0.367562 0.750000
vt 0.369077 0.738741
vt 0.369046 0.733310
vt 0.370567 0.499754
vt 0.370055 0.499830
vt 0.369034 0.500000
vt 0.369034 0.511259
vt 0.369035 0.516690
vt 0.378531 0.754732
vt 0.378380 0.754657
vt 0.376877 0.755825
vt 0.378069 0.754503
vt 0.370497 0.750000
vt 0.369174 0.750000
vt 0.370554 0.738741
vt 0.369051 0.733310
vt 0.370511 0.733310
vt 0.372562 0.499757
vt 0.371927 0.499831
vt 0.370522 0.500000
vt 0.370508 0.511259
vt 0.370500 0.516690
vt 0.380130 0.753488
vt 0.379992 0.753394
vt 0.378268 0.754345
vt 0.379706 0.753200
vt 0.375000 0.750000
vt 0.371045 0.750000
vt 0.370747 0.738741
vt 0.375233 0.738741
vt 0.370560 0.733310
vt 0.375059 0.733310
vt 0.376401 0.499758
vt 0.375987 0.499832
vt 0.375018 0.500000
vt 0.375008 0.511259
vt 0.375002 0.516690
vt 0.381998 0.752437
vt 0.381876 0.752323
vt 0.379991 0.753035
vt 0.381624 0.752086
vt 0.381624 0.750000
vt 0.375983 0.750000
vt 0.375450 0.738741
vt 0.382054 0.738741
vt 0.381733 0.733310
vt 0.381145 0.499759
vt 0.381242 0.499833
vt 0.381586 0.500000
vt 0.381606 0.511259
vt 0.381619 0.516690
vt 0.384084 0.751606
vt 0.383983 0.751471
vt 0.382002 0.750964
vt 0.384011 0.750562
vt 0.381796 0.738741
vt 0.383967 0.738741
vt 0.383823 0.733310
vt 0.383946 0.499758
vt 0.383926 0.499833
vt 0.383775 0.500000
vt 0.383774 0.511259
vt 0.383774 0.516690
vt 0.386333 0.751017
vt 0.386258 0.750860
vt 0.386389 0.750244
vt 0.386342 0.738741
vt 0.386164 0.733310
vt 0.386212 0.499757
vt 0.386194 0.499832
vt 0.386104 0.500000
vt 0.386103 0.511259
vt 0.386103 0.516690
vt 0.388684 0.750688
vt 0.388642 0.750508
vt 0.388887 0.750058
vt 0.388840 0.738741
vt 0.388627 0.733310
vt 0.388496 0.499754
vt 0.388526 0.499831
vt 0.388555 0.500000
vt 0.388555 0.511259
vt 0.388555 0.516690
vt 0.391105 0.750629
vt 0.391093 0.750424
vt 0.391437 0.750000
vt 0.391398 0.738741
vt 0.391152 0.733310
vt 0.390855 0.499742
vt 0.390932 0.499823
vt 0.391068 0.500000
vt 0.391068 0.511259
vt 0.391068 0.516690
vt 0.634064 0.499732
vt 0.632524 0.499745
vt 0.634660 0.499815
vt 0.633067 0.499825
vt 0.635925 0.500000
vt 0.634216 0.500000
vt 0.635925 0.511259
vt 0.634216 0.511259
vt 0.635925 0.516690
vt 0.634216 0.516690
vt 0.623489 0.759357
vt 0.623672 0.760960
vt 0.623916 0.759311
vt 0.624104 0.760949
vt 0.624805 0.759244
vt 0.624998 0.760911
vt 0.635911 0.750000
vt 0.634244 0.750000
vt 0.634229 0.738741
vt 0.635918 0.738741
vt 0.634219 0.733310
vt 0.635923 0.733310
vt 0.630986 0.499751
vt 0.631491 0.499828
vt 0.632550 0.500000
vt 0.632549 0.511259
vt 0.632549 0.516690
vt 0.622955 0.757827
vt 0.623364 0.757737
vt 0.624223 0.757576
vt 0.632576 0.750000
vt 0.632561 0.738741
vt 0.632552 0.733310
vt 0.629429 0.499754
vt 0.629942 0.499830
vt 0.630966 0.500000
vt 0.630966 0.511259
vt 0.630965 0.516690
vt 0.622077 0.756371
vt 0.622459 0.756239
vt 0.623264 0.755991
vt 0.624198 0.757523
vt 0.632523 0.750000
vt 0.630991 0.750000
vt 0.630977 0.738741
vt 0.632537 0.738741
vt 0.630968 0.733310
vt 0.632546 0.733310
vt 0.627434 0.499756
vt 0.628070 0.499831
vt 0.629478 0.500000
vt 0.629492 0.511259
vt 0.629500 0.516690
vt 0.620879 0.755023
vt 0.621221 0.754854
vt 0.621952 0.754527
vt 0.623227 0.755941
vt 0.630942 0.750000
vt 0.629527 0.750000
vt 0.629514 0.738741
vt 0.629506 0.733310
vt 0.623595 0.499758
vt 0.624010 0.499832
vt 0.624982 0.500000
vt 0.624992 0.511259
vt 0.624998 0.516690
vt 0.619387 0.753816
vt 0.619682 0.753616
vt 0.620320 0.753220
vt 0.621905 0.754483
vt 0.629431 0.750000
vt 0.625071 0.750000
vt 0.625033 0.738741
vt 0.625008 0.733310
vt 0.618851 0.499758
vt 0.618755 0.499833
vt 0.618414 0.500000
vt 0.618394 0.511259
vt 0.618381 0.516690
vt 0.617638 0.752778
vt 0.617878 0.752553
vt 0.618406 0.752104
vt 0.624896 0.750000
vt 0.618479 0.750000
vt 0.618423 0.738741
vt 0.618388 0.733310
vt 0.616050 0.499758
vt 0.616071 0.499833
vt 0.616225 0.500000
vt 0.616226 0.511259
vt 0.616226 0.516690
vt 0.615671 0.751932
vt 0.615852 0.751691
vt 0.616225 0.750596
vt 0.618343 0.751036
vt 0.616226 0.738741
vt 0.616226 0.733310
vt 0.613784 0.499757
vt 0.613803 0.499832
vt 0.613896 0.500000
vt 0.613896 0.511259
vt 0.613897 0.516690
vt 0.613533 0.751296
vt 0.613652 0.751048
vt 0.613896 0.750268
vt 0.613897 0.738741
vt 0.613897 0.733310
vt 0.611500 0.499754
vt 0.611471 0.499830
vt 0.611445 0.500000
vt 0.611445 0.511259
vt 0.611445 0.516690
vt 0.611271 0.750884
vt 0.611327 0.750640
vt 0.611445 0.750068
vt 0.611445 0.738741
vt 0.611445 0.733310
vt 0.609141 0.499742
vt 0.609065 0.499823
vt 0.608932 0.500000
vt 0.608932 0.511259
vt 0.608932 0.516690
vt 0.608891 0.750702
vt 0.608904 0.750473
vt 0.608932 0.750000
vt 0.608932 0.738741
vt 0.608932 0.733310
vt 0.391806 1.000000
vt 0.391806 0.000000
vt 0.382773 0.989963
vt 0.382647 0.988869
vt 0.382768 0.989949
vt 0.382646 0.988866
vt 0.382773 0.989963
vt 0.382647 0.988871
vt 0.382425 0.990006
vt 0.382298 0.988880
vt 0.382257 0.990024
vt 0.382130 0.988885
vt 0.383077 0.990830
vt 0.383062 0.990802
vt 0.383072 0.990813
vt 0.382739 0.990915
vt 0.382574 0.990952
vt 0.383575 0.991654
vt 0.383544 0.991614
vt 0.383558 0.991621
vt 0.383256 0.991782
vt 0.383097 0.991837
vt 0.384256 0.992415
vt 0.384203 0.992366
vt 0.384218 0.992369
vt 0.383963 0.992585
vt 0.383813 0.992659
vt 0.385103 0.993094
vt 0.385023 0.993041
vt 0.385038 0.993039
vt 0.384844 0.993307
vt 0.384706 0.993401
vt 0.386095 0.993676
vt 0.385984 0.993622
vt 0.385996 0.993615
vt 0.385880 0.993931
vt 0.385758 0.994045
vt 0.387207 0.994146
vt 0.387063 0.994096
vt 0.387071 0.994085
vt 0.387046 0.994442
vt 0.386945 0.994577
vt 0.388413 0.994492
vt 0.388234 0.994453
vt 0.388236 0.994438
vt 0.388318 0.994830
vt 0.388243 0.994987
vt 0.389682 0.994707
vt 0.389470 0.994685
vt 0.389464 0.994667
vt 0.389668 0.995088
vt 0.389626 0.995268
vt 0.391282 0.994798
vt 0.391026 0.994792
vt 0.391017 0.994782
vt 0.391344 0.995225
vt 0.391333 0.995429
vt 0.617353 0.988871
vt 0.617226 0.989968
vt 0.617353 0.988871
vt 0.617227 0.989968
vt 0.617353 0.988871
vt 0.617226 0.989968
vt 0.618249 0.988895
vt 0.618112 0.990064
vt 0.618681 0.988906
vt 0.618539 0.990110
vt 0.616919 0.990840
vt 0.616920 0.990840
vt 0.616918 0.990840
vt 0.617768 0.991027
vt 0.618177 0.991118
vt 0.616414 0.991667
vt 0.616415 0.991668
vt 0.616414 0.991667
vt 0.617204 0.991941
vt 0.617585 0.992073
vt 0.615726 0.992431
vt 0.615727 0.992432
vt 0.615725 0.992431
vt 0.616436 0.992782
vt 0.616778 0.992951
vt 0.614870 0.993113
vt 0.614871 0.993113
vt 0.614870 0.993112
vt 0.615481 0.993528
vt 0.615776 0.993729
vt 0.613868 0.993694
vt 0.613868 0.993695
vt 0.613868 0.993694
vt 0.614366 0.994161
vt 0.614606 0.994386
vt 0.612744 0.994162
vt 0.612745 0.994163
vt 0.612744 0.994162
vt 0.613118 0.994662
vt 0.613299 0.994903
vt 0.611527 0.994506
vt 0.611527 0.994506
vt 0.611527 0.994505
vt 0.611772 0.995019
vt 0.611890 0.995266
vt 0.610245 0.994714
vt 0.610245 0.994715
vt 0.610245 0.994714
vt 0.610363 0.995220
vt 0.610420 0.995464
vt 0.608631 0.994801
vt 0.608631 0.994801
vt 0.608631 0.994801
vt 0.608658 0.995274
vt 0.608672 0.995502
vt 0.382647 0.761131
vt 0.382773 0.760037
vt 0.382647 0.761134
vt 0.382768 0.760051
vt 0.382647 0.761129
vt 0.382774 0.760037
vt 0.382298 0.761120
vt 0.382425 0.759994
vt 0.382130 0.761116
vt 0.382257 0.759976
vt 0.383077 0.759170
vt 0.383062 0.759198
vt 0.383072 0.759187
vt 0.382739 0.759085
vt 0.382574 0.759048
vt 0.383575 0.758346
vt 0.383544 0.758386
vt 0.383558 0.758379
vt 0.383256 0.758218
vt 0.383097 0.758163
vt 0.384256 0.757585
vt 0.384203 0.757634
vt 0.384218 0.757631
vt 0.383963 0.757415
vt 0.383813 0.757341
vt 0.385103 0.756906
vt 0.385023 0.756959
vt 0.385038 0.756961
vt 0.384844 0.756693
vt 0.384706 0.756599
vt 0.386095 0.756324
vt 0.385984 0.756378
vt 0.385996 0.756385
vt 0.385880 0.756069
vt 0.385758 0.755955
vt 0.387207 0.755854
vt 0.387062 0.755903
vt 0.387071 0.755915
vt 0.387046 0.755558
vt 0.386945 0.755423
vt 0.388412 0.755508
vt 0.388234 0.755547
vt 0.388236 0.755562
vt 0.388318 0.755170
vt 0.388243 0.755013
vt 0.389682 0.755293
vt 0.389470 0.755315
vt 0.389463 0.755333
vt 0.389668 0.754912
vt 0.389626 0.754732
vt 0.391282 0.755201
vt 0.391026 0.755208
vt 0.391017 0.755218
vt 0.391344 0.754775
vt 0.391333 0.754570
vt 0.617226 0.760032
vt 0.617353 0.761129
vt 0.617227 0.760032
vt 0.617354 0.761129
vt 0.617226 0.760032
vt 0.617353 0.761129
vt 0.618112 0.759937
vt 0.618249 0.761105
vt 0.618539 0.759891
vt 0.618681 0.761094
vt 0.616919 0.759161
vt 0.616920 0.759160
vt 0.616918 0.759161
vt 0.617768 0.758973
vt 0.618177 0.758883
vt 0.616414 0.758333
vt 0.616415 0.758332
vt 0.616414 0.758333
vt 0.617204 0.758059
vt 0.617585 0.757927
vt 0.615726 0.757569
vt 0.615727 0.757568
vt 0.615726 0.757569
vt 0.616436 0.757218
vt 0.616778 0.757049
vt 0.614870 0.756888
vt 0.614871 0.756887
vt 0.614870 0.756888
vt 0.615482 0.756472
vt 0.615777 0.756271
vt 0.613868 0.756306
vt 0.613868 0.756305
vt 0.613868 0.756306
vt 0.614366 0.755839
vt 0.614607 0.755614
vt 0.612744 0.755837
vt 0.612745 0.755837
vt 0.612744 0.755838
vt 0.613119 0.755338
vt 0.613299 0.755097
vt 0.611527 0.755495
vt 0.611527 0.755494
vt 0.611527 0.755495
vt 0.611772 0.754981
vt 0.611890 0.754734
vt 0.610245 0.755285
vt 0.610245 0.755285
vt 0.610245 0.755286
vt 0.610363 0.754780
vt 0.610420 0.754536
vt 0.608631 0.755199
vt 0.608631 0.755199
vt 0.608631 0.755199
vt 0.608658 0.754726
vt 0.608671 0.754497
vt 0.384180 0.989795
vt 0.384071 0.988792
vt 0.383724 0.989852
vt 0.383609 0.988816
vt 0.382777 0.989968
vt 0.382648 0.988870
vt 0.382776 0.989968
vt 0.382647 0.988871
vt 0.382775 0.989968
vt 0.382647 0.988871
vt 0.384435 0.990527
vt 0.383996 0.990629
vt 0.383085 0.990839
vt 0.383083 0.990839
vt 0.383082 0.990839
vt 0.384856 0.991221
vt 0.384443 0.991366
vt 0.383589 0.991666
vt 0.383587 0.991667
vt 0.383586 0.991667
vt 0.385431 0.991861
vt 0.385055 0.992046
vt 0.384277 0.992430
vt 0.384276 0.992431
vt 0.384275 0.992431
vt 0.386147 0.992431
vt 0.385817 0.992652
vt 0.385133 0.993111
vt 0.385131 0.993112
vt 0.385131 0.993112
vt 0.386985 0.992918
vt 0.386708 0.993170
vt 0.386134 0.993692
vt 0.386133 0.993693
vt 0.386133 0.993694
vt 0.387926 0.993309
vt 0.387708 0.993586
vt 0.387257 0.994160
vt 0.387257 0.994161
vt 0.387256 0.994162
vt 0.388948 0.993595
vt 0.388793 0.993891
vt 0.388474 0.994503
vt 0.388474 0.994504
vt 0.388473 0.994505
vt 0.390027 0.993769
vt 0.389936 0.994076
vt 0.389755 0.994712
vt 0.389755 0.994713
vt 0.389755 0.994714
vt 0.391511 0.993844
vt 0.391467 0.994155
vt 0.391370 0.994800
vt 0.391369 0.994800
vt 0.391369 0.994801
vt 0.615929 0.988792
vt 0.615820 0.989795
vt 0.616392 0.988816
vt 0.616277 0.989852
vt 0.617352 0.988870
vt 0.617223 0.989968
vt 0.617353 0.988871
vt 0.617224 0.989968
vt 0.617353 0.988871
vt 0.617225 0.989968
vt 0.615565 0.990527
vt 0.616004 0.990629
vt 0.616915 0.990839
vt 0.616917 0.990839
vt 0.616918 0.990840
vt 0.615144 0.991221
vt 0.615557 0.991366
vt 0.616411 0.991666
vt 0.616413 0.991667
vt 0.616414 0.991667
vt 0.614569 0.991861
vt 0.614944 0.992046
vt 0.615723 0.992430
vt 0.615724 0.992431
vt 0.615725 0.992431
vt 0.613853 0.992431
vt 0.614183 0.992652
vt 0.614867 0.993111
vt 0.614869 0.993112
vt 0.614869 0.993112
vt 0.613015 0.992918
vt 0.613292 0.993170
vt 0.613866 0.993692
vt 0.613867 0.993693
vt 0.613867 0.993694
vt 0.612073 0.993309
vt 0.612292 0.993586
vt 0.612742 0.994160
vt 0.612743 0.994161
vt 0.612744 0.994162
vt 0.611052 0.993595
vt 0.611207 0.993891
vt 0.611526 0.994503
vt 0.611526 0.994504
vt 0.611526 0.994505
vt 0.609973 0.993769
vt 0.610064 0.994076
vt 0.610245 0.994712
vt 0.610245 0.994713
vt 0.610245 0.994714
vt 0.608489 0.993844
vt 0.608533 0.994155
vt 0.608630 0.994800
vt 0.608631 0.994800
vt 0.608631 0.994801
vt 0.384071 0.761208
vt 0.384180 0.760205
vt 0.383609 0.761184
vt 0.383724 0.760148
vt 0.382648 0.761130
vt 0.382777 0.760032
vt 0.382648 0.761130
vt 0.382776 0.760032
vt 0.382647 0.761129
vt 0.382775 0.760032
vt 0.384436 0.759473
vt 0.383996 0.759371
vt 0.383085 0.759161
vt 0.383083 0.759161
vt 0.383082 0.759161
vt 0.384856 0.758779
vt 0.384444 0.758634
vt 0.383589 0.758334
vt 0.383587 0.758333
vt 0.383586 0.758333
vt 0.385431 0.758139
vt 0.385055 0.757954
vt 0.384277 0.757570
vt 0.384276 0.757569
vt 0.384275 0.757569
vt 0.386147 0.757569
vt 0.385816 0.757348
vt 0.385133 0.756889
vt 0.385131 0.756888
vt 0.385131 0.756888
vt 0.386985 0.757082
vt 0.386708 0.756830
vt 0.386134 0.756308
vt 0.386133 0.756307
vt 0.386133 0.756306
vt 0.387926 0.756691
vt 0.387708 0.756414
vt 0.387257 0.755840
vt 0.387257 0.755839
vt 0.387256 0.755838
vt 0.388948 0.756405
vt 0.388793 0.756109
vt 0.388474 0.755497
vt 0.388474 0.755496
vt 0.388473 0.755495
vt 0.390027 0.756231
vt 0.389936 0.755924
vt 0.389755 0.755288
vt 0.389755 0.755287
vt 0.389755 0.755286
vt 0.391511 0.756155
vt 0.391467 0.755845
vt 0.391370 0.755200
vt 0.391369 0.755199
vt 0.391369 0.755199
vt 0.615820 0.760205
vt 0.615929 0.761208
vt 0.616277 0.760148
vt 0.616392 0.761184
vt 0.617223 0.760032
vt 0.617352 0.761130
vt 0.617224 0.760032
vt 0.617353 0.761129
vt 0.617226 0.760032
vt 0.617353 0.761129
vt 0.615565 0.759473
vt 0.616004 0.759371
vt 0.616915 0.759161
vt 0.616917 0.759161
vt 0.616918 0.759161
vt 0.615144 0.758779
vt 0.615557 0.758634
vt 0.616411 0.758334
vt 0.616413 0.758333
vt 0.616414 0.758333
vt 0.614569 0.758139
vt 0.614945 0.757954
vt 0.615723 0.757570
vt 0.615724 0.757569
vt 0.615725 0.757569
vt 0.613853 0.757569
vt 0.614184 0.757348
vt 0.614867 0.756889
vt 0.614869 0.756888
vt 0.614869 0.756888
vt 0.613015 0.757082
vt 0.613292 0.756830
vt 0.613866 0.756308
vt 0.613867 0.756307
vt 0.613868 0.756306
vt 0.612073 0.756691
vt 0.612292 0.756414
vt 0.612743 0.755840
vt 0.612743 0.755839
vt 0.612744 0.755838
vt 0.611052 0.756405
vt 0.611208 0.756109
vt 0.611526 0.755497
vt 0.611526 0.755496
vt 0.611527 0.755495
vt 0.609973 0.756231
vt 0.610064 0.755924
vt 0.610245 0.755288
vt 0.610245 0.755287
vt 0.610245 0.755286
vt 0.608489 0.756156
vt 0.608533 0.755844
vt 0.608630 0.755200
vt 0.608631 0.755199
vt 0.608631 0.755199
vt 0.382774 0.989968
vt 0.382647 0.988871
vt 0.382647 0.988871
vt 0.382774 0.989968
vt 0.382647 0.761129
vt 0.382647 0.761129
vt 0.386132 0.756306
vt 0.387256 0.755838
vt 0.387256 0.755838
vt 0.386132 0.756306
vt 0.616414 0.991667
vt 0.615725 0.992431
vt 0.615725 0.992431
vt 0.616414 0.991667
vt 0.384567 0.988766
vt 0.384567 0.761234
vt 0.384670 0.760267
vt 0.384907 0.759583
vt 0.385298 0.758935
vt 0.385834 0.758338
vt 0.386501 0.757807
vt 0.387283 0.757353
vt 0.388161 0.756988
vt 0.389115 0.756722
vt 0.390124 0.756560
vt 0.391556 0.756489
vt 0.608443 0.756488
vt 0.609876 0.756560
vt 0.610885 0.756722
vt 0.611839 0.756988
vt 0.612717 0.757353
vt 0.613499 0.757807
vt 0.614166 0.758338
vt 0.614702 0.758935
vt 0.615093 0.759583
vt 0.615330 0.760267
vt 0.615433 0.761234
vt 0.615433 0.988766
vt 0.615330 0.989733
vt 0.615093 0.990417
vt 0.614702 0.991065
vt 0.614166 0.991662
vt 0.613499 0.992193
vt 0.612717 0.992647
vt 0.611839 0.993012
vt 0.610885 0.993278
vt 0.609876 0.993440
vt 0.608443 0.993511
vt 0.391556 0.993511
vt 0.390124 0.993440
vt 0.389115 0.993278
vt 0.388161 0.993011
vt 0.387283 0.992647
vt 0.386501 0.992193
vt 0.385834 0.991662
vt 0.385298 0.991065
vt 0.384907 0.990417
vt 0.384670 0.989733
vt 0.388473 0.755495
vt 0.388473 0.755495
vt 0.614870 0.993112
vt 0.614870 0.993112
vt 0.383082 0.990839
vt 0.383082 0.990839
vt 0.384567 0.988766
vt 0.384670 0.989733
vt 0.384907 0.990417
vt 0.385298 0.991065
vt 0.385834 0.991662
vt 0.386501 0.992193
vt 0.387283 0.992647
vt 0.388161 0.993012
vt 0.389115 0.993278
vt 0.390124 0.993440
vt 0.391556 0.993511
vt 0.608444 0.993511
vt 0.609876 0.993440
vt 0.610885 0.993278
vt 0.611839 0.993011
vt 0.612717 0.992647
vt 0.613499 0.992193
vt 0.614166 0.991661
vt 0.614702 0.991065
vt 0.615093 0.990417
vt 0.615330 0.989733
vt 0.615433 0.988766
vt 0.615433 0.761234
vt 0.615330 0.760267
vt 0.615094 0.759583
vt 0.614702 0.758935
vt 0.614166 0.758339
vt 0.613499 0.757807
vt 0.612717 0.757353
vt 0.611839 0.756988
vt 0.610885 0.756722
vt 0.609876 0.756560
vt 0.608443 0.756489
vt 0.391556 0.756489
vt 0.390124 0.756560
vt 0.389115 0.756722
vt 0.388161 0.756988
vt 0.387283 0.757353
vt 0.386501 0.757807
vt 0.385834 0.758338
vt 0.385298 0.758935
vt 0.384907 0.759583
vt 0.384670 0.760267
vt 0.384567 0.761234
vt 0.389755 0.755286
vt 0.389755 0.755286
vt 0.613868 0.993694
vt 0.613868 0.993694
vt 0.617353 0.988871
vt 0.617226 0.989968
vt 0.617226 0.989968
vt 0.617353 0.988871
vt 0.383586 0.991667
vt 0.383586 0.991667
vt 0.391369 0.755199
vt 0.391369 0.755199
vt 0.612744 0.994162
vt 0.612744 0.994162
vt 0.617226 0.760032
vt 0.617353 0.761129
vt 0.617353 0.761129
vt 0.617226 0.760032
vt 0.384275 0.992431
vt 0.384275 0.992431
vt 0.608631 0.755199
vt 0.608631 0.755199
vt 0.611527 0.994505
vt 0.611527 0.994505
vt 0.616918 0.990840
vt 0.616918 0.990840
vt 0.385130 0.993112
vt 0.385130 0.993112
vt 0.616918 0.759161
vt 0.616918 0.759161
vt 0.610245 0.994714
vt 0.610245 0.994714
vt 0.386132 0.993694
vt 0.386132 0.993694
vt 0.616414 0.758333
vt 0.616414 0.758333
vt 0.608631 0.994801
vt 0.608631 0.994801
vt 0.387256 0.994162
vt 0.387256 0.994162
vt 0.615726 0.757569
vt 0.615726 0.757569
vt 0.382774 0.760032
vt 0.382774 0.760032
vt 0.388473 0.994505
vt 0.388473 0.994505
vt 0.614870 0.756888
vt 0.614870 0.756888
vt 0.383082 0.759161
vt 0.383082 0.759161
vt 0.389755 0.994714
vt 0.389755 0.994714
vt 0.613868 0.756306
vt 0.613868 0.756306
vt 0.383586 0.758333
vt 0.383586 0.758333
vt 0.391369 0.994801
vt 0.391369 0.994801
vt 0.612744 0.755838
vt 0.612744 0.755838
vt 0.384274 0.757569
vt 0.384274 0.757569
vt 0.611527 0.755495
vt 0.611527 0.755495
vt 0.385130 0.756888
vt 0.385130 0.756888
vt 0.610245 0.755286
vt 0.610245 0.755286
vt 0.382775 0.989968
vt 0.382647 0.988871
vt 0.382776 0.989968
vt 0.382647 0.988871
vt 0.382777 0.989968
vt 0.382648 0.988870
vt 0.383724 0.989852
vt 0.383609 0.988816
vt 0.384180 0.989794
vt 0.384071 0.988792
vt 0.383082 0.990839
vt 0.383083 0.990839
vt 0.383085 0.990839
vt 0.383996 0.990629
vt 0.384435 0.990527
vt 0.383586 0.991667
vt 0.383587 0.991667
vt 0.383589 0.991666
vt 0.384444 0.991366
vt 0.384856 0.991221
vt 0.384275 0.992431
vt 0.384276 0.992431
vt 0.384277 0.992430
vt 0.385055 0.992046
vt 0.385431 0.991861
vt 0.385131 0.993112
vt 0.385131 0.993112
vt 0.385133 0.993111
vt 0.385817 0.992652
vt 0.386147 0.992431
vt 0.386133 0.993694
vt 0.386133 0.993693
vt 0.386134 0.993692
vt 0.386708 0.993170
vt 0.386985 0.992917
vt 0.387256 0.994162
vt 0.387257 0.994161
vt 0.387257 0.994160
vt 0.387708 0.993586
vt 0.387926 0.993309
vt 0.388474 0.994505
vt 0.388474 0.994504
vt 0.388474 0.994503
vt 0.388793 0.993891
vt 0.388948 0.993595
vt 0.389755 0.994714
vt 0.389755 0.994713
vt 0.389755 0.994712
vt 0.389936 0.994076
vt 0.390027 0.993769
vt 0.391369 0.994800
vt 0.391369 0.994800
vt 0.391370 0.994800
vt 0.391467 0.994155
vt 0.391511 0.993844
vt 0.617353 0.988871
vt 0.617226 0.989968
vt 0.617353 0.988871
vt 0.617224 0.989968
vt 0.617352 0.988870
vt 0.617223 0.989968
vt 0.616392 0.988816
vt 0.616277 0.989852
vt 0.615929 0.988792
vt 0.615819 0.989794
vt 0.616918 0.990840
vt 0.616917 0.990839
vt 0.616915 0.990839
vt 0.616004 0.990629
vt 0.615565 0.990527
vt 0.616414 0.991667
vt 0.616413 0.991667
vt 0.616411 0.991666
vt 0.615557 0.991366
vt 0.615144 0.991221
vt 0.615725 0.992431
vt 0.615724 0.992431
vt 0.615723 0.992430
vt 0.614945 0.992046
vt 0.614569 0.991861
vt 0.614869 0.993112
vt 0.614869 0.993112
vt 0.614867 0.993111
vt 0.614183 0.992653
vt 0.613853 0.992431
vt 0.613867 0.993694
vt 0.613867 0.993693
vt 0.613866 0.993692
vt 0.613292 0.993170
vt 0.613014 0.992917
vt 0.612744 0.994162
vt 0.612743 0.994161
vt 0.612742 0.994160
vt 0.612292 0.993586
vt 0.612073 0.993309
vt 0.611526 0.994505
vt 0.611526 0.994504
vt 0.611526 0.994503
vt 0.611207 0.993891
vt 0.611052 0.993595
vt 0.610245 0.994714
vt 0.610245 0.994713
vt 0.610245 0.994712
vt 0.610064 0.994076
vt 0.609973 0.993769
vt 0.608631 0.994801
vt 0.608631 0.994800
vt 0.608630 0.994800
vt 0.608533 0.994155
vt 0.608489 0.993845
vt 0.382647 0.761129
vt 0.382775 0.760032
vt 0.382648 0.761130
vt 0.382776 0.760032
vt 0.382648 0.761130
vt 0.382777 0.760032
vt 0.383609 0.761184
vt 0.383724 0.760148
vt 0.384071 0.761209
vt 0.384180 0.760206
vt 0.383082 0.759161
vt 0.383083 0.759161
vt 0.383085 0.759161
vt 0.383996 0.759371
vt 0.384436 0.759473
vt 0.383586 0.758333
vt 0.383587 0.758333
vt 0.383589 0.758334
vt 0.384443 0.758634
vt 0.384856 0.758779
vt 0.384275 0.757569
vt 0.384276 0.757569
vt 0.384277 0.757570
vt 0.385055 0.757954
vt 0.385431 0.758139
vt 0.385131 0.756888
vt 0.385131 0.756888
vt 0.385133 0.756889
vt 0.385816 0.757348
vt 0.386147 0.757569
vt 0.386133 0.756306
vt 0.386133 0.756307
vt 0.386134 0.756308
vt 0.386708 0.756830
vt 0.386985 0.757082
vt 0.387256 0.755838
vt 0.387257 0.755839
vt 0.387257 0.755840
vt 0.387708 0.756414
vt 0.387926 0.756691
vt 0.388474 0.755495
vt 0.388474 0.755496
vt 0.388474 0.755497
vt 0.388793 0.756109
vt 0.388948 0.756405
vt 0.389755 0.755286
vt 0.389755 0.755287
vt 0.389755 0.755288
vt 0.389936 0.755924
vt 0.390027 0.756231
vt 0.391369 0.755199
vt 0.391369 0.755199
vt 0.391370 0.755200
vt 0.391467 0.755845
vt 0.391511 0.756156
vt 0.617226 0.760032
vt 0.617353 0.761129
vt 0.617225 0.760032
vt 0.617353 0.761129
vt 0.617223 0.760032
vt 0.617352 0.761130
vt 0.616277 0.760148
vt 0.616392 0.761184
vt 0.615820 0.760205
vt 0.615929 0.761208
vt 0.616918 0.759161
vt 0.616917 0.759161
vt 0.616915 0.759161
vt 0.616004 0.759371
vt 0.615565 0.759473
vt 0.616414 0.758333
vt 0.616413 0.758333
vt 0.616411 0.758334
vt 0.615557 0.758634
vt 0.615144 0.758779
vt 0.615725 0.757569
vt 0.615724 0.757570
vt 0.615723 0.757570
vt 0.614945 0.757954
vt 0.614569 0.758139
vt 0.614870 0.756888
vt 0.614869 0.756889
vt 0.614868 0.756889
vt 0.614184 0.757348
vt 0.613853 0.757569
vt 0.613868 0.756306
vt 0.613867 0.756307
vt 0.613866 0.756308
vt 0.613292 0.756830
vt 0.613015 0.757082
vt 0.612744 0.755838
vt 0.612743 0.755839
vt 0.612743 0.755840
vt 0.612292 0.756414
vt 0.612074 0.756691
vt 0.611527 0.755495
vt 0.611526 0.755496
vt 0.611526 0.755497
vt 0.611207 0.756109
vt 0.611052 0.756405
vt 0.610245 0.755286
vt 0.610245 0.755287
vt 0.610245 0.755288
vt 0.610064 0.755924
vt 0.609973 0.756231
vt 0.608631 0.755199
vt 0.608631 0.755199
vt 0.608630 0.755199
vt 0.608533 0.755845
vt 0.608489 0.756155
vt 0.384180 0.989795
vt 0.384071 0.988792
vt 0.383724 0.989852
vt 0.383609 0.988816
vt 0.382777 0.989968
vt 0.382648 0.988870
vt 0.382776 0.989968
vt 0.382647 0.988871
vt 0.382774 0.989968
vt 0.382647 0.988871
vt 0.384435 0.990527
vt 0.383996 0.990629
vt 0.383085 0.990839
vt 0.383083 0.990839
vt 0.383082 0.990839
vt 0.384856 0.991221
vt 0.384443 0.991366
vt 0.383589 0.991666
vt 0.383587 0.991667
vt 0.383586 0.991667
vt 0.385431 0.991861
vt 0.385055 0.992046
vt 0.384277 0.992430
vt 0.384276 0.992430
vt 0.384275 0.992431
vt 0.386147 0.992431
vt 0.385817 0.992652
vt 0.385133 0.993111
vt 0.385131 0.993112
vt 0.385131 0.993112
vt 0.386985 0.992918
vt 0.386708 0.993170
vt 0.386134 0.993692
vt 0.386133 0.993693
vt 0.386133 0.993694
vt 0.387926 0.993309
vt 0.387708 0.993586
vt 0.387257 0.994160
vt 0.387257 0.994161
vt 0.387256 0.994162
vt 0.388948 0.993595
vt 0.388793 0.993891
vt 0.388474 0.994503
vt 0.388474 0.994504
vt 0.388473 0.994505
vt 0.390027 0.993769
vt 0.389936 0.994076
vt 0.389755 0.994712
vt 0.389755 0.994713
vt 0.389755 0.994714
vt 0.391511 0.993844
vt 0.391467 0.994155
vt 0.391370 0.994800
vt 0.391369 0.994800
vt 0.391369 0.994801
vt 0.615929 0.988792
vt 0.615820 0.989795
vt 0.616392 0.988816
vt 0.616277 0.989852
vt 0.617352 0.988870
vt 0.617223 0.989968
vt 0.617353 0.988871
vt 0.617224 0.989968
vt 0.617353 0.988871
vt 0.617226 0.989968
vt 0.615565 0.990527
vt 0.616004 0.990629
vt 0.616915 0.990839
vt 0.616917 0.990839
vt 0.616918 0.990840
vt 0.615144 0.991221
vt 0.615557 0.991366
vt 0.616411 0.991666
vt 0.616413 0.991667
vt 0.616413 0.991667
vt 0.614569 0.991861
vt 0.614944 0.992046
vt 0.615723 0.992430
vt 0.615724 0.992431
vt 0.615725 0.992431
vt 0.613853 0.992431
vt 0.614183 0.992652
vt 0.614867 0.993111
vt 0.614869 0.993112
vt 0.614869 0.993112
vt 0.613015 0.992918
vt 0.613292 0.993170
vt 0.613866 0.993692
vt 0.613867 0.993693
vt 0.613867 0.993694
vt 0.612073 0.993309
vt 0.612292 0.993586
vt 0.612742 0.994160
vt 0.612743 0.994161
vt 0.612744 0.994162
vt 0.611052 0.993595
vt 0.611207 0.993891
vt 0.611526 0.994503
vt 0.611526 0.994504
vt 0.611526 0.994505
vt 0.609973 0.993769
vt 0.610064 0.994076
vt 0.610245 0.994712
vt 0.610245 0.994713
vt 0.610245 0.994714
vt 0.608489 0.993844
vt 0.608533 0.994155
vt 0.608630 0.994800
vt 0.608631 0.994800
vt 0.608631 0.994801
vt 0.384071 0.761208
vt 0.384180 0.760205
vt 0.383609 0.761184
vt 0.383724 0.760148
vt 0.382648 0.761130
vt 0.382777 0.760032
vt 0.382648 0.761130
vt 0.382776 0.760032
vt 0.382647 0.761129
vt 0.382775 0.760032
vt 0.384436 0.759473
vt 0.383996 0.759371
vt 0.383085 0.759161
vt 0.383083 0.759161
vt 0.383082 0.759161
vt 0.384856 0.758779
vt 0.384444 0.758634
vt 0.383589 0.758334
vt 0.383587 0.758333
vt 0.383586 0.758333
vt 0.385431 0.758139
vt 0.385055 0.757954
vt 0.384277 0.757570
vt 0.384276 0.757569
vt 0.384275 0.757569
vt 0.386147 0.757569
vt 0.385816 0.757348
vt 0.385133 0.756889
vt 0.385131 0.756888
vt 0.385131 0.756888
vt 0.386985 0.757082
vt 0.386708 0.756830
vt 0.386134 0.756308
vt 0.386133 0.756307
vt 0.386133 0.756306
vt 0.387926 0.756691
vt 0.387708 0.756414
vt 0.387257 0.755840
vt 0.387257 0.755839
vt 0.387256 0.755838
vt 0.388948 0.756405
vt 0.388793 0.756109
vt 0.388474 0.755497
vt 0.388474 0.755496
vt 0.388473 0.755495
vt 0.390027 0.756231
vt 0.389936 0.755924
vt 0.389755 0.755288
vt 0.389755 0.755287
vt 0.389755 0.755286
vt 0.391511 0.756155
vt 0.391467 0.755845
vt 0.391370 0.755200
vt 0.391369 0.755199
vt 0.391369 0.755199
vt 0.615820 0.760205
vt 0.615929 0.761208
vt 0.616277 0.760148
vt 0.616392 0.761184
vt 0.617223 0.760032
vt 0.617352 0.761130
vt 0.617225 0.760032
vt 0.617353 0.761129
vt 0.617226 0.760032
vt 0.617353 0.761129
vt 0.615565 0.759473
vt 0.616004 0.759371
vt 0.616915 0.759161
vt 0.616917 0.759161
vt 0.616918 0.759161
vt 0.615144 0.758779
vt 0.615557 0.758634
vt 0.616411 0.758334
vt 0.616413 0.758333
vt 0.616414 0.758333
vt 0.614569 0.758139
vt 0.614945 0.757954
vt 0.615723 0.757570
vt 0.615724 0.757570
vt 0.615725 0.757569
vt 0.613853 0.757569
vt 0.614184 0.757348
vt 0.614867 0.756889
vt 0.614869 0.756889
vt 0.614870 0.756888
vt 0.613015 0.757082
vt 0.613292 0.756830
vt 0.613866 0.756308
vt 0.613867 0.756307
vt 0.613868 0.756306
vt 0.612073 0.756691
vt 0.612292 0.756414
vt 0.612743 0.755840
vt 0.612743 0.755839
vt 0.612744 0.755838
vt 0.611052 0.756405
vt 0.611208 0.756109
vt 0.611526 0.755497
vt 0.611526 0.755496
vt 0.611527 0.755495
vt 0.609973 0.756231
vt 0.610064 0.755924
vt 0.610245 0.755288
vt 0.610245 0.755287
vt 0.610245 0.755286
vt 0.608489 0.756156
vt 0.608533 0.755844
vt 0.608630 0.755200
vt 0.608631 0.755199
vt 0.608631 0.755199
vn 0.0521 -0.9984 -0.0232
vn 0.0264 -0.9868 -0.1596
vn 0.1413 -0.9734 -0.1801
vn 0.1667 -0.9850 -0.0437
vn -0.9227 0.2871 0.2573
vn -0.9447 0.2973 0.1381
vn -0.9807 0.1450 0.1313
vn -0.9594 0.1351 0.2477
vn -0.1655 -0.9786 -0.1227
vn -0.1394 -0.9901 0.0137
vn -0.2887 -0.9564 0.0445
vn -0.3151 -0.9446 -0.0914
vn -0.0506 -0.9881 -0.1452
vn -0.0248 -0.9997 -0.0088
vn -0.4308 -0.8993 0.0754
vn -0.4573 -0.8873 -0.0594
vn -0.5621 -0.8203 0.1057
vn -0.5885 -0.8080 -0.0276
vn -0.6794 -0.7213 0.1344
vn -0.7055 -0.7087 0.0034
vn -0.7800 -0.6048 0.1609
vn -0.8055 -0.5918 0.0326
vn -0.8613 -0.4734 0.1842
vn -0.8859 -0.4601 0.0596
vn -0.9216 -0.3305 0.2036
vn -0.9447 -0.3170 0.0834
vn -0.9592 -0.1795 0.2183
vn -0.9807 -0.1659 0.1036
vn -0.9920 0.0284 0.1231
vn -0.9717 0.0186 0.2356
vn -0.9720 -0.0615 0.2270
vn -0.9920 -0.0497 0.1162
vn 0.0264 0.9995 0.0173
vn -0.0506 0.9982 0.0317
vn -0.0267 0.9871 0.1580
vn 0.0503 0.9884 0.1436
vn -0.0248 0.9854 0.1682
vn -0.1397 0.9720 0.1890
vn -0.1413 0.9734 0.1802
vn -0.0264 0.9868 0.1596
vn -0.1417 0.9737 0.1784
vn -0.1655 0.9848 0.0522
vn -0.3151 0.9459 0.0769
vn -0.2913 0.9348 0.2029
vn -0.4573 0.8839 0.0983
vn -0.4336 0.8729 0.2238
vn -0.5885 0.8002 0.1156
vn -0.5650 0.7893 0.2405
vn -0.7055 0.6969 0.1285
vn -0.6822 0.6861 0.2526
vn -0.8055 0.5767 0.1367
vn -0.7824 0.5660 0.2596
vn -0.8859 0.4424 0.1399
vn -0.8633 0.4319 0.2612
vn 0.9429 -0.2994 -0.1457
vn 0.9206 -0.2859 -0.2661
vn 0.9565 -0.1336 -0.2594
vn 0.9785 -0.1472 -0.1448
vn 0.1652 0.9788 0.1209
vn 0.1413 0.9900 -0.0053
vn 0.2910 -0.9345 -0.2049
vn 0.3159 -0.9463 -0.0688
vn 0.4331 -0.8725 -0.2263
vn 0.4576 -0.8845 -0.0911
vn 0.5643 -0.7888 -0.2436
vn 0.5883 -0.8011 -0.1099
vn 0.6813 -0.6855 -0.2565
vn 0.7049 -0.6982 -0.1250
vn 0.7813 -0.5653 -0.2647
vn 0.8044 -0.5783 -0.1360
vn 0.8617 -0.4310 -0.2679
vn 0.8844 -0.4443 -0.1429
vn 0.9678 -0.0170 -0.2511
vn 0.9678 0.0611 -0.2441
vn 0.9899 0.0513 -0.1320
vn 0.9896 -0.0287 -0.1406
vn 0.9565 0.1773 -0.2317
vn 0.9791 0.1674 -0.1156
vn 0.2910 0.9560 -0.0366
vn 0.3148 0.9450 0.0893
vn 0.4569 0.8877 0.0570
vn 0.4331 0.8987 -0.0686
vn 0.5880 0.8085 0.0245
vn 0.5643 0.8194 -0.1004
vn 0.7049 0.7093 -0.0073
vn 0.6813 0.7201 -0.1314
vn 0.8047 0.5925 -0.0378
vn 0.7813 0.6031 -0.1607
vn 0.8849 0.4611 -0.0664
vn 0.8617 0.4715 -0.1876
vn 0.9435 0.3182 -0.0924
vn 0.9206 0.3284 -0.2114
vn 0.1871 -0.0203 0.9821
vn 0.1819 -0.0203 0.9831
vn 0.1739 -0.0198 0.9846
vn 0.1637 -0.0225 0.9863
vn 0.1539 -0.0267 0.9877
vn 0.1449 -0.0325 0.9889
vn 0.1369 -0.0395 0.9898
vn 0.1300 -0.0478 0.9904
vn 0.1245 -0.0570 0.9906
vn 0.1205 -0.0669 0.9905
vn 0.1180 -0.0774 0.9900
vn 0.1187 -0.0854 0.9892
vn 0.1187 -0.0907 0.9888
vn 0.1180 -0.0987 0.9881
vn 0.1205 -0.1091 0.9867
vn 0.1245 -0.1189 0.9851
vn 0.1300 -0.1279 0.9832
vn 0.1369 -0.1359 0.9812
vn 0.1449 -0.1428 0.9791
vn 0.1539 -0.1482 0.9769
vn 0.1637 -0.1521 0.9747
vn 0.1739 -0.1545 0.9726
vn 0.1819 -0.1537 0.9712
vn 0.1871 -0.1536 0.9703
vn 0.1950 -0.1541 0.9686
vn 0.2052 -0.1514 0.9669
vn 0.2150 -0.1472 0.9655
vn 0.2240 -0.1414 0.9643
vn 0.2320 -0.1344 0.9634
vn 0.2389 -0.1261 0.9628
vn 0.2444 -0.1169 0.9626
vn 0.2484 -0.1069 0.9627
vn 0.2509 -0.0965 0.9632
vn 0.2502 -0.0885 0.9641
vn 0.2502 -0.0832 0.9646
vn 0.2509 -0.0752 0.9651
vn 0.2484 -0.0648 0.9665
vn 0.2444 -0.0550 0.9681
vn 0.2389 -0.0460 0.9700
vn 0.2320 -0.0379 0.9720
vn 0.2240 -0.0311 0.9741
vn 0.2150 -0.0257 0.9763
vn 0.2052 -0.0218 0.9785
vn 0.1950 -0.0194 0.9806
vn 0.0522 0.9867 0.1538
vn 0.0506 0.9881 0.1452
vn 0.0503 -0.9982 -0.0331
vn 0.1653 -0.9848 -0.0535
vn 0.1655 -0.9848 -0.0521
vn 0.0506 -0.9982 -0.0317
vn 0.3170 0.9432 0.0997
vn 0.1673 0.9771 0.1315
vn 0.1655 0.9786 0.1227
vn 0.3151 0.9446 0.0914
vn 0.4591 0.8859 0.0668
vn 0.4573 0.8873 0.0594
vn 0.5902 0.8066 0.0334
vn 0.5885 0.8080 0.0276
vn 0.7070 0.7073 0.0002
vn 0.7055 0.7087 -0.0034
vn 0.8065 0.5903 -0.0320
vn 0.8055 0.5918 -0.0327
vn 0.8864 0.4587 -0.0626
vn 0.8859 0.4601 -0.0596
vn 0.9445 0.3156 -0.0912
vn 0.9447 0.3170 -0.0834
vn 0.9900 -0.0267 -0.1389
vn 0.9898 0.0495 -0.1336
vn 0.9920 0.0497 -0.1162
vn 0.9920 -0.0284 -0.1231
vn -0.0267 -0.9995 -0.0187
vn -0.0264 -0.9995 -0.0173
vn 0.3149 -0.9459 -0.0786
vn 0.4571 -0.8838 -0.1004
vn 0.4573 -0.8839 -0.0983
vn 0.3151 -0.9459 -0.0769
vn 0.5882 -0.8000 -0.1184
vn 0.5885 -0.8002 -0.1156
vn 0.7051 -0.6966 -0.1322
vn 0.7055 -0.6969 -0.1285
vn 0.8049 -0.5762 -0.1416
vn 0.8055 -0.5767 -0.1367
vn 0.8852 -0.4416 -0.1464
vn 0.8859 -0.4424 -0.1399
vn 0.9438 -0.2962 -0.1468
vn 0.9447 -0.2973 -0.1381
vn 0.9793 -0.1435 -0.1430
vn 0.9807 -0.1450 -0.1313
vn -0.1950 0.0194 -0.9806
vn -0.2052 0.0218 -0.9785
vn -0.2150 0.0257 -0.9763
vn -0.2240 0.0311 -0.9741
vn -0.2320 0.0379 -0.9720
vn -0.2389 0.0460 -0.9700
vn -0.2444 0.0550 -0.9681
vn -0.2484 0.0648 -0.9665
vn -0.2509 0.0752 -0.9651
vn -0.2502 0.0832 -0.9646
vn -0.2502 0.0885 -0.9641
vn -0.2509 0.0965 -0.9632
vn -0.2484 0.1070 -0.9627
vn -0.2444 0.1169 -0.9626
vn -0.2389 0.1261 -0.9628
vn -0.2320 0.1344 -0.9634
vn -0.2240 0.1414 -0.9643
vn -0.2150 0.1472 -0.9655
vn -0.2052 0.1514 -0.9669
vn -0.1950 0.1541 -0.9686
vn -0.1871 0.1536 -0.9703
vn -0.1819 0.1537 -0.9712
vn -0.1739 0.1545 -0.9726
vn -0.1637 0.1521 -0.9747
vn -0.1539 0.1482 -0.9769
vn -0.1449 0.1428 -0.9791
vn -0.1369 0.1360 -0.9812
vn -0.1300 0.1279 -0.9832
vn -0.1245 0.1189 -0.9851
vn -0.1205 0.1091 -0.9867
vn -0.1180 0.0987 -0.9881
vn -0.1187 0.0907 -0.9888
vn -0.1187 0.0854 -0.9892
vn -0.1180 0.0774 -0.9900
vn -0.1205 0.0669 -0.9905
vn -0.1245 0.0570 -0.9906
vn -0.1300 0.0478 -0.9904
vn -0.1369 0.0395 -0.9898
vn -0.1449 0.0325 -0.9889
vn -0.1539 0.0267 -0.9877
vn -0.1637 0.0225 -0.9863
vn -0.1739 0.0198 -0.9846
vn -0.1819 0.0203 -0.9831
vn -0.1871 0.0203 -0.9821
vn -0.9602 0.1321 0.2461
vn -0.9721 0.0167 0.2340
vn -0.9678 0.0170 0.2511
vn -0.9565 0.1336 0.2594
vn -0.2896 0.9331 0.2134
vn -0.4321 0.8710 0.2338
vn -0.4331 0.8725 0.2263
vn -0.2910 0.9345 0.2050
vn -0.5638 0.7873 0.2496
vn -0.5643 0.7888 0.2436
vn -0.6813 0.6841 0.2604
vn -0.6813 0.6855 0.2565
vn -0.7820 0.5638 0.2657
vn -0.7813 0.5653 0.2647
vn -0.8632 0.4295 0.2652
vn -0.8617 0.4310 0.2679
vn -0.9231 0.2844 0.2588
vn -0.9206 0.2859 0.2661
vn -0.9717 -0.0594 0.2287
vn -0.9595 -0.1759 0.2203
vn -0.9565 -0.1773 0.2317
vn -0.9678 -0.0611 0.2441
vn -0.9229 -0.3274 0.2029
vn -0.9206 -0.3284 0.2114
vn -0.2914 -0.9560 0.0350
vn -0.1416 -0.9899 0.0040
vn -0.1413 -0.9899 0.0053
vn -0.2910 -0.9560 0.0366
vn -0.4337 -0.8986 0.0665
vn -0.4331 -0.8987 0.0686
vn -0.5651 -0.8192 0.0977
vn -0.5643 -0.8194 0.1004
vn -0.6823 -0.7198 0.1278
vn -0.6813 -0.7201 0.1314
vn -0.7826 -0.6027 0.1559
vn -0.7813 -0.6032 0.1607
vn -0.8634 -0.4708 0.1812
vn -0.8617 -0.4715 0.1876
vn 0.9794 0.1644 -0.1173
vn 0.9807 0.1659 -0.1036
vn 0.2469 -0.0663 0.9668
vn 0.2561 -0.0754 0.9637
vn 0.0936 -0.0886 0.9917
vn 0.0871 -0.0934 0.9918
vn 0.1945 -0.1494 0.9695
vn 0.1871 -0.1520 0.9705
vn 0.1818 -0.0186 0.9832
vn 0.1738 -0.0179 0.9846
vn 0.1827 -0.0308 0.9827
vn 0.1865 -0.0307 0.9820
vn 0.1820 -0.1461 0.9724
vn 0.1871 -0.1460 0.9714
vn 0.1919 -0.0327 0.9809
vn 0.1742 -0.1467 0.9737
vn 0.1289 -0.0608 0.9898
vn 0.1355 -0.0545 0.9893
vn 0.2546 -0.1143 0.9603
vn 0.2663 -0.1037 0.9583
vn 0.2310 -0.1319 0.9640
vn 0.2227 -0.1383 0.9650
vn 0.1434 -0.0294 0.9892
vn 0.1343 -0.0358 0.9903
vn 0.1993 -0.0340 0.9793
vn 0.1642 -0.1448 0.9757
vn 0.1221 -0.0683 0.9902
vn 0.2809 -0.0902 0.9555
vn 0.2388 -0.1242 0.9631
vn 0.1259 -0.0434 0.9911
vn 0.0995 -0.0893 0.9910
vn 0.1127 -0.0778 0.9906
vn 0.2746 -0.0856 0.9577
vn 0.2723 -0.0802 0.9589
vn 0.2066 -0.0362 0.9778
vn 0.1544 -0.1417 0.9778
vn 0.2458 -0.1153 0.9624
vn 0.1181 -0.0521 0.9916
vn 0.2137 -0.0392 0.9761
vn 0.1445 -0.1374 0.9799
vn 0.1819 -0.1520 0.9715
vn 0.1745 -0.1497 0.9732
vn 0.1951 -0.0175 0.9806
vn 0.1870 -0.0185 0.9822
vn 0.2523 -0.1051 0.9619
vn 0.1108 -0.0617 0.9919
vn 0.2205 -0.0430 0.9744
vn 0.1347 -0.1319 0.9821
vn 0.1648 -0.1478 0.9752
vn 0.2056 -0.0196 0.9784
vn 0.2585 -0.0938 0.9615
vn 0.1035 -0.0723 0.9920
vn 0.2271 -0.0475 0.9727
vn 0.1247 -0.1250 0.9843
vn 0.1553 -0.1443 0.9773
vn 0.2158 -0.0231 0.9762
vn 0.2689 -0.0864 0.9593
vn 0.0960 -0.0831 0.9919
vn 0.2336 -0.0528 0.9709
vn 0.1141 -0.1167 0.9866
vn 0.1463 -0.1395 0.9793
vn 0.2255 -0.0280 0.9739
vn 0.1773 -0.0329 0.9836
vn 0.1948 -0.1464 0.9698
vn 0.2402 -0.0589 0.9689
vn 0.1021 -0.1065 0.9891
vn 0.1379 -0.1334 0.9814
vn 0.2345 -0.0342 0.9715
vn 0.1699 -0.0345 0.9849
vn 0.2048 -0.1441 0.9681
vn 0.1302 -0.1260 0.9835
vn 0.2428 -0.0415 0.9692
vn 0.1626 -0.0370 0.9860
vn 0.2147 -0.1407 0.9665
vn 0.1231 -0.1174 0.9854
vn 0.2506 -0.0499 0.9668
vn 0.1555 -0.0402 0.9870
vn 0.2245 -0.1361 0.9649
vn 0.1166 -0.1074 0.9874
vn 0.2578 -0.0592 0.9644
vn 0.1487 -0.0442 0.9879
vn 0.2342 -0.1302 0.9634
vn 0.2043 -0.1471 0.9678
vn 0.1632 -0.0203 0.9864
vn 0.1102 -0.0962 0.9892
vn 0.2650 -0.0696 0.9617
vn 0.1420 -0.0489 0.9887
vn 0.2441 -0.1230 0.9619
vn 0.2137 -0.1434 0.9663
vn 0.1530 -0.0241 0.9879
vn -0.1885 -0.1765 -0.9661
vn -0.2189 -0.1765 -0.9596
vn -0.1793 -0.4248 -0.8874
vn -0.2372 -0.4216 -0.8752
vn -0.1578 -0.6441 -0.7485
vn -0.2394 -0.6382 -0.7317
vn -0.1257 -0.8197 -0.5589
vn -0.2254 -0.8117 -0.5387
vn -0.0850 -0.9397 -0.3314
vn -0.1962 -0.9305 -0.3093
vn 0.1409 -0.3173 0.9378
vn 0.1701 -0.3176 0.9329
vn 0.0906 -0.5302 0.8430
vn 0.1459 -0.5333 0.8332
vn 0.0333 -0.7215 0.6916
vn 0.1117 -0.7272 0.6772
vn -0.0296 -0.8751 0.4831
vn 0.0679 -0.8828 0.4647
vn -0.0939 -0.9697 0.2256
vn 0.0163 -0.9787 0.2045
vn -0.2585 -0.1675 -0.9514
vn -0.3127 -0.4045 -0.8594
vn -0.3457 -0.6141 -0.7095
vn -0.3554 -0.7823 -0.5116
vn -0.3411 -0.8977 -0.2790
vn 0.1030 -0.3100 0.9451
vn 0.0187 -0.5159 0.8565
vn -0.0693 -0.7002 0.7106
vn -0.1570 -0.8474 0.5071
vn -0.2377 -0.9375 0.2541
vn -0.2962 -0.1523 -0.9429
vn -0.3845 -0.3755 -0.8433
vn -0.4468 -0.5733 -0.6868
vn -0.4790 -0.7325 -0.4838
vn -0.4788 -0.8422 -0.2480
vn 0.0657 -0.2981 0.9523
vn -0.0520 -0.4923 0.8689
vn -0.1691 -0.6648 0.7277
vn -0.2797 -0.8011 0.5292
vn -0.3750 -0.8833 0.2814
vn -0.3309 -0.1314 -0.9345
vn -0.4507 -0.3355 -0.8272
vn -0.5401 -0.5170 -0.6642
vn -0.5930 -0.6636 -0.4561
vn -0.6058 -0.7654 -0.2172
vn 0.0289 -0.2816 0.9591
vn -0.1209 -0.4597 0.8798
vn -0.2648 -0.6156 0.7422
vn -0.3955 -0.7368 0.5484
vn -0.5028 -0.8081 0.3068
vn -0.3619 -0.1051 -0.9263
vn -0.5098 -0.2854 -0.8116
vn -0.6232 -0.4464 -0.6422
vn -0.6946 -0.5773 -0.4293
vn -0.7191 -0.6692 -0.1872
vn -0.0076 -0.2605 0.9655
vn -0.1878 -0.4179 0.8889
vn -0.3556 -0.5531 0.7534
vn -0.5024 -0.6556 0.5638
vn -0.6182 -0.7137 0.3292
vn -0.3883 -0.0741 -0.9185
vn -0.5602 -0.2263 -0.7968
vn -0.6943 -0.3632 -0.6213
vn -0.7815 -0.4757 -0.4038
vn -0.8159 -0.5560 -0.1589
vn -0.0441 -0.2345 0.9711
vn -0.2530 -0.3670 0.8952
vn -0.4405 -0.4776 0.7601
vn -0.5985 -0.5586 0.5742
vn -0.7187 -0.6021 0.3478
vn -0.4096 -0.0393 -0.9114
vn -0.6008 -0.1599 -0.7832
vn -0.7514 -0.2697 -0.6022
vn -0.8513 -0.3613 -0.3804
vn -0.8937 -0.4285 -0.1328
vn -0.0817 -0.2031 0.9757
vn -0.3170 -0.3064 0.8976
vn -0.5192 -0.3895 0.7608
vn -0.6824 -0.4474 0.5781
vn -0.8020 -0.4757 0.3613
vn -0.4252 -0.0014 -0.9051
vn -0.6305 -0.0876 -0.7712
vn -0.7933 -0.1679 -0.5852
vn -0.9025 -0.2370 -0.3597
vn -0.9507 -0.2900 -0.1097
vn -0.1221 -0.1653 0.9787
vn -0.3811 -0.2350 0.8942
vn -0.5914 -0.2885 0.7530
vn -0.7525 -0.3233 0.5738
vn -0.8662 -0.3373 0.3686
vn -0.4347 0.0386 -0.8997
vn -0.6487 -0.0114 -0.7610
vn -0.8188 -0.0606 -0.5709
vn -0.9337 -0.1057 -0.3421
vn -0.9855 -0.1437 -0.0901
vn -0.1689 -0.1187 0.9785
vn -0.4475 -0.1508 0.8815
vn -0.6571 -0.1743 0.7334
vn -0.8078 -0.1877 0.5588
vn -0.9101 -0.1897 0.3683
vn -0.4354 0.0696 -0.8975
vn -0.6530 0.0475 -0.7559
vn -0.8262 0.0222 -0.5629
vn -0.9433 -0.0046 -0.3319
vn -0.9964 -0.0311 -0.0783
vn -0.1739 -0.0912 0.9805
vn -0.4744 -0.0907 0.8756
vn -0.6889 -0.0874 0.7195
vn -0.8339 -0.0818 0.5458
vn -0.9279 -0.0730 0.3655
vn 0.1679 0.1825 0.9688
vn 0.1367 0.1820 0.9737
vn 0.1393 0.4340 0.8901
vn 0.0801 0.4297 0.8994
vn 0.1013 0.6528 0.7508
vn 0.0185 0.6448 0.7641
vn 0.0569 0.8247 0.5627
vn -0.0437 0.8139 0.5794
vn 0.0093 0.9405 0.3396
vn -0.1022 0.9278 0.3588
vn -0.2189 0.3433 -0.9134
vn -0.1885 0.3444 -0.9197
vn -0.2372 0.5696 -0.7870
vn -0.1793 0.5748 -0.7984
vn -0.2394 0.7574 -0.6075
vn -0.1578 0.7662 -0.6229
vn -0.2254 0.8942 -0.3869
vn -0.1257 0.9055 -0.4053
vn -0.1962 0.9705 -0.1400
vn -0.0850 0.9834 -0.1602
vn 0.0960 0.1726 0.9803
vn 0.0027 0.4115 0.9114
vn -0.0898 0.6185 0.7806
vn -0.1749 0.7809 0.5996
vn -0.2475 0.8904 0.3819
vn -0.2585 0.3330 -0.9068
vn -0.3127 0.5499 -0.7745
vn -0.3457 0.7298 -0.5898
vn -0.3554 0.8604 -0.3653
vn -0.3411 0.9328 -0.1160
vn 0.0567 0.1576 0.9859
vn -0.0718 0.3822 0.9213
vn -0.1936 0.5763 0.7940
vn -0.3003 0.7282 0.6160
vn -0.3859 0.8308 0.4011
vn -0.2962 0.3165 -0.9012
vn -0.3845 0.5186 -0.7637
vn -0.4468 0.6857 -0.5747
vn -0.4790 0.8064 -0.3468
vn -0.4788 0.8728 -0.0953
vn 0.0194 0.1372 0.9904
vn -0.1422 0.3426 0.9287
vn -0.2910 0.5192 0.8036
vn -0.4171 0.6571 0.6279
vn -0.5140 0.7504 0.4157
vn -0.3309 0.2944 -0.8966
vn -0.4507 0.4764 -0.7549
vn -0.5401 0.6262 -0.5624
vn -0.5930 0.7337 -0.3317
vn -0.6058 0.7917 -0.0786
vn -0.0154 0.1118 0.9936
vn -0.2074 0.2934 0.9332
vn -0.3802 0.4486 0.8088
vn -0.5227 0.5691 0.6347
vn -0.6287 0.6511 0.4252
vn -0.3619 0.2670 -0.8932
vn -0.5098 0.4242 -0.7484
vn -0.6232 0.5528 -0.5532
vn -0.6946 0.6440 -0.3205
vn -0.7191 0.6918 -0.0661
vn -0.0475 0.0821 0.9955
vn -0.2668 0.2357 0.9345
vn -0.4598 0.3659 0.8091
vn -0.6151 0.4665 0.6356
vn -0.7275 0.5354 0.4290
vn -0.3883 0.2352 -0.8910
vn -0.5602 0.3635 -0.7443
vn -0.6943 0.4673 -0.5474
vn -0.7815 0.5395 -0.3134
vn -0.8159 0.5753 -0.0582
vn -0.0770 0.0483 0.9959
vn -0.3201 0.1704 0.9319
vn -0.5289 0.2727 0.8037
vn -0.6926 0.3513 0.6299
vn -0.8082 0.4061 0.4265
vn -0.4096 0.1996 -0.8901
vn -0.6008 0.2957 -0.7427
vn -0.7514 0.3718 -0.5451
vn -0.8513 0.4228 -0.3106
vn -0.8937 0.4453 -0.0550
vn -0.1044 0.0109 0.9945
vn -0.3676 0.0984 0.9248
vn -0.5872 0.1707 0.7912
vn -0.7541 0.2263 0.6166
vn -0.8689 0.2664 0.4172
vn -0.4252 0.1612 -0.8906
vn -0.6305 0.2225 -0.7436
vn -0.7933 0.2687 -0.5464
vn -0.9025 0.2968 -0.3122
vn -0.9507 0.3048 -0.0568
vn -0.1307 -0.0304 0.9910
vn -0.4105 0.0200 0.9116
vn -0.6348 0.0612 0.7703
vn -0.7988 0.0937 0.5942
vn -0.9085 0.1195 0.4003
vn -0.4347 0.1209 -0.8924
vn -0.6487 0.1456 -0.7470
vn -0.8188 0.1605 -0.5512
vn -0.9337 0.1645 -0.3181
vn -0.9855 0.1574 -0.0633
vn -0.1567 -0.0697 0.9852
vn -0.4495 -0.0496 0.8919
vn -0.6715 -0.0298 0.7404
vn -0.8258 -0.0114 0.5639
vn -0.9256 0.0059 0.3784
vn -0.4354 0.0901 -0.8957
vn -0.6530 0.0868 -0.7524
vn -0.8262 0.0776 -0.5580
vn -0.9433 0.0632 -0.3258
vn -0.9964 0.0445 -0.0716
vn 0.1895 -0.3172 0.9292
vn 0.2184 -0.3160 0.9233
vn 0.1829 -0.5327 0.8263
vn 0.2378 -0.5277 0.8154
vn 0.1645 -0.7264 0.6673
vn 0.2426 -0.7180 0.6524
vn 0.1334 -0.8818 0.4524
vn 0.2306 -0.8708 0.4343
vn 0.0904 -0.9775 0.1906
vn 0.2004 -0.9648 0.1705
vn -0.1377 -0.1751 -0.9749
vn -0.1683 -0.1762 -0.9699
vn -0.0823 -0.4190 -0.9043
vn -0.1405 -0.4241 -0.8946
vn -0.0213 -0.6345 -0.7726
vn -0.1031 -0.6432 -0.7587
vn 0.0412 -0.8073 -0.5887
vn -0.0588 -0.8186 -0.5714
vn 0.1008 -0.9256 -0.3649
vn -0.0105 -0.9384 -0.3453
vn 0.2561 -0.3075 0.9164
vn 0.3093 -0.5110 0.8020
vn 0.3443 -0.6933 0.6331
vn 0.3571 -0.8389 0.4108
vn 0.3436 -0.9278 0.1452
vn -0.0981 -0.1648 -0.9814
vn -0.0067 -0.3994 -0.9168
vn 0.0851 -0.6069 -0.7902
vn 0.1712 -0.7735 -0.6103
vn 0.2457 -0.8879 -0.3889
vn 0.2931 -0.2943 0.9097
vn 0.3788 -0.4851 0.7881
vn 0.4423 -0.6546 0.6131
vn 0.4779 -0.7884 0.3872
vn 0.4797 -0.8690 0.1212
vn -0.0605 -0.1484 -0.9871
vn 0.0650 -0.3680 -0.9275
vn 0.1861 -0.5628 -0.8054
vn 0.2947 -0.7196 -0.6288
vn 0.3834 -0.8278 -0.4096
vn 0.3293 -0.2766 0.9028
vn 0.4459 -0.4502 0.7736
vn 0.5352 -0.6023 0.5923
vn 0.5907 -0.7203 0.3636
vn 0.6055 -0.7896 0.0991
vn -0.0257 -0.1263 -0.9917
vn 0.1313 -0.3258 -0.9363
vn 0.2794 -0.5033 -0.8177
vn 0.4087 -0.6469 -0.6438
vn 0.5104 -0.7468 -0.4264
vn 0.3649 -0.2543 0.8957
vn 0.5102 -0.4062 0.7581
vn 0.6218 -0.5368 0.5703
vn 0.6933 -0.6356 0.3397
vn 0.7182 -0.6914 0.0788
vn 0.0053 -0.0989 -0.9951
vn 0.1904 -0.2737 -0.9428
vn 0.3626 -0.4299 -0.8269
vn 0.5104 -0.5572 -0.6551
vn 0.6237 -0.6468 -0.4389
vn 0.4001 -0.2271 0.8879
vn 0.5715 -0.3532 0.7407
vn 0.7009 -0.4586 0.5463
vn 0.7835 -0.5356 0.3152
vn 0.8148 -0.5765 0.0604
vn 0.0317 -0.0671 -0.9972
vn 0.2408 -0.2130 -0.9469
vn 0.4336 -0.3444 -0.8327
vn 0.5972 -0.4527 -0.6622
vn 0.7205 -0.5304 -0.4468
vn 0.4358 -0.1945 0.8788
vn 0.6301 -0.2906 0.7201
vn 0.7716 -0.3679 0.5189
vn 0.8594 -0.4217 0.2892
vn 0.8932 -0.4475 0.0436
vn 0.0530 -0.0315 -0.9981
vn 0.2814 -0.1451 -0.9486
vn 0.4908 -0.2489 -0.8350
vn 0.6671 -0.3360 -0.6650
vn 0.7983 -0.4003 -0.4499
vn 0.4733 -0.1554 0.8671
vn 0.6862 -0.2172 0.6942
vn 0.8328 -0.2647 0.4861
vn 0.9192 -0.2954 0.2605
vn 0.9513 -0.3070 0.0280
vn 0.0686 0.0069 -0.9976
vn 0.3111 -0.0719 -0.9476
vn 0.5326 -0.1458 -0.8337
vn 0.7182 -0.2099 -0.6634
vn 0.8553 -0.2598 -0.4482
vn 0.5153 -0.1072 0.8503
vn 0.7408 -0.1310 0.6588
vn 0.8832 -0.1486 0.4447
vn 0.9609 -0.1582 0.2273
vn 0.9874 -0.1580 0.0127
vn 0.0781 0.0472 -0.9958
vn 0.3293 0.0050 -0.9442
vn 0.5582 -0.0376 -0.8289
vn 0.7494 -0.0776 -0.6575
vn 0.8901 -0.1124 -0.4416
vn 0.5198 -0.0796 0.8506
vn 0.7618 -0.0701 0.6440
vn 0.9051 -0.0608 0.4208
vn 0.9771 -0.0516 0.2064
vn 0.9992 -0.0408 0.0044
vn 0.0785 0.0782 -0.9938
vn 0.3332 0.0640 -0.9407
vn 0.5652 0.0454 -0.8237
vn 0.7588 0.0238 -0.6508
vn 0.9010 0.0005 -0.4339
vn -0.1683 0.3447 -0.9235
vn -0.1377 0.3446 -0.9286
vn -0.1405 0.5755 -0.8056
vn -0.0823 0.5722 -0.8160
vn -0.1031 0.7671 -0.6332
vn -0.0213 0.7611 -0.6483
vn -0.0588 0.9066 -0.4178
vn 0.0412 0.8986 -0.4368
vn -0.0105 0.9847 -0.1741
vn 0.1008 0.9755 -0.1957
vn 0.2192 0.1834 0.9583
vn 0.1883 0.1828 0.9649
vn 0.2371 0.4323 0.8700
vn 0.1784 0.4347 0.8827
vn 0.2386 0.6485 0.7229
vn 0.1563 0.6537 0.7405
vn 0.2242 0.8183 0.5292
vn 0.1240 0.8258 0.5501
vn 0.1952 0.9328 0.3030
vn 0.0839 0.9418 0.3256
vn -0.0981 0.3356 -0.9369
vn -0.0067 0.5550 -0.8318
vn 0.0851 0.7369 -0.6706
vn 0.1712 0.8691 -0.4640
vn 0.2457 0.9426 -0.2260
vn 0.2598 0.1754 0.9496
vn 0.3141 0.4167 0.8531
vn 0.3463 0.6258 0.6990
vn 0.3548 0.7898 0.5004
vn 0.3401 0.9003 0.2717
vn -0.0605 0.3205 -0.9453
vn 0.0650 0.5261 -0.8479
vn 0.1861 0.6962 -0.6933
vn 0.2947 0.8193 -0.4918
vn 0.3834 0.8871 -0.2569
vn 0.2989 0.1616 0.9405
vn 0.3880 0.3899 0.8351
vn 0.4492 0.5870 0.6735
vn 0.4793 0.7412 0.4699
vn 0.4779 0.8452 0.2392
vn -0.0257 0.2995 -0.9538
vn 0.1313 0.4861 -0.8640
vn 0.2794 0.6398 -0.7159
vn 0.4087 0.7504 -0.5194
vn 0.5104 0.8104 -0.2877
vn 0.3359 0.1424 0.9311
vn 0.4576 0.3526 0.8163
vn 0.5452 0.5332 0.6469
vn 0.5947 0.6740 0.4383
vn 0.6051 0.7690 0.2060
vn 0.0052 0.2732 -0.9620
vn 0.1904 0.4359 -0.8796
vn 0.3626 0.5692 -0.7379
vn 0.5104 0.6641 -0.5463
vn 0.6237 0.7142 -0.3177
vn 0.3704 0.1183 0.9213
vn 0.5216 0.3056 0.7966
vn 0.6325 0.4655 0.6191
vn 0.6984 0.5895 0.4059
vn 0.7187 0.6736 0.1727
vn 0.0317 0.2422 -0.9697
vn 0.2408 0.3769 -0.8944
vn 0.4336 0.4861 -0.7587
vn 0.5972 0.5625 -0.5718
vn 0.7205 0.6010 -0.3461
vn 0.4019 0.0896 0.9113
vn 0.5792 0.2498 0.7760
vn 0.7094 0.3854 0.5901
vn 0.7881 0.4899 0.3727
vn 0.8158 0.5612 0.1398
vn 0.0530 0.2074 -0.9768
vn 0.2814 0.3104 -0.9080
vn 0.4908 0.3925 -0.7779
vn 0.6671 0.4482 -0.5951
vn 0.7983 0.4735 -0.3721
vn 0.4306 0.0568 0.9007
vn 0.6300 0.1863 0.7539
vn 0.7749 0.2945 0.5594
vn 0.8620 0.3773 0.3386
vn 0.8942 0.4346 0.1075
vn 0.0686 0.1695 -0.9831
vn 0.3111 0.2382 -0.9200
vn 0.5326 0.2908 -0.7948
vn 0.7182 0.3238 -0.6159
vn 0.8553 0.3349 -0.3952
vn 0.4568 0.0203 0.8893
vn 0.6740 0.1158 0.7296
vn 0.8279 0.1943 0.5261
vn 0.9184 0.2542 0.3031
vn 0.9519 0.2968 0.0760
vn 0.0781 0.1295 -0.9885
vn 0.3293 0.1619 -0.9303
vn 0.5582 0.1834 -0.8092
vn 0.7494 0.1926 -0.6335
vn 0.8901 0.1887 -0.4148
vn 0.4814 -0.0202 0.8763
vn 0.7118 0.0387 0.7014
vn 0.8682 0.0863 0.4886
vn 0.9563 0.1230 0.2653
vn 0.9875 0.1511 0.0450
vn 0.0785 0.0986 -0.9920
vn 0.3332 0.1032 -0.9372
vn 0.5652 0.1008 -0.8187
vn 0.7588 0.0916 -0.6448
vn 0.9010 0.0761 -0.4272
vn 0.5048 -0.0587 0.8612
vn 0.7432 -0.0297 0.6684
vn 0.8946 -0.0037 0.4469
vn 0.9738 0.0186 0.2267
vn 0.9991 0.0380 0.0177
vn 0.2007 0.9179 0.3422
vn 0.0904 0.9277 0.3622
vn 0.2280 0.7761 0.5880
vn 0.1328 0.7857 0.6042
vn 0.2365 0.5844 0.7762
vn 0.1631 0.5932 0.7883
vn 0.2297 0.3661 0.9018
vn 0.1810 0.3734 0.9098
vn 0.2113 0.1374 0.9677
vn 0.1879 0.1426 0.9718
vn 0.3439 0.8861 0.3108
vn 0.3518 0.7499 0.5603
vn 0.3327 0.5651 0.7549
vn 0.2940 0.3537 0.8879
vn 0.2426 0.1315 0.9612
vn 0.4800 0.8324 0.2768
vn 0.4704 0.7061 0.5293
vn 0.4257 0.5334 0.7310
vn 0.3567 0.3336 0.8726
vn 0.2733 0.1221 0.9541
vn 0.6059 0.7582 0.2409
vn 0.5814 0.6455 0.4953
vn 0.5141 0.4894 0.7044
vn 0.4171 0.3059 0.8558
vn 0.3031 0.1091 0.9467
vn 0.7186 0.6650 0.2034
vn 0.6828 0.5690 0.4583
vn 0.5969 0.4338 0.6749
vn 0.4747 0.2709 0.8374
vn 0.3318 0.0927 0.9388
vn 0.8155 0.5548 0.1647
vn 0.7727 0.4778 0.4180
vn 0.6732 0.3669 0.6420
vn 0.5296 0.2286 0.8169
vn 0.3596 0.0729 0.9303
vn 0.8940 0.4303 0.1249
vn 0.8492 0.3733 0.3736
vn 0.7424 0.2892 0.6044
vn 0.5818 0.1790 0.7934
vn 0.3867 0.0498 0.9208
vn 0.9521 0.2940 0.0839
vn 0.9105 0.2567 0.3242
vn 0.8036 0.2007 0.5603
vn 0.6319 0.1219 0.7654
vn 0.4138 0.0230 0.9101
vn 0.9881 0.1484 0.0410
vn 0.9553 0.1282 0.2665
vn 0.8581 0.0988 0.5040
vn 0.6837 0.0535 0.7278
vn 0.4434 -0.0095 0.8963
vn 0.9993 0.0357 0.0127
vn 0.9751 0.0196 0.2210
vn 0.8945 0.0012 0.4470
vn 0.7345 -0.0215 0.6783
vn 0.4820 -0.0494 0.8747
vn 0.0843 -0.9842 0.1557
vn 0.1959 -0.9711 0.1366
vn 0.1247 -0.9087 0.3984
vn 0.2255 -0.8963 0.3819
vn 0.1572 -0.7713 0.6168
vn 0.2401 -0.7601 0.6039
vn 0.1792 -0.5791 0.7953
vn 0.2381 -0.5698 0.7865
vn 0.1887 -0.3443 0.9197
vn 0.2190 -0.3377 0.9154
vn 0.3410 -0.9334 0.1115
vn 0.3563 -0.8628 0.3586
vn 0.3478 -0.7332 0.5844
vn 0.3147 -0.5512 0.7727
vn 0.2585 -0.3283 0.9085
vn 0.4788 -0.8734 0.0891
vn 0.4809 -0.8094 0.3372
vn 0.4507 -0.6901 0.5662
vn 0.3884 -0.5212 0.7600
vn 0.2966 -0.3131 0.9022
vn 0.6062 -0.7923 0.0699
vn 0.5964 -0.7370 0.3179
vn 0.5469 -0.6316 0.5496
vn 0.4577 -0.4803 0.7482
vn 0.3327 -0.2923 0.8966
vn 0.7198 -0.6921 0.0539
vn 0.7003 -0.6473 0.3009
vn 0.6344 -0.5587 0.5342
vn 0.5216 -0.4292 0.7374
vn 0.3663 -0.2663 0.8916
vn 0.8171 -0.5751 0.0413
vn 0.7902 -0.5421 0.2857
vn 0.7115 -0.4727 0.5200
vn 0.5790 -0.3686 0.7272
vn 0.3970 -0.2353 0.8871
vn 0.8955 -0.4440 0.0318
vn 0.8641 -0.4234 0.2721
vn 0.7768 -0.3747 0.5061
vn 0.6295 -0.2988 0.7173
vn 0.4247 -0.1993 0.8831
vn 0.9531 -0.3018 0.0250
vn 0.9203 -0.2933 0.2590
vn 0.8293 -0.2659 0.4915
vn 0.6725 -0.2201 0.7066
vn 0.4495 -0.1583 0.8791
vn 0.9882 -0.1519 0.0202
vn 0.9571 -0.1548 0.2450
vn 0.8679 -0.1483 0.4741
vn 0.7081 -0.1337 0.6933
vn 0.4720 -0.1128 0.8743
vn 0.9992 -0.0379 0.0119
vn 0.9736 -0.0512 0.2224
vn 0.8936 -0.0628 0.4445
vn 0.7405 -0.0734 0.6680
vn 0.4995 -0.0824 0.8624
vn 0.0170 0.9265 0.3760
vn -0.0927 0.9130 0.3972
vn 0.0696 0.7846 0.6161
vn -0.0246 0.7719 0.6353
vn 0.1143 0.5924 0.7975
vn 0.0418 0.5811 0.8127
vn 0.1487 0.3729 0.9159
vn 0.1006 0.3639 0.9260
vn 0.1721 0.1423 0.9747
vn 0.1490 0.1364 0.9794
vn -0.2364 0.8764 0.4195
vn -0.1491 0.7415 0.6541
vn -0.0549 0.5587 0.8276
vn 0.0361 0.3494 0.9363
vn 0.1176 0.1294 0.9846
vn -0.3738 0.8182 0.4368
vn -0.2694 0.6938 0.6679
vn -0.1492 0.5238 0.8387
vn -0.0272 0.3272 0.9445
vn 0.0868 0.1190 0.9891
vn -0.5017 0.7397 0.4485
vn -0.3832 0.6294 0.6761
vn -0.2397 0.4769 0.8456
vn -0.0886 0.2975 0.9506
vn 0.0568 0.1050 0.9928
vn -0.6173 0.6427 0.4538
vn -0.4886 0.5494 0.6778
vn -0.3258 0.4184 0.8478
vn -0.1479 0.2605 0.9541
vn 0.0277 0.0876 0.9958
vn -0.7180 0.5293 0.4521
vn -0.5840 0.4552 0.6722
vn -0.4067 0.3489 0.8443
vn -0.2051 0.2163 0.9545
vn -0.0007 0.0669 0.9978
vn -0.8015 0.4020 0.4426
vn -0.6679 0.3479 0.6579
vn -0.4822 0.2688 0.8338
vn -0.2607 0.1650 0.9512
vn -0.0286 0.0428 0.9987
vn -0.8661 0.2637 0.4246
vn -0.7392 0.2292 0.6333
vn -0.5524 0.1781 0.8144
vn -0.3156 0.1060 0.9429
vn -0.0568 0.0151 0.9983
vn -0.9105 0.1168 0.3968
vn -0.7976 0.0989 0.5950
vn -0.6202 0.0741 0.7810
vn -0.3752 0.0359 0.9262
vn -0.0884 -0.0184 0.9959
vn -0.9275 0.0036 0.3738
vn -0.8291 -0.0106 0.5590
vn -0.6716 -0.0249 0.7405
vn -0.4380 -0.0411 0.8980
vn -0.1309 -0.0597 0.9896
vn -0.1018 -0.9760 0.1924
vn 0.0095 -0.9855 0.1697
vn -0.0429 -0.9007 0.4323
vn 0.0573 -0.9098 0.4110
vn 0.0194 -0.7637 0.6452
vn 0.1016 -0.7722 0.6272
vn 0.0812 -0.5724 0.8159
vn 0.1396 -0.5798 0.8027
vn 0.1382 -0.3390 0.9306
vn 0.1682 -0.3447 0.9235
vn -0.2472 -0.9432 0.2217
vn -0.1743 -0.8717 0.4580
vn -0.0888 -0.7405 0.6662
vn 0.0042 -0.5564 0.8309
vn 0.0986 -0.3309 0.9385
vn -0.3857 -0.8878 0.2511
vn -0.2999 -0.8224 0.4835
vn -0.1927 -0.7008 0.6868
vn -0.0700 -0.5288 0.8458
vn 0.0604 -0.3170 0.9465
vn -0.5139 -0.8110 0.2797
vn -0.4168 -0.7539 0.5078
vn -0.2902 -0.6455 0.7064
vn -0.1401 -0.4903 0.8602
vn 0.0240 -0.2975 0.9544
vn -0.6288 -0.7146 0.3066
vn -0.5227 -0.6677 0.5300
vn -0.3796 -0.5756 0.7242
vn -0.2052 -0.4414 0.8736
vn -0.0099 -0.2726 0.9621
vn -0.7277 -0.6008 0.3308
vn -0.6153 -0.5656 0.5491
vn -0.4594 -0.4922 0.7394
vn -0.2643 -0.3826 0.8853
vn -0.0412 -0.2426 0.9693
vn -0.8084 -0.4724 0.3511
vn -0.6929 -0.4494 0.5639
vn -0.5285 -0.3965 0.7507
vn -0.3172 -0.3146 0.8947
vn -0.0696 -0.2076 0.9757
vn -0.8691 -0.3322 0.3665
vn -0.7542 -0.3212 0.5728
vn -0.5862 -0.2895 0.7567
vn -0.3636 -0.2374 0.9008
vn -0.0954 -0.1674 0.9813
vn -0.9084 -0.1835 0.3756
vn -0.7980 -0.1841 0.5739
vn -0.6322 -0.1733 0.7552
vn -0.4044 -0.1523 0.9018
vn -0.1196 -0.1227 0.9852
vn -0.9254 -0.0701 0.3725
vn -0.8249 -0.0812 0.5594
vn -0.6696 -0.0888 0.7374
vn -0.4457 -0.0932 0.8903
vn -0.1506 -0.0933 0.9842
vn 0.2189 0.1765 0.9596
vn 0.1885 0.1765 0.9661
vn 0.2372 0.4216 0.8752
vn 0.1793 0.4247 0.8874
vn 0.2394 0.6382 0.7317
vn 0.1578 0.6441 0.7485
vn 0.2254 0.8118 0.5387
vn 0.1257 0.8197 0.5589
vn 0.1962 0.9305 0.3093
vn 0.0850 0.9397 0.3314
vn 0.2585 0.1675 0.9514
vn 0.3127 0.4045 0.8594
vn 0.3457 0.6141 0.7095
vn 0.3554 0.7823 0.5116
vn 0.3411 0.8977 0.2790
vn 0.2962 0.1523 0.9429
vn 0.3845 0.3755 0.8433
vn 0.4468 0.5733 0.6868
vn 0.4790 0.7325 0.4838
vn 0.4788 0.8422 0.2480
vn 0.3309 0.1313 0.9345
vn 0.4507 0.3355 0.8272
vn 0.5400 0.5170 0.6641
vn 0.5929 0.6636 0.4561
vn 0.6058 0.7654 0.2172
vn 0.3619 0.1050 0.9263
vn 0.5098 0.2853 0.8116
vn 0.6232 0.4464 0.6422
vn 0.6946 0.5773 0.4292
vn 0.7191 0.6692 0.1872
vn 0.3883 0.0741 0.9185
vn 0.5602 0.2263 0.7968
vn 0.6943 0.3632 0.6213
vn 0.7815 0.4757 0.4038
vn 0.8159 0.5560 0.1589
vn 0.4096 0.0392 0.9114
vn 0.6008 0.1599 0.7832
vn 0.7514 0.2697 0.6022
vn 0.8513 0.3613 0.3804
vn 0.8937 0.4285 0.1328
vn 0.4252 0.0014 0.9051
vn 0.6305 0.0876 0.7712
vn 0.7933 0.1679 0.5852
vn 0.9025 0.2369 0.3597
vn 0.9507 0.2900 0.1097
vn 0.4347 -0.0386 0.8997
vn 0.6487 0.0114 0.7610
vn 0.8188 0.0606 0.5709
vn 0.9337 0.1057 0.3421
vn 0.9855 0.1437 0.0901
vn 0.4354 -0.0696 0.8975
vn 0.6530 -0.0475 0.7559
vn 0.8262 -0.0222 0.5629
vn 0.9433 0.0046 0.3319
vn 0.9964 0.0311 0.0783
vn 0.1885 -0.3444 0.9197
vn 0.2189 -0.3433 0.9134
vn 0.1793 -0.5748 0.7984
vn 0.2372 -0.5696 0.7870
vn 0.1578 -0.7662 0.6229
vn 0.2394 -0.7574 0.6075
vn 0.1257 -0.9055 0.4053
vn 0.2254 -0.8942 0.3869
vn 0.0850 -0.9834 0.1601
vn 0.1962 -0.9705 0.1400
vn 0.2585 -0.3330 0.9068
vn 0.3127 -0.5499 0.7745
vn 0.3457 -0.7298 0.5898
vn 0.3554 -0.8604 0.3653
vn 0.3411 -0.9328 0.1160
vn 0.2962 -0.3165 0.9012
vn 0.3845 -0.5186 0.7637
vn 0.4468 -0.6857 0.5747
vn 0.4789 -0.8064 0.3468
vn 0.4787 -0.8728 0.0953
vn 0.3309 -0.2944 0.8966
vn 0.4507 -0.4764 0.7549
vn 0.5401 -0.6262 0.5624
vn 0.5929 -0.7337 0.3317
vn 0.6058 -0.7917 0.0786
vn 0.3619 -0.2670 0.8932
vn 0.5098 -0.4242 0.7484
vn 0.6232 -0.5528 0.5532
vn 0.6946 -0.6440 0.3205
vn 0.7191 -0.6918 0.0661
vn 0.3883 -0.2352 0.8910
vn 0.5602 -0.3635 0.7443
vn 0.6943 -0.4673 0.5474
vn 0.7815 -0.5395 0.3134
vn 0.8159 -0.5753 0.0582
vn 0.4096 -0.1997 0.8901
vn 0.6008 -0.2957 0.7427
vn 0.7514 -0.3718 0.5451
vn 0.8513 -0.4228 0.3106
vn 0.8937 -0.4453 0.0550
vn 0.4252 -0.1612 0.8906
vn 0.6305 -0.2225 0.7436
vn 0.7933 -0.2687 0.5464
vn 0.9025 -0.2968 0.3122
vn 0.9507 -0.3048 0.0568
vn 0.4347 -0.1209 0.8924
vn 0.6487 -0.1456 0.7470
vn 0.8188 -0.1605 0.5512
vn 0.9337 -0.1645 0.3181
vn 0.9855 -0.1574 0.0633
vn 0.4354 -0.0901 0.8957
vn 0.6530 -0.0868 0.7524
vn 0.8262 -0.0776 0.5580
vn 0.9433 -0.0632 0.3258
vn 0.9964 -0.0445 0.0716
vn 0.1683 0.1762 0.9699
vn 0.1377 0.1751 0.9749
vn 0.1405 0.4241 0.8946
vn 0.0823 0.4190 0.9043
vn 0.1031 0.6432 0.7587
vn 0.0213 0.6345 0.7726
vn 0.0588 0.8186 0.5714
vn -0.0412 0.8073 0.5887
vn 0.0105 0.9384 0.3453
vn -0.1009 0.9256 0.3649
vn 0.0981 0.1648 0.9814
vn 0.0067 0.3994 0.9168
vn -0.0851 0.6069 0.7902
vn -0.1712 0.7735 0.6103
vn -0.2457 0.8879 0.3889
vn 0.0605 0.1484 0.9871
vn -0.0650 0.3680 0.9275
vn -0.1861 0.5628 0.8054
vn -0.2947 0.7196 0.6288
vn -0.3834 0.8278 0.4096
vn 0.0257 0.1263 0.9917
vn -0.1313 0.3258 0.9363
vn -0.2794 0.5033 0.8177
vn -0.4087 0.6469 0.6438
vn -0.5104 0.7468 0.4264
vn -0.0052 0.0989 0.9951
vn -0.1903 0.2737 0.9428
vn -0.3626 0.4299 0.8269
vn -0.5104 0.5572 0.6551
vn -0.6237 0.6468 0.4389
vn -0.0317 0.0671 0.9972
vn -0.2408 0.2130 0.9469
vn -0.4336 0.3444 0.8327
vn -0.5972 0.4527 0.6622
vn -0.7205 0.5304 0.4468
vn -0.0530 0.0315 0.9981
vn -0.2814 0.1451 0.9486
vn -0.4908 0.2489 0.8350
vn -0.6671 0.3360 0.6650
vn -0.7983 0.4003 0.4499
vn -0.0686 -0.0069 0.9976
vn -0.3111 0.0719 0.9476
vn -0.5326 0.1458 0.8337
vn -0.7182 0.2099 0.6634
vn -0.8554 0.2598 0.4482
vn -0.0781 -0.0472 0.9958
vn -0.3293 -0.0050 0.9442
vn -0.5582 0.0376 0.8289
vn -0.7494 0.0776 0.6575
vn -0.8901 0.1124 0.4416
vn -0.0785 -0.0782 0.9938
vn -0.3332 -0.0640 0.9407
vn -0.5652 -0.0454 0.8237
vn -0.7588 -0.0238 0.6508
vn -0.9010 -0.0006 0.4339
vn 0.1377 -0.3446 0.9286
vn 0.1683 -0.3447 0.9235
vn 0.0823 -0.5722 0.8160
vn 0.1405 -0.5755 0.8056
vn 0.0213 -0.7611 0.6483
vn 0.1031 -0.7671 0.6332
vn -0.0412 -0.8986 0.4368
vn 0.0588 -0.9066 0.4178
vn -0.1009 -0.9755 0.1957
vn 0.0105 -0.9847 0.1741
vn 0.0981 -0.3356 0.9369
vn 0.0067 -0.5550 0.8318
vn -0.0851 -0.7370 0.6706
vn -0.1712 -0.8691 0.4640
vn -0.2457 -0.9426 0.2260
vn 0.0605 -0.3205 0.9453
vn -0.0650 -0.5261 0.8479
vn -0.1861 -0.6962 0.6933
vn -0.2947 -0.8193 0.4918
vn -0.3834 -0.8871 0.2569
vn 0.0257 -0.2995 0.9538
vn -0.1313 -0.4861 0.8640
vn -0.2794 -0.6398 0.7159
vn -0.4087 -0.7504 0.5194
vn -0.5104 -0.8104 0.2877
vn -0.0052 -0.2732 0.9620
vn -0.1904 -0.4359 0.8796
vn -0.3626 -0.5692 0.7379
vn -0.5104 -0.6641 0.5463
vn -0.6237 -0.7142 0.3177
vn -0.0317 -0.2422 0.9697
vn -0.2408 -0.3769 0.8944
vn -0.4336 -0.4861 0.7587
vn -0.5972 -0.5625 0.5718
vn -0.7205 -0.6010 0.3461
vn -0.0530 -0.2074 0.9768
vn -0.2814 -0.3104 0.9080
vn -0.4908 -0.3925 0.7779
vn -0.6670 -0.4482 0.5951
vn -0.7983 -0.4735 0.3721
vn -0.0686 -0.1695 0.9831
vn -0.3111 -0.2382 0.9200
vn -0.5326 -0.2908 0.7948
vn -0.7182 -0.3238 0.6159
vn -0.8553 -0.3349 0.3952
vn -0.0781 -0.1295 0.9885
vn -0.3292 -0.1619 0.9303
vn -0.5582 -0.1834 0.8092
vn -0.7494 -0.1926 0.6335
vn -0.8901 -0.1887 0.4148
vn -0.0785 -0.0986 0.9920
vn -0.3332 -0.1032 0.9372
vn -0.5652 -0.1008 0.8187
vn -0.7588 -0.0916 0.6448
vn -0.9010 -0.0761 0.4272
vn -0.0264 -0.9995 -0.0172
vn 0.1871 -0.0202 0.9821
vn 0.1369 -0.1360 0.9812
vn 0.9448 -0.2973 -0.1381
vn -0.2484 0.1069 -0.9627
vn -0.1655 0.9848 0.0521
vn -0.1413 0.9734 0.1801
vn 0.1413 0.9899 -0.0053
vn -0.2910 0.9345 0.2049
vn -0.9565 0.1336 0.2593
vn -0.8055 -0.5918 0.0327
vn -0.7813 -0.6031 0.1607
vn -0.8617 -0.4715 0.1875
vn 0.1413 -0.9734 -0.1802
vn 0.7055 0.7087 -0.0033
vn 0.2910 -0.9345 -0.2050
vn 0.7813 0.6032 -0.1607
vn 0.8055 0.5918 -0.0326
vn 0.9807 0.1660 -0.1037
vn -0.2254 -0.8118 -0.5387
vn -0.1793 -0.4247 -0.8874
vn -0.4789 -0.7325 -0.4838
vn -0.5929 -0.6636 -0.4561
vn -0.5400 -0.5170 -0.6641
vn -0.5098 -0.2853 -0.8116
vn -0.4096 -0.0392 -0.9114
vn -0.9025 -0.2369 -0.3597
vn -0.0850 0.9834 -0.1601
vn -0.4787 0.8728 -0.0953
vn -0.4789 0.8064 -0.3468
vn -0.4096 0.1997 -0.8901
vn 0.1009 -0.9256 -0.3649
vn 0.1903 -0.2737 -0.9428
vn 0.0052 -0.0989 -0.9951
vn 0.8554 -0.2598 -0.4482
vn 0.1009 0.9755 -0.1957
vn 0.0851 0.7370 -0.6706
vn 0.7205 0.6010 -0.3460
vn 0.6670 0.4482 -0.5951
vn 0.3292 0.1619 -0.9303
vn -0.1008 -0.9755 0.1957
vn -0.1903 -0.4359 0.8796
vn -0.7205 -0.6010 0.3460
vn -0.6671 -0.4482 0.5951
vn -0.8554 -0.3349 0.3952
vn -0.7494 -0.1926 0.6334
vn -0.7589 -0.0916 0.6448
vn -0.9010 -0.0761 0.4271
vn 0.1032 0.6432 0.7587
vn -0.5104 0.5572 0.6550
vn -0.5972 0.4527 0.6621
vn -0.6671 0.3360 0.6649
vn -0.3292 -0.0050 0.9442
vn -0.7589 -0.0238 0.6508
vn -0.9010 -0.0005 0.4339
vn 0.4790 -0.8064 0.3468
vn 0.4788 -0.8728 0.0954
vn 0.5400 -0.6262 0.5624
vn 0.5098 -0.4243 0.7484
vn 0.4096 -0.1996 0.8901
vn 0.2254 0.8117 0.5388
vn 0.4789 0.7325 0.4838
vn 0.5400 0.5170 0.6642
vn 0.5929 0.6636 0.4562
vn 0.3619 0.1051 0.9263
vn 0.6946 0.5773 0.4293
vn 0.4096 0.0393 0.9114
vn 0.9025 0.2370 0.3597
vn 0.9855 0.1437 0.0902
usemtl black_r
s 1
f 779/1/1 471/2/2 534/3/3 771/4/4
f 750/5/5 254/6/6 247/7/7 757/8/8
f 170/9/9 625/10/10 632/11/11 177/12/12
f 156/13/13 471/2/2 779/1/1 617/14/14
f 177/12/12 632/11/11 639/15/15 184/16/16
f 184/16/16 639/15/15 646/17/17 191/18/18
f 191/18/18 646/17/17 653/19/19 198/20/20
f 198/21/20 653/22/19 660/23/21 205/24/22
f 205/24/22 660/23/21 667/25/23 212/26/24
f 212/26/24 667/25/23 674/27/25 219/28/26
f 219/28/26 674/27/25 681/29/27 226/30/28
f 757/8/8 247/7/7 233/31/29 764/32/30
f 688/33/31 764/32/30 233/31/29 163/34/32
f 541/35/33 240/36/34 702/37/35 848/38/36
f 309/39/37 324/40/38 1079/41/39 1087/42/40
f 694/43/41 303/44/42 296/45/43 708/46/44
f 708/46/44 296/45/43 289/47/45 715/48/46
f 715/48/46 289/47/45 282/49/47 722/50/48
f 722/50/48 282/49/47 275/51/49 729/52/50
f 729/53/50 275/54/49 268/55/51 736/56/52
f 736/56/52 268/55/51 261/57/53 743/58/54
f 743/58/54 261/57/53 254/6/6 750/5/5
f 702/37/35 240/36/34 303/44/42 694/43/41
f 827/59/55 485/60/56 478/61/57 834/62/58
f 541/35/33 848/38/36 856/63/59 555/64/60
f 771/4/4 534/3/3 527/65/61 785/66/62
f 785/66/62 527/65/61 520/67/63 792/68/64
f 792/68/64 520/67/63 513/69/65 799/70/66
f 799/70/66 513/69/65 506/71/67 806/72/68
f 806/72/68 506/71/67 499/73/69 813/74/70
f 813/74/70 499/73/69 492/75/71 820/76/72
f 820/76/72 492/75/71 485/60/56 827/59/55
f 464/77/73 548/78/74 919/79/75 841/80/76
f 611/81/77 912/82/78 919/79/75 548/78/74
f 562/83/79 863/84/80 870/85/81 569/86/82
f 569/86/82 870/85/81 877/87/83 576/88/84
f 576/88/84 877/87/83 884/89/85 583/90/86
f 583/90/86 884/89/85 891/91/87 590/92/88
f 590/92/88 891/91/87 898/93/89 597/94/90
f 597/94/90 898/93/89 905/95/91 604/96/92
f 604/96/92 905/95/91 912/82/78 611/81/77
f 926/97/93 1086/98/94 1080/99/95 1094/100/96 1101/101/97 1108/102/98 1115/103/99 1122/104/100 1129/105/101 1136/106/102 1143/107/103 1150/108/104 1226/109/105 1219/110/106 1212/111/107 1205/112/108 1198/113/109 1191/114/110 1184/115/111 1177/116/112 1170/117/113 1163/118/114 1157/119/115 1009/120/116 1003/121/117 1017/122/118 1024/123/119 1031/124/120 1038/125/121 1045/126/122 1052/127/123 1059/128/124 1066/129/125 1073/130/126 995/131/127 988/132/128 981/133/129 974/134/130 967/135/131 960/136/132 953/137/133 946/138/134 939/139/135 932/140/136
f 555/64/60 856/63/59 863/84/80 562/83/79
f 226/30/28 681/29/27 688/33/31 163/34/32
f 9/141/137 309/39/37 1087/42/40 925/142/138
f 78/143/139 93/144/140 1002/145/141 1010/146/142
f 64/147/143 71/148/144 933/149/145 940/150/146
f 57/151/147 64/147/143 940/150/146 947/152/148
f 50/153/149 57/151/147 947/152/148 954/154/150
f 43/155/151 50/153/149 954/154/150 961/156/152
f 36/157/153 43/155/151 961/156/152 968/158/154
f 29/159/155 36/157/153 968/158/154 975/160/156
f 22/161/157 29/159/155 975/160/156 982/162/158
f 86/163/159 1/164/160 996/165/161 1072/166/162
f 394/167/163 78/143/139 1010/146/142 1156/168/164
f 100/169/165 107/170/166 1023/171/167 1016/172/168
f 107/170/166 114/173/169 1030/174/170 1023/171/167
f 114/173/169 121/175/171 1037/176/172 1030/174/170
f 121/175/171 128/177/173 1044/178/174 1037/176/172
f 128/177/173 135/179/175 1051/180/176 1044/178/174
f 135/179/175 142/181/177 1058/182/178 1051/180/176
f 142/181/177 149/183/179 1065/184/180 1058/182/178
f 169/185/181 176/186/182 183/187/183 190/188/184 197/189/185 204/190/186 211/191/187 218/192/188 225/193/189 162/194/190 232/195/191 246/196/192 253/197/193 260/198/194 267/199/195 274/200/196 281/201/197 288/202/198 295/203/199 302/204/200 239/205/201 540/206/202 554/207/203 561/208/204 568/209/205 575/210/206 582/211/207 589/212/208 596/213/209 603/214/210 610/215/211 547/216/212 463/217/213 477/218/214 484/219/215 491/220/216 498/221/217 505/222/218 512/223/219 519/224/220 526/225/221 533/226/222 470/227/223 155/228/224
f 93/144/140 100/169/165 1016/172/168 1002/145/141
f 380/229/225 317/230/226 1149/231/227 1142/232/228
f 331/233/229 338/234/230 1100/235/231 1093/236/232
f 338/234/230 345/237/233 1107/238/234 1100/235/231
f 345/237/233 352/239/235 1114/240/236 1107/238/234
f 352/239/235 359/241/237 1121/242/238 1114/240/236
f 359/241/237 366/243/239 1128/244/240 1121/242/238
f 366/243/239 373/245/241 1135/246/242 1128/244/240
f 373/245/241 380/229/225 1142/232/228 1135/246/242
f 386/247/243 400/248/244 1220/249/245 1227/250/246
f 317/230/226 386/247/243 1227/250/246 1149/231/227
f 400/248/244 407/251/247 1213/252/248 1220/249/245
f 834/62/58 478/61/57 464/77/73 841/80/76
f 449/253/249 456/254/250 1164/255/251 1171/256/252
f 442/257/253 449/253/249 1171/256/252 1178/258/254
f 435/259/255 442/257/253 1178/258/254 1185/260/256
f 428/261/257 435/259/255 1185/260/256 1192/262/258
f 421/263/259 428/261/257 1192/262/258 1199/264/260
f 414/265/261 421/263/259 1199/264/260 1206/266/262
f 407/251/247 414/265/261 1206/266/262 1213/252/248
f 456/254/250 394/167/163 1156/168/164 1164/255/251
f 15/267/263 22/161/157 982/162/158 989/268/264
f 16/269/265 2/270/266 687/271/267 680/272/268
f 324/40/38 331/233/229 1093/236/232 1079/41/39
f 92/273/269 79/274/270 701/275/271 695/276/272
f 156/13/13 617/14/14 625/10/10 170/9/9
f 310/277/273 8/278/274 618/279/275 778/280/276
f 8/278/274 72/281/277 624/282/278 618/279/275
f 372/283/279 365/284/280 821/285/281 828/286/282
f 120/287/283 113/288/284 723/289/285 730/290/286
f 71/148/144 9/141/137 925/142/138 933/149/145
f 72/281/277 65/291/287 631/292/288 624/282/278
f 379/293/289 372/283/279 828/286/282 835/294/290
f 127/295/291 120/287/283 730/290/286 737/296/292
f 387/297/293 316/298/294 842/299/295 918/300/296
f 65/291/287 58/301/297 638/302/298 631/292/288
f 316/298/294 379/293/289 835/294/290 842/299/295
f 134/303/299 127/295/291 737/296/292 744/304/300
f 149/183/179 86/163/159 1072/166/162 1065/184/180
f 58/301/297 51/305/301 645/306/302 638/302/298
f 393/307/303 457/308/304 855/309/305 849/310/306
f 141/311/307 134/303/299 744/304/300 751/312/308
f 51/305/301 44/313/309 652/314/310 645/306/302
f 457/308/304 450/315/311 862/316/312 855/309/305
f 148/317/313 141/311/307 751/312/308 758/318/314
f 44/313/309 37/319/315 659/320/316 652/314/310
f 450/315/311 443/321/317 869/322/318 862/316/312
f 85/323/319 148/317/313 758/318/314 765/324/320
f 37/319/315 30/325/321 666/326/322 659/320/316
f 443/321/317 436/327/323 876/328/324 869/322/318
f 323/329/325 310/277/273 778/280/276 772/330/326
f 30/325/321 23/331/327 673/332/328 666/326/322
f 436/327/323 429/333/329 883/334/330 876/328/324
f 330/335/331 323/329/325 772/330/326 786/336/332
f 23/331/327 16/269/265 680/272/268 673/332/328
f 429/333/329 422/337/333 890/338/334 883/334/330
f 337/339/335 330/335/331 786/336/332 793/340/336
f 2/270/266 85/323/319 765/324/320 687/271/267
f 422/337/333 415/341/337 897/342/338 890/338/334
f 344/343/339 337/339/335 793/340/336 800/344/340
f 79/274/270 393/307/303 849/310/306 701/275/271
f 415/341/337 408/345/341 904/346/342 897/342/338
f 351/347/343 344/343/339 800/344/340 807/348/344
f 99/349/345 92/273/269 695/276/272 709/350/346
f 408/345/341 401/351/347 911/352/348 904/346/342
f 358/353/349 351/347/343 807/348/344 814/354/350
f 106/355/351 99/349/345 709/350/346 716/356/352
f 401/351/347 387/297/293 918/300/296 911/352/348
f 365/284/280 358/353/349 814/354/350 821/285/281
f 113/288/284 106/355/351 716/356/352 723/289/285
f 169/185/181 155/228/224 157/357/353 171/358/354
f 171/358/354 157/357/353 158/359/355 172/360/356
f 172/360/356 158/359/355 159/361/357 173/362/358
f 173/362/358 159/361/357 160/363/359 174/364/360
f 174/364/360 160/363/359 161/365/361 175/366/362
f 175/366/362 161/365/361 156/13/13 170/9/9
f 618/279/275 624/282/278 626/367/363 623/368/364
f 623/368/364 626/367/363 627/369/365 622/370/366
f 622/370/366 627/369/365 628/371/367 621/372/368
f 621/373/368 628/374/367 629/375/369 620/376/370
f 620/376/370 629/375/369 630/377/371 619/378/372
f 619/378/372 630/377/371 625/10/10 617/14/14
f 176/186/182 169/185/181 171/358/354 178/379/373
f 178/379/373 171/358/354 172/360/356 179/380/374
f 179/380/374 172/360/356 173/362/358 180/381/375
f 180/381/375 173/362/358 174/364/360 181/382/376
f 181/382/376 174/364/360 175/366/362 182/383/377
f 182/383/377 175/366/362 170/9/9 177/12/12
f 624/282/278 631/292/288 633/384/378 626/367/363
f 626/367/363 633/384/378 634/385/379 627/369/365
f 627/369/365 634/385/379 635/386/380 628/387/367
f 628/388/367 635/389/380 636/390/381 629/375/369
f 629/375/369 636/390/381 637/391/382 630/377/371
f 630/377/371 637/391/382 632/11/11 625/10/10
f 183/187/183 176/186/182 178/379/373 185/392/383
f 185/392/383 178/379/373 179/380/374 186/393/384
f 186/393/384 179/380/374 180/381/375 187/394/385
f 187/394/385 180/381/375 181/382/376 188/395/386
f 188/395/386 181/382/376 182/383/377 189/396/387
f 189/396/387 182/383/377 177/12/12 184/16/16
f 631/292/288 638/302/298 640/397/388 633/384/378
f 633/384/378 640/397/388 641/398/389 634/385/379
f 634/385/379 641/398/389 642/399/390 635/400/380
f 635/401/380 642/402/390 643/403/391 636/390/381
f 636/390/381 643/403/391 644/404/392 637/391/382
f 637/391/382 644/404/392 639/15/15 632/11/11
f 190/188/184 183/187/183 185/392/383 192/405/393
f 192/405/393 185/392/383 186/393/384 193/406/394
f 193/406/394 186/393/384 187/394/385 194/407/395
f 194/407/395 187/394/385 188/395/386 195/408/396
f 195/408/396 188/395/386 189/396/387 196/409/397
f 196/409/397 189/396/387 184/16/16 191/18/18
f 638/302/298 645/306/302 647/410/398 640/397/388
f 640/397/388 647/410/398 648/411/399 641/398/389
f 641/398/389 648/411/399 649/412/400 642/413/390
f 642/414/390 649/415/400 650/416/401 643/403/391
f 643/403/391 650/416/401 651/417/402 644/418/392
f 644/418/392 651/417/402 646/17/17 639/15/15
f 197/189/185 190/188/184 192/405/393 199/419/403
f 199/419/403 192/405/393 193/406/394 200/420/404
f 200/420/404 193/406/394 194/407/395 201/421/405
f 201/421/405 194/407/395 195/408/396 202/422/406
f 202/422/406 195/408/396 196/409/397 203/423/407
f 203/423/407 196/409/397 191/18/18 198/20/20
f 645/306/302 652/314/310 654/424/408 647/410/398
f 647/410/398 654/424/408 655/425/409 648/411/399
f 648/411/399 655/425/409 656/426/410 649/427/400
f 649/428/400 656/429/410 657/430/411 650/431/401
f 650/431/401 657/430/411 658/432/412 651/433/402
f 651/433/402 658/432/412 653/19/19 646/17/17
f 204/190/186 197/189/185 199/419/403 206/434/413
f 206/434/413 199/419/403 200/420/404 207/435/414
f 207/435/414 200/420/404 201/436/405 208/437/415
f 208/438/415 201/439/405 202/440/406 209/441/416
f 209/441/416 202/440/406 203/442/407 210/443/417
f 210/443/417 203/442/407 198/21/20 205/24/22
f 652/314/310 659/320/316 661/444/418 654/424/408
f 654/424/408 661/444/418 662/445/419 655/425/409
f 655/425/409 662/445/419 663/446/420 656/447/410
f 656/448/410 663/449/420 664/450/421 657/451/411
f 657/451/411 664/450/421 665/452/422 658/453/412
f 658/453/412 665/452/422 660/23/21 653/22/19
f 211/191/187 204/190/186 206/434/413 213/454/423
f 213/454/423 206/434/413 207/435/414 214/455/424
f 214/455/424 207/435/414 208/456/415 215/457/425
f 215/457/425 208/456/415 209/441/416 216/458/426
f 216/458/426 209/441/416 210/443/417 217/459/427
f 217/459/427 210/443/417 205/24/22 212/26/24
f 659/320/316 666/326/322 668/460/428 661/444/418
f 661/444/418 668/460/428 669/461/429 662/445/419
f 662/445/419 669/461/429 670/462/430 663/463/420
f 663/464/420 670/465/430 671/466/431 664/467/421
f 664/467/421 671/466/431 672/468/432 665/452/422
f 665/452/422 672/468/432 667/25/23 660/23/21
f 218/192/188 211/191/187 213/454/423 220/469/433
f 220/469/433 213/454/423 214/455/424 221/470/434
f 221/470/434 214/455/424 215/457/425 222/471/435
f 222/471/435 215/457/425 216/458/426 223/472/436
f 223/472/436 216/458/426 217/459/427 224/473/437
f 224/473/437 217/459/427 212/26/24 219/28/26
f 666/326/322 673/332/328 675/474/438 668/460/428
f 668/460/428 675/474/438 676/475/439 669/461/429
f 669/461/429 676/475/439 677/476/440 670/477/430
f 670/478/430 677/479/440 678/480/441 671/481/431
f 671/481/431 678/480/441 679/482/442 672/468/432
f 672/468/432 679/482/442 674/27/25 667/25/23
f 225/193/189 218/192/188 220/469/433 227/483/443
f 227/483/443 220/469/433 221/470/434 228/484/444
f 228/484/444 221/470/434 222/471/435 229/485/445
f 229/485/445 222/471/435 223/472/436 230/486/446
f 230/486/446 223/472/436 224/473/437 231/487/447
f 231/487/447 224/473/437 219/28/26 226/30/28
f 673/332/328 680/272/268 682/488/448 675/474/438
f 675/474/438 682/488/448 683/489/449 676/475/439
f 676/475/439 683/489/449 684/490/450 677/491/440
f 677/492/440 684/493/450 685/494/451 678/495/441
f 678/495/441 685/494/451 686/496/452 679/482/442
f 679/482/442 686/496/452 681/29/27 674/27/25
f 162/194/190 225/193/189 227/483/443 164/497/453
f 164/497/453 227/483/443 228/484/444 165/498/454
f 165/498/454 228/484/444 229/485/445 166/499/455
f 166/499/455 229/485/445 230/486/446 167/500/456
f 167/500/456 230/486/446 231/487/447 168/501/457
f 168/501/457 231/487/447 226/30/28 163/34/32
f 680/272/268 687/271/267 689/502/458 682/488/448
f 682/488/448 689/502/458 690/503/459 683/489/449
f 683/489/449 690/503/459 691/504/460 684/505/450
f 684/506/450 691/507/460 692/508/461 685/509/451
f 685/509/451 692/508/461 693/510/462 686/496/452
f 686/496/452 693/510/462 688/33/31 681/29/27
f 695/276/272 701/275/271 703/511/463 700/512/464
f 700/512/464 703/511/463 704/513/465 699/514/466
f 699/514/466 704/513/465 705/515/467 698/516/468
f 698/517/468 705/518/467 706/519/469 697/520/470
f 697/520/470 706/519/469 707/521/471 696/522/472
f 696/522/472 707/521/471 702/37/35 694/43/41
f 239/205/201 302/204/200 304/523/473 241/524/474
f 241/524/474 304/523/473 305/525/475 242/526/476
f 242/526/476 305/525/475 306/527/477 243/528/478
f 243/528/478 306/527/477 307/529/479 244/530/480
f 244/530/480 307/529/479 308/531/481 245/532/482
f 245/532/482 308/531/481 303/44/42 240/36/34
f 709/350/346 695/276/272 700/512/464 714/533/483
f 714/533/483 700/512/464 699/514/466 713/534/484
f 713/534/484 699/514/466 698/516/468 712/535/485
f 712/536/485 698/517/468 697/520/470 711/537/486
f 711/537/486 697/520/470 696/522/472 710/538/487
f 710/538/487 696/522/472 694/43/41 708/46/44
f 302/204/200 295/203/199 297/539/488 304/523/473
f 304/523/473 297/539/488 298/540/489 305/525/475
f 305/525/475 298/540/489 299/541/490 306/527/477
f 306/527/477 299/541/490 300/542/491 307/529/479
f 307/529/479 300/542/491 301/543/492 308/531/481
f 308/531/481 301/543/492 296/45/43 303/44/42
f 716/356/352 709/350/346 714/533/483 721/544/493
f 721/544/493 714/533/483 713/534/484 720/545/494
f 720/545/494 713/534/484 712/546/485 719/547/495
f 719/548/495 712/549/485 711/550/486 718/551/496
f 718/551/496 711/550/486 710/552/487 717/553/497
f 717/553/497 710/552/487 708/46/44 715/48/46
f 295/203/199 288/202/198 290/554/498 297/539/488
f 297/539/488 290/554/498 291/555/499 298/540/489
f 298/540/489 291/555/499 292/556/500 299/541/490
f 299/541/490 292/556/500 293/557/501 300/542/491
f 300/542/491 293/557/501 294/558/502 301/543/492
f 301/543/492 294/558/502 289/47/45 296/45/43
f 723/289/285 716/356/352 721/544/493 728/559/503
f 728/559/503 721/544/493 720/545/494 727/560/504
f 727/560/504 720/545/494 719/561/495 726/562/505
f 726/563/505 719/564/495 718/551/496 725/565/506
f 725/565/506 718/551/496 717/553/497 724/566/507
f 724/566/507 717/553/497 715/48/46 722/50/48
f 288/202/198 281/201/197 283/567/508 290/554/498
f 290/554/498 283/567/508 284/568/509 291/555/499
f 291/555/499 284/568/509 285/569/510 292/556/500
f 292/556/500 285/569/510 286/570/511 293/557/501
f 293/557/501 286/570/511 287/571/512 294/558/502
f 294/558/502 287/571/512 282/49/47 289/47/45
f 730/290/286 723/289/285 728/559/503 735/572/513
f 735/572/513 728/559/503 727/560/504 734/573/514
f 734/573/514 727/560/504 726/574/505 733/575/515
f 733/576/515 726/577/505 725/565/506 732/578/516
f 732/578/516 725/565/506 724/566/507 731/579/517
f 731/579/517 724/566/507 722/50/48 729/52/50
f 281/201/197 274/200/196 276/580/518 283/567/508
f 283/567/508 276/580/518 277/581/519 284/568/509
f 284/568/509 277/581/519 278/582/520 285/583/510
f 285/584/510 278/585/520 279/586/521 286/570/511
f 286/570/511 279/586/521 280/587/522 287/571/512
f 287/571/512 280/587/522 275/51/49 282/49/47
f 737/296/292 730/290/286 735/572/513 742/588/523
f 742/588/523 735/572/513 734/573/514 741/589/524
f 741/589/524 734/573/514 733/575/515 740/590/525
f 740/591/525 733/592/515 732/593/516 739/594/526
f 739/594/526 732/593/516 731/595/517 738/596/527
f 738/596/527 731/595/517 729/53/50 736/56/52
f 274/200/196 267/199/195 269/597/528 276/580/518
f 276/580/518 269/597/528 270/598/529 277/581/519
f 277/581/519 270/598/529 271/599/530 278/600/520
f 278/600/520 271/599/530 272/601/531 279/602/521
f 279/602/521 272/601/531 273/603/532 280/604/522
f 280/604/522 273/603/532 268/55/51 275/54/49
f 744/304/300 737/296/292 742/588/523 749/605/533
f 749/605/533 742/588/523 741/589/524 748/606/534
f 748/606/534 741/589/524 740/607/525 747/608/535
f 747/609/535 740/610/525 739/594/526 746/611/536
f 746/611/536 739/594/526 738/596/527 745/612/537
f 745/612/537 738/596/527 736/56/52 743/58/54
f 267/199/195 260/198/194 262/613/538 269/597/528
f 269/597/528 262/613/538 263/614/539 270/598/529
f 270/598/529 263/614/539 264/615/540 271/599/530
f 271/599/530 264/615/540 265/616/541 272/601/531
f 272/601/531 265/616/541 266/617/542 273/603/532
f 273/603/532 266/617/542 261/57/53 268/55/51
f 751/312/308 744/304/300 749/605/533 756/618/543
f 756/618/543 749/605/533 748/606/534 755/619/544
f 755/619/544 748/606/534 747/620/535 754/621/545
f 754/622/545 747/623/535 746/611/536 753/624/546
f 753/624/546 746/611/536 745/612/537 752/625/547
f 752/625/547 745/612/537 743/58/54 750/5/5
f 260/198/194 253/197/193 255/626/548 262/613/538
f 262/613/538 255/626/548 256/627/549 263/614/539
f 263/614/539 256/627/549 257/628/550 264/615/540
f 264/615/540 257/628/550 258/629/551 265/616/541
f 265/616/541 258/629/551 259/630/552 266/617/542
f 266/617/542 259/630/552 254/6/6 261/57/53
f 758/318/314 751/312/308 756/618/543 763/631/553
f 763/631/553 756/618/543 755/619/544 762/632/554
f 762/632/554 755/619/544 754/621/545 761/633/555
f 761/634/555 754/622/545 753/624/546 760/635/556
f 760/635/556 753/624/546 752/625/547 759/636/557
f 759/636/557 752/625/547 750/5/5 757/8/8
f 253/197/193 246/196/192 248/637/558 255/626/548
f 255/626/548 248/637/558 249/638/559 256/627/549
f 256/627/549 249/638/559 250/639/560 257/628/550
f 257/628/550 250/639/560 251/640/561 258/629/551
f 258/629/551 251/640/561 252/641/562 259/630/552
f 259/630/552 252/641/562 247/7/7 254/6/6
f 765/324/320 758/318/314 763/631/553 770/642/563
f 770/642/563 763/631/553 762/632/554 769/643/564
f 769/643/564 762/632/554 761/644/555 768/645/565
f 768/646/565 761/647/555 760/648/556 767/649/566
f 767/649/566 760/648/556 759/636/557 766/650/567
f 766/650/567 759/636/557 757/8/8 764/32/30
f 246/196/192 232/195/191 234/651/568 248/637/558
f 248/637/558 234/651/568 235/652/569 249/638/559
f 249/638/559 235/652/569 236/653/570 250/639/560
f 250/639/560 236/653/570 237/654/571 251/640/561
f 251/640/561 237/654/571 238/655/572 252/641/562
f 252/641/562 238/655/572 233/31/29 247/7/7
f 772/330/326 778/280/276 780/656/573 777/657/574
f 777/657/574 780/656/573 781/658/575 776/659/576
f 776/659/576 781/658/575 782/660/577 775/661/578
f 775/662/578 782/663/577 783/664/579 774/665/580
f 774/665/580 783/664/579 784/666/581 773/667/582
f 773/667/582 784/666/581 779/1/1 771/4/4
f 470/227/223 533/226/222 535/668/583 472/669/584
f 472/669/584 535/668/583 536/670/585 473/671/586
f 473/671/586 536/670/585 537/672/587 474/673/588
f 474/673/588 537/672/587 538/674/589 475/675/590
f 475/675/590 538/674/589 539/676/591 476/677/592
f 476/677/592 539/676/591 534/3/3 471/2/2
f 786/336/332 772/330/326 777/657/574 791/678/593
f 791/678/593 777/657/574 776/659/576 790/679/594
f 790/679/594 776/659/576 775/680/578 789/681/595
f 789/682/595 775/683/578 774/665/580 788/684/596
f 788/684/596 774/665/580 773/667/582 787/685/597
f 787/685/597 773/667/582 771/4/4 785/66/62
f 533/226/222 526/225/221 528/686/598 535/668/583
f 535/668/583 528/686/598 529/687/599 536/670/585
f 536/670/585 529/687/599 530/688/600 537/672/587
f 537/672/587 530/688/600 531/689/601 538/674/589
f 538/674/589 531/689/601 532/690/602 539/676/591
f 539/676/591 532/690/602 527/65/61 534/3/3
f 793/340/336 786/336/332 791/678/593 798/691/603
f 798/691/603 791/678/593 790/679/594 797/692/604
f 797/692/604 790/679/594 789/693/595 796/694/605
f 796/695/605 789/696/595 788/684/596 795/697/606
f 795/697/606 788/684/596 787/685/597 794/698/607
f 794/698/607 787/685/597 785/66/62 792/68/64
f 526/225/221 519/224/220 521/699/608 528/686/598
f 528/686/598 521/699/608 522/700/609 529/687/599
f 529/687/599 522/700/609 523/701/610 530/688/600
f 530/688/600 523/701/610 524/702/611 531/689/601
f 531/689/601 524/702/611 525/703/612 532/690/602
f 532/690/602 525/703/612 520/67/63 527/65/61
f 800/344/340 793/340/336 798/691/603 805/704/613
f 805/704/613 798/691/603 797/692/604 804/705/614
f 804/705/614 797/692/604 796/706/605 803/707/615
f 803/708/615 796/709/605 795/697/606 802/710/616
f 802/710/616 795/697/606 794/711/607 801/712/617
f 801/712/617 794/711/607 792/68/64 799/70/66
f 519/224/220 512/223/219 514/713/618 521/699/608
f 521/699/608 514/713/618 515/714/619 522/700/609
f 522/700/609 515/714/619 516/715/620 523/701/610
f 523/701/610 516/715/620 517/716/621 524/702/611
f 524/702/611 517/716/621 518/717/622 525/703/612
f 525/703/612 518/717/622 513/69/65 520/67/63
f 807/348/344 800/344/340 805/704/613 812/718/623
f 812/718/623 805/704/613 804/705/614 811/719/624
f 811/719/624 804/705/614 803/720/615 810/721/625
f 810/722/625 803/723/615 802/724/616 809/725/626
f 809/725/626 802/724/616 801/726/617 808/727/627
f 808/727/627 801/726/617 799/70/66 806/72/68
f 512/223/219 505/222/218 507/728/628 514/713/618
f 514/713/618 507/728/628 508/729/629 515/714/619
f 515/714/619 508/729/629 509/730/630 516/715/620
f 516/715/620 509/730/630 510/731/631 517/716/621
f 517/716/621 510/731/631 511/732/632 518/717/622
f 518/717/622 511/732/632 506/71/67 513/69/65
f 814/354/350 807/348/344 812/718/623 819/733/633
f 819/733/633 812/718/623 811/719/624 818/734/634
f 818/734/634 811/719/624 810/735/625 817/736/635
f 817/737/635 810/738/625 809/739/626 816/740/636
f 816/740/636 809/739/626 808/727/627 815/741/637
f 815/741/637 808/727/627 806/72/68 813/74/70
f 505/222/218 498/221/217 500/742/638 507/728/628
f 507/728/628 500/742/638 501/743/639 508/729/629
f 508/729/629 501/743/639 502/744/640 509/730/630
f 509/730/630 502/744/640 503/745/641 510/731/631
f 510/731/631 503/745/641 504/746/642 511/732/632
f 511/732/632 504/746/642 499/73/69 506/71/67
f 821/285/281 814/354/350 819/733/633 826/747/643
f 826/747/643 819/733/633 818/734/634 825/748/644
f 825/748/644 818/734/634 817/749/635 824/750/645
f 824/750/645 817/749/635 816/751/636 823/752/646
f 823/752/646 816/751/636 815/741/637 822/753/647
f 822/753/647 815/741/637 813/74/70 820/76/72
f 498/221/217 491/220/216 493/754/648 500/742/638
f 500/742/638 493/754/648 494/755/649 501/743/639
f 501/743/639 494/755/649 495/756/650 502/744/640
f 502/744/640 495/756/650 496/757/651 503/745/641
f 503/745/641 496/757/651 497/758/652 504/746/642
f 504/746/642 497/758/652 492/75/71 499/73/69
f 828/286/282 821/285/281 826/747/643 833/759/653
f 833/759/653 826/747/643 825/748/644 832/760/654
f 832/760/654 825/748/644 824/750/645 831/761/655
f 831/761/655 824/750/645 823/752/646 830/762/656
f 830/762/656 823/752/646 822/753/647 829/763/657
f 829/763/657 822/753/647 820/76/72 827/59/55
f 491/220/216 484/219/215 486/764/658 493/754/648
f 493/754/648 486/764/658 487/765/659 494/755/649
f 494/755/649 487/765/659 488/766/660 495/756/650
f 495/756/650 488/766/660 489/767/661 496/757/651
f 496/757/651 489/767/661 490/768/662 497/758/652
f 497/758/652 490/768/662 485/60/56 492/75/71
f 835/294/290 828/286/282 833/759/653 840/769/663
f 840/769/663 833/759/653 832/760/654 839/770/664
f 839/770/664 832/760/654 831/761/655 838/771/665
f 838/771/665 831/761/655 830/762/656 837/772/666
f 837/772/666 830/762/656 829/763/657 836/773/667
f 836/773/667 829/763/657 827/59/55 834/62/58
f 484/219/215 477/218/214 479/774/668 486/764/658
f 486/764/658 479/774/668 480/775/669 487/765/659
f 487/765/659 480/775/669 481/776/670 488/766/660
f 488/766/660 481/776/670 482/777/671 489/767/661
f 489/767/661 482/777/671 483/778/672 490/768/662
f 490/768/662 483/778/672 478/61/57 485/60/56
f 842/299/295 835/294/290 840/769/663 847/779/673
f 847/779/673 840/769/663 839/770/664 846/780/674
f 846/780/674 839/770/664 838/771/665 845/781/675
f 845/781/675 838/771/665 837/772/666 844/782/676
f 844/782/676 837/772/666 836/773/667 843/783/677
f 843/783/677 836/773/667 834/62/58 841/80/76
f 477/218/214 463/217/213 465/784/678 479/774/668
f 479/774/668 465/784/678 466/785/679 480/775/669
f 480/775/669 466/785/679 467/786/680 481/776/670
f 481/776/670 467/786/680 468/787/681 482/777/671
f 482/777/671 468/787/681 469/788/682 483/778/672
f 483/778/672 469/788/682 464/77/73 478/61/57
f 554/207/203 540/206/202 542/789/683 556/790/684
f 556/790/684 542/789/683 543/791/685 557/792/686
f 557/792/686 543/791/685 544/793/687 558/794/688
f 558/794/688 544/793/687 545/795/689 559/796/690
f 559/796/690 545/795/689 546/797/691 560/798/692
f 560/798/692 546/797/691 541/35/33 555/64/60
f 849/310/306 855/309/305 857/799/693 854/800/694
f 854/800/694 857/799/693 858/801/695 853/802/696
f 853/802/696 858/801/695 859/803/697 852/804/698
f 852/805/698 859/806/697 860/807/699 851/808/700
f 851/808/700 860/807/699 861/809/701 850/810/702
f 850/810/702 861/809/701 856/63/59 848/38/36
f 561/208/204 554/207/203 556/790/684 563/811/703
f 563/811/703 556/790/684 557/792/686 564/812/704
f 564/812/704 557/792/686 558/794/688 565/813/705
f 565/813/705 558/794/688 559/796/690 566/814/706
f 566/814/706 559/796/690 560/798/692 567/815/707
f 567/815/707 560/798/692 555/64/60 562/83/79
f 855/309/305 862/316/312 864/816/708 857/799/693
f 857/799/693 864/816/708 865/817/709 858/801/695
f 858/801/695 865/817/709 866/818/710 859/803/697
f 859/806/697 866/819/710 867/820/711 860/807/699
f 860/807/699 867/820/711 868/821/712 861/809/701
f 861/809/701 868/821/712 863/84/80 856/63/59
f 568/209/205 561/208/204 563/811/703 570/822/713
f 570/822/713 563/811/703 564/812/704 571/823/714
f 571/823/714 564/812/704 565/813/705 572/824/715
f 572/824/715 565/813/705 566/814/706 573/825/716
f 573/825/716 566/814/706 567/815/707 574/826/717
f 574/826/717 567/815/707 562/83/79 569/86/82
f 862/316/312 869/322/318 871/827/718 864/816/708
f 864/816/708 871/827/718 872/828/719 865/817/709
f 865/817/709 872/828/719 873/829/720 866/830/710
f 866/831/710 873/832/720 874/833/721 867/834/711
f 867/834/711 874/833/721 875/835/722 868/836/712
f 868/836/712 875/835/722 870/85/81 863/84/80
f 575/210/206 568/209/205 570/822/713 577/837/723
f 577/837/723 570/822/713 571/823/714 578/838/724
f 578/838/724 571/823/714 572/824/715 579/839/725
f 579/839/725 572/824/715 573/825/716 580/840/726
f 580/840/726 573/825/716 574/826/717 581/841/727
f 581/841/727 574/826/717 569/86/82 576/88/84
f 869/322/318 876/328/324 878/842/728 871/827/718
f 871/827/718 878/842/728 879/843/729 872/828/719
f 872/828/719 879/843/729 880/844/730 873/845/720
f 873/846/720 880/847/730 881/848/731 874/833/721
f 874/833/721 881/848/731 882/849/732 875/835/722
f 875/835/722 882/849/732 877/87/83 870/85/81
f 582/211/207 575/210/206 577/837/723 584/850/733
f 584/850/733 577/837/723 578/838/724 585/851/734
f 585/851/734 578/838/724 579/839/725 586/852/735
f 586/852/735 579/839/725 580/840/726 587/853/736
f 587/853/736 580/840/726 581/841/727 588/854/737
f 588/854/737 581/841/727 576/88/84 583/90/86
f 876/328/324 883/334/330 885/855/738 878/842/728
f 878/842/728 885/855/738 886/856/739 879/843/729
f 879/843/729 886/856/739 887/857/740 880/858/730
f 880/859/730 887/860/740 888/861/741 881/848/731
f 881/848/731 888/861/741 889/862/742 882/849/732
f 882/849/732 889/862/742 884/89/85 877/87/83
f 589/212/208 582/211/207 584/850/733 591/863/743
f 591/863/743 584/850/733 585/851/734 592/864/744
f 592/864/744 585/851/734 586/852/735 593/865/745
f 593/865/745 586/852/735 587/853/736 594/866/746
f 594/866/746 587/853/736 588/854/737 595/867/747
f 595/867/747 588/854/737 583/90/86 590/92/88
f 883/334/330 890/338/334 892/868/748 885/855/738
f 885/855/738 892/868/748 893/869/749 886/856/739
f 886/856/739 893/869/749 894/870/750 887/857/740
f 887/871/740 894/872/750 895/873/751 888/861/741
f 888/861/741 895/873/751 896/874/752 889/862/742
f 889/862/742 896/874/752 891/91/87 884/89/85
f 596/213/209 589/212/208 591/863/743 598/875/753
f 598/875/753 591/863/743 592/864/744 599/876/754
f 599/876/754 592/864/744 593/865/745 600/877/755
f 600/877/755 593/865/745 594/866/746 601/878/756
f 601/878/756 594/866/746 595/867/747 602/879/757
f 602/879/757 595/867/747 590/92/88 597/94/90
f 890/338/334 897/342/338 899/880/758 892/868/748
f 892/868/748 899/880/758 900/881/759 893/869/749
f 893/869/749 900/881/759 901/882/760 894/883/750
f 894/883/750 901/882/760 902/884/761 895/873/751
f 895/873/751 902/884/761 903/885/762 896/874/752
f 896/874/752 903/885/762 898/93/89 891/91/87
f 603/214/210 596/213/209 598/875/753 605/886/763
f 605/886/763 598/875/753 599/876/754 606/887/764
f 606/887/764 599/876/754 600/877/755 607/888/765
f 607/888/765 600/877/755 601/878/756 608/889/766
f 608/889/766 601/878/756 602/879/757 609/890/767
f 609/890/767 602/879/757 597/94/90 604/96/92
f 897/342/338 904/346/342 906/891/768 899/880/758
f 899/880/758 906/891/768 907/892/769 900/881/759
f 900/881/759 907/892/769 908/893/770 901/882/760
f 901/882/760 908/893/770 909/894/771 902/884/761
f 902/884/761 909/894/771 910/895/772 903/885/762
f 903/885/762 910/895/772 905/95/91 898/93/89
f 610/215/211 603/214/210 605/886/763 612/896/773
f 612/896/773 605/886/763 606/887/764 613/897/774
f 613/897/774 606/887/764 607/888/765 614/898/775
f 614/898/775 607/888/765 608/889/766 615/899/776
f 615/899/776 608/889/766 609/890/767 616/900/777
f 616/900/777 609/890/767 604/96/92 611/81/77
f 904/346/342 911/352/348 913/901/778 906/891/768
f 906/891/768 913/901/778 914/902/779 907/892/769
f 907/892/769 914/902/779 915/903/780 908/893/770
f 908/893/770 915/903/780 916/904/781 909/894/771
f 909/894/771 916/904/781 917/905/782 910/895/772
f 910/895/772 917/905/782 912/82/78 905/95/91
f 547/216/212 610/215/211 612/896/773 549/906/783
f 549/906/783 612/896/773 613/897/774 550/907/784
f 550/907/784 613/897/774 614/898/775 551/908/785
f 551/908/785 614/898/775 615/899/776 552/909/786
f 552/909/786 615/899/776 616/900/777 553/910/787
f 553/910/787 616/900/777 611/81/77 548/78/74
f 911/352/348 918/300/296 920/911/788 913/901/778
f 913/901/778 920/911/788 921/912/789 914/902/779
f 914/902/779 921/912/789 922/913/790 915/903/780
f 915/903/780 922/913/790 923/914/791 916/904/781
f 916/904/781 923/914/791 924/915/792 917/905/782
f 917/905/782 924/915/792 919/79/75 912/82/78
f 155/228/224 470/227/223 472/669/584 157/357/353
f 157/357/353 472/669/584 473/671/586 158/359/355
f 158/359/355 473/671/586 474/673/588 159/361/357
f 159/361/357 474/673/588 475/675/590 160/363/359
f 160/363/359 475/675/590 476/677/592 161/365/361
f 161/365/361 476/677/592 471/2/2 156/13/13
f 778/280/276 618/279/275 623/368/364 780/656/573
f 780/656/573 623/368/364 622/370/366 781/658/575
f 781/658/575 622/370/366 621/372/368 782/660/577
f 782/663/577 621/373/368 620/376/370 783/664/579
f 783/664/579 620/376/370 619/378/372 784/666/581
f 784/666/581 619/378/372 617/14/14 779/1/1
f 687/271/267 765/324/320 770/642/563 689/502/458
f 689/502/458 770/642/563 769/643/564 690/503/459
f 690/503/459 769/643/564 768/645/565 691/916/460
f 691/917/460 768/646/565 767/649/566 692/508/461
f 692/508/461 767/649/566 766/650/567 693/510/462
f 693/510/462 766/650/567 764/32/30 688/33/31
f 232/195/191 162/194/190 164/497/453 234/651/568
f 234/651/568 164/497/453 165/498/454 235/652/569
f 235/652/569 165/498/454 166/499/455 236/653/570
f 236/653/570 166/499/455 167/500/456 237/654/571
f 237/654/571 167/500/456 168/501/457 238/655/572
f 238/655/572 168/501/457 163/34/32 233/31/29
f 841/80/76 919/79/75 924/915/792 843/783/677
f 843/783/677 924/915/792 923/914/791 844/782/676
f 844/782/676 923/914/791 922/913/790 845/781/675
f 845/781/675 922/913/790 921/912/789 846/780/674
f 846/780/674 921/912/789 920/911/788 847/779/673
f 847/779/673 920/911/788 918/300/296 842/299/295
f 848/38/36 702/37/35 707/521/471 850/810/702
f 850/810/702 707/521/471 706/519/469 851/808/700
f 851/808/700 706/519/469 705/518/467 852/805/698
f 852/804/698 705/515/467 704/513/465 853/802/696
f 853/802/696 704/513/465 703/511/463 854/800/694
f 854/800/694 703/511/463 701/275/271 849/310/306
f 540/206/202 239/205/201 241/524/474 542/789/683
f 542/789/683 241/524/474 242/526/476 543/791/685
f 543/791/685 242/526/476 243/528/478 544/793/687
f 544/793/687 243/528/478 244/530/480 545/795/689
f 545/795/689 244/530/480 245/532/482 546/797/691
f 546/797/691 245/532/482 240/36/34 541/35/33
f 548/78/74 464/77/73 469/788/682 553/910/787
f 553/910/787 469/788/682 468/787/681 552/909/786
f 552/909/786 468/787/681 467/786/680 551/908/785
f 551/908/785 467/786/680 466/785/679 550/907/784
f 550/907/784 466/785/679 465/784/678 549/906/783
f 549/906/783 465/784/678 463/217/213 547/216/212
f 9/141/137 71/148/144 73/918/793 14/919/794
f 14/919/794 73/918/793 74/920/795 13/921/796
f 13/921/796 74/920/795 75/922/797 12/923/798
f 12/923/798 75/922/797 76/924/799 11/925/800
f 11/925/800 76/924/799 77/926/801 10/927/802
f 10/927/802 77/926/801 72/281/277 8/278/274
f 71/148/144 64/147/143 66/928/803 73/918/793
f 73/918/793 66/928/803 67/929/804 74/920/795
f 74/920/795 67/929/804 68/930/805 75/922/797
f 75/922/797 68/930/805 69/931/806 76/924/799
f 76/924/799 69/931/806 70/932/807 77/926/801
f 77/926/801 70/932/807 65/291/287 72/281/277
f 64/147/143 57/151/147 59/933/808 66/928/803
f 66/928/803 59/933/808 60/934/809 67/929/804
f 67/929/804 60/934/809 61/935/810 68/930/805
f 68/930/805 61/935/810 62/936/811 69/931/806
f 69/931/806 62/936/811 63/937/812 70/932/807
f 70/932/807 63/937/812 58/301/297 65/291/287
f 57/151/147 50/153/149 52/938/813 59/933/808
f 59/933/808 52/938/813 53/939/814 60/934/809
f 60/934/809 53/939/814 54/940/815 61/935/810
f 61/935/810 54/940/815 55/941/816 62/936/811
f 62/936/811 55/941/816 56/942/817 63/937/812
f 63/937/812 56/942/817 51/305/301 58/301/297
f 50/153/149 43/155/151 45/943/818 52/938/813
f 52/938/813 45/943/818 46/944/819 53/939/814
f 53/939/814 46/944/819 47/945/820 54/940/815
f 54/940/815 47/945/820 48/946/821 55/941/816
f 55/941/816 48/946/821 49/947/822 56/942/817
f 56/942/817 49/947/822 44/313/309 51/305/301
f 43/155/151 36/157/153 38/948/823 45/943/818
f 45/943/818 38/948/823 39/949/824 46/944/819
f 46/944/819 39/949/824 40/950/825 47/945/820
f 47/945/820 40/950/825 41/951/826 48/946/821
f 48/946/821 41/951/826 42/952/827 49/947/822
f 49/947/822 42/952/827 37/319/315 44/313/309
f 36/157/153 29/159/155 31/953/828 38/948/823
f 38/948/823 31/953/828 32/954/829 39/949/824
f 39/949/824 32/954/829 33/955/830 40/950/825
f 40/950/825 33/955/830 34/956/831 41/951/826
f 41/951/826 34/956/831 35/957/832 42/952/827
f 42/952/827 35/957/832 30/325/321 37/319/315
f 29/159/155 22/161/157 24/958/833 31/953/828
f 31/953/828 24/958/833 25/959/834 32/954/829
f 32/954/829 25/959/834 26/960/835 33/955/830
f 33/955/830 26/960/835 27/961/836 34/956/831
f 34/956/831 27/961/836 28/962/837 35/957/832
f 35/957/832 28/962/837 23/331/327 30/325/321
f 22/161/157 15/267/263 17/963/838 24/958/833
f 24/958/833 17/963/838 18/964/839 25/959/834
f 25/959/834 18/964/839 19/965/840 26/960/835
f 26/960/835 19/965/840 20/966/841 27/961/836
f 27/961/836 20/966/841 21/967/842 28/962/837
f 28/962/837 21/967/842 16/269/265 23/331/327
f 15/267/263 1/164/160 3/968/843 17/963/838
f 17/963/838 3/968/843 4/969/844 18/964/839
f 18/964/839 4/969/844 5/970/845 19/965/840
f 19/965/840 5/970/845 6/971/846 20/966/841
f 20/966/841 6/971/846 7/972/847 21/967/842
f 21/967/842 7/972/847 2/270/266 16/269/265
f 93/144/140 78/143/139 80/973/848 98/974/849
f 98/974/849 80/973/848 81/975/850 97/976/851
f 97/976/851 81/975/850 82/977/852 96/978/853
f 96/978/853 82/977/852 83/979/854 95/980/855
f 95/980/855 83/979/854 84/981/856 94/982/857
f 94/982/857 84/981/856 79/274/270 92/273/269
f 100/169/165 93/144/140 98/974/849 105/983/858
f 105/983/858 98/974/849 97/976/851 104/984/859
f 104/984/859 97/976/851 96/978/853 103/985/860
f 103/985/860 96/978/853 95/980/855 102/986/861
f 102/986/861 95/980/855 94/982/857 101/987/862
f 101/987/862 94/982/857 92/273/269 99/349/345
f 107/170/166 100/169/165 105/983/858 112/988/863
f 112/988/863 105/983/858 104/984/859 111/989/864
f 111/989/864 104/984/859 103/985/860 110/990/865
f 110/990/865 103/985/860 102/986/861 109/991/866
f 109/991/866 102/986/861 101/987/862 108/992/867
f 108/992/867 101/987/862 99/349/345 106/355/351
f 114/173/169 107/170/166 112/988/863 119/993/868
f 119/993/868 112/988/863 111/989/864 118/994/869
f 118/994/869 111/989/864 110/990/865 117/995/870
f 117/995/870 110/990/865 109/991/866 116/996/871
f 116/996/871 109/991/866 108/992/867 115/997/872
f 115/997/872 108/992/867 106/355/351 113/288/284
f 121/175/171 114/173/169 119/993/868 126/998/873
f 126/998/873 119/993/868 118/994/869 125/999/874
f 125/999/874 118/994/869 117/995/870 124/1000/875
f 124/1000/875 117/995/870 116/996/871 123/1001/876
f 123/1001/876 116/996/871 115/997/872 122/1002/877
f 122/1002/877 115/997/872 113/288/284 120/287/283
f 128/177/173 121/175/171 126/998/873 133/1003/878
f 133/1003/878 126/998/873 125/999/874 132/1004/879
f 132/1004/879 125/999/874 124/1000/875 131/1005/880
f 131/1005/880 124/1000/875 123/1001/876 130/1006/881
f 130/1006/881 123/1001/876 122/1002/877 129/1007/882
f 129/1007/882 122/1002/877 120/287/283 127/295/291
f 135/179/175 128/177/173 133/1003/878 140/1008/883
f 140/1008/883 133/1003/878 132/1004/879 139/1009/884
f 139/1009/884 132/1004/879 131/1005/880 138/1010/885
f 138/1010/885 131/1005/880 130/1006/881 137/1011/886
f 137/1011/886 130/1006/881 129/1007/882 136/1012/887
f 136/1012/887 129/1007/882 127/295/291 134/303/299
f 142/181/177 135/179/175 140/1008/883 147/1013/888
f 147/1013/888 140/1008/883 139/1009/884 146/1014/889
f 146/1014/889 139/1009/884 138/1010/885 145/1015/890
f 145/1015/890 138/1010/885 137/1011/886 144/1016/891
f 144/1016/891 137/1011/886 136/1012/887 143/1017/892
f 143/1017/892 136/1012/887 134/303/299 141/311/307
f 149/183/179 142/181/177 147/1013/888 154/1018/893
f 154/1018/893 147/1013/888 146/1014/889 153/1019/894
f 153/1019/894 146/1014/889 145/1015/890 152/1020/895
f 152/1020/895 145/1015/890 144/1016/891 151/1021/896
f 151/1021/896 144/1016/891 143/1017/892 150/1022/897
f 150/1022/897 143/1017/892 141/311/307 148/317/313
f 86/163/159 149/183/179 154/1018/893 91/1023/898
f 91/1023/898 154/1018/893 153/1019/894 90/1024/899
f 90/1024/899 153/1019/894 152/1020/895 89/1025/900
f 89/1025/900 152/1020/895 151/1021/896 88/1026/901
f 88/1026/901 151/1021/896 150/1022/897 87/1027/902
f 87/1027/902 150/1022/897 148/317/313 85/323/319
f 324/40/38 309/39/37 311/1028/903 329/1029/904
f 329/1029/904 311/1028/903 312/1030/905 328/1031/906
f 328/1031/906 312/1030/905 313/1032/907 327/1033/908
f 327/1033/908 313/1032/907 314/1034/909 326/1035/910
f 326/1035/910 314/1034/909 315/1036/911 325/1037/912
f 325/1037/912 315/1036/911 310/277/273 323/329/325
f 331/233/229 324/40/38 329/1029/904 336/1038/913
f 336/1038/913 329/1029/904 328/1031/906 335/1039/914
f 335/1039/914 328/1031/906 327/1033/908 334/1040/915
f 334/1040/915 327/1033/908 326/1035/910 333/1041/916
f 333/1041/916 326/1035/910 325/1037/912 332/1042/917
f 332/1042/917 325/1037/912 323/329/325 330/335/331
f 338/234/230 331/233/229 336/1038/913 343/1043/918
f 343/1043/918 336/1038/913 335/1039/914 342/1044/919
f 342/1044/919 335/1039/914 334/1040/915 341/1045/920
f 341/1045/920 334/1040/915 333/1041/916 340/1046/921
f 340/1046/921 333/1041/916 332/1042/917 339/1047/922
f 339/1047/922 332/1042/917 330/335/331 337/339/335
f 345/237/233 338/234/230 343/1043/918 350/1048/923
f 350/1048/923 343/1043/918 342/1044/919 349/1049/924
f 349/1049/924 342/1044/919 341/1045/920 348/1050/925
f 348/1050/925 341/1045/920 340/1046/921 347/1051/926
f 347/1051/926 340/1046/921 339/1047/922 346/1052/927
f 346/1052/927 339/1047/922 337/339/335 344/343/339
f 352/239/235 345/237/233 350/1048/923 357/1053/928
f 357/1053/928 350/1048/923 349/1049/924 356/1054/929
f 356/1054/929 349/1049/924 348/1050/925 355/1055/930
f 355/1055/930 348/1050/925 347/1051/926 354/1056/931
f 354/1056/931 347/1051/926 346/1052/927 353/1057/932
f 353/1057/932 346/1052/927 344/343/339 351/347/343
f 359/241/237 352/239/235 357/1053/928 364/1058/933
f 364/1058/933 357/1053/928 356/1054/929 363/1059/934
f 363/1059/934 356/1054/929 355/1055/930 362/1060/935
f 362/1060/935 355/1055/930 354/1056/931 361/1061/936
f 361/1061/936 354/1056/931 353/1057/932 360/1062/937
f 360/1062/937 353/1057/932 351/347/343 358/353/349
f 366/243/239 359/241/237 364/1058/933 371/1063/938
f 371/1063/938 364/1058/933 363/1059/934 370/1064/939
f 370/1064/939 363/1059/934 362/1060/935 369/1065/940
f 369/1065/940 362/1060/935 361/1061/936 368/1066/941
f 368/1066/941 361/1061/936 360/1062/937 367/1067/942
f 367/1067/942 360/1062/937 358/353/349 365/284/280
f 373/245/241 366/243/239 371/1063/938 378/1068/943
f 378/1068/943 371/1063/938 370/1064/939 377/1069/944
f 377/1069/944 370/1064/939 369/1065/940 376/1070/945
f 376/1070/945 369/1065/940 368/1066/941 375/1071/946
f 375/1071/946 368/1066/941 367/1067/942 374/1072/947
f 374/1072/947 367/1067/942 365/284/280 372/283/279
f 380/229/225 373/245/241 378/1068/943 385/1073/948
f 385/1073/948 378/1068/943 377/1069/944 384/1074/949
f 384/1074/949 377/1069/944 376/1070/945 383/1075/950
f 383/1075/950 376/1070/945 375/1071/946 382/1076/951
f 382/1076/951 375/1071/946 374/1072/947 381/1077/952
f 381/1077/952 374/1072/947 372/283/279 379/293/289
f 317/230/226 380/229/225 385/1073/948 322/1078/953
f 322/1078/953 385/1073/948 384/1074/949 321/1079/954
f 321/1079/954 384/1074/949 383/1075/950 320/1080/955
f 320/1080/955 383/1075/950 382/1076/951 319/1081/956
f 319/1081/956 382/1076/951 381/1077/952 318/1082/957
f 318/1082/957 381/1077/952 379/293/289 316/298/294
f 394/167/163 456/254/250 458/1083/958 399/1084/959
f 399/1084/959 458/1083/958 459/1085/960 398/1086/961
f 398/1086/961 459/1085/960 460/1087/962 397/1088/963
f 397/1088/963 460/1087/962 461/1089/964 396/1090/965
f 396/1090/965 461/1089/964 462/1091/966 395/1092/967
f 395/1092/967 462/1091/966 457/308/304 393/307/303
f 456/254/250 449/253/249 451/1093/968 458/1083/958
f 458/1083/958 451/1093/968 452/1094/969 459/1085/960
f 459/1085/960 452/1094/969 453/1095/970 460/1087/962
f 460/1087/962 453/1095/970 454/1096/971 461/1089/964
f 461/1089/964 454/1096/971 455/1097/972 462/1091/966
f 462/1091/966 455/1097/972 450/315/311 457/308/304
f 449/253/249 442/257/253 444/1098/973 451/1093/968
f 451/1093/968 444/1098/973 445/1099/974 452/1094/969
f 452/1094/969 445/1099/974 446/1100/975 453/1095/970
f 453/1095/970 446/1100/975 447/1101/976 454/1096/971
f 454/1096/971 447/1101/976 448/1102/977 455/1097/972
f 455/1097/972 448/1102/977 443/321/317 450/315/311
f 442/257/253 435/259/255 437/1103/978 444/1098/973
f 444/1098/973 437/1103/978 438/1104/979 445/1099/974
f 445/1099/974 438/1104/979 439/1105/980 446/1100/975
f 446/1100/975 439/1105/980 440/1106/981 447/1101/976
f 447/1101/976 440/1106/981 441/1107/982 448/1102/977
f 448/1102/977 441/1107/982 436/327/323 443/321/317
f 435/259/255 428/261/257 430/1108/983 437/1103/978
f 437/1103/978 430/1108/983 431/1109/984 438/1104/979
f 438/1104/979 431/1109/984 432/1110/985 439/1105/980
f 439/1105/980 432/1110/985 433/1111/986 440/1106/981
f 440/1106/981 433/1111/986 434/1112/987 441/1107/982
f 441/1107/982 434/1112/987 429/333/329 436/327/323
f 428/261/257 421/263/259 423/1113/988 430/1108/983
f 430/1108/983 423/1113/988 424/1114/989 431/1109/984
f 431/1109/984 424/1114/989 425/1115/990 432/1110/985
f 432/1110/985 425/1115/990 426/1116/991 433/1111/986
f 433/1111/986 426/1116/991 427/1117/992 434/1112/987
f 434/1112/987 427/1117/992 422/337/333 429/333/329
f 421/263/259 414/265/261 416/1118/993 423/1113/988
f 423/1113/988 416/1118/993 417/1119/994 424/1114/989
f 424/1114/989 417/1119/994 418/1120/995 425/1115/990
f 425/1115/990 418/1120/995 419/1121/996 426/1116/991
f 426/1116/991 419/1121/996 420/1122/997 427/1117/992
f 427/1117/992 420/1122/997 415/341/337 422/337/333
f 414/265/261 407/251/247 409/1123/998 416/1118/993
f 416/1118/993 409/1123/998 410/1124/999 417/1119/994
f 417/1119/994 410/1124/999 411/1125/1000 418/1120/995
f 418/1120/995 411/1125/1000 412/1126/1001 419/1121/996
f 419/1121/996 412/1126/1001 413/1127/1002 420/1122/997
f 420/1122/997 413/1127/1002 408/345/341 415/341/337
f 407/251/247 400/248/244 402/1128/1003 409/1123/998
f 409/1123/998 402/1128/1003 403/1129/1004 410/1124/999
f 410/1124/999 403/1129/1004 404/1130/1005 411/1125/1000
f 411/1125/1000 404/1130/1005 405/1131/1006 412/1126/1001
f 412/1126/1001 405/1131/1006 406/1132/1007 413/1127/1002
f 413/1127/1002 406/1132/1007 401/351/347 408/345/341
f 400/248/244 386/247/243 388/1133/1008 402/1128/1003
f 402/1128/1003 388/1133/1008 389/1134/1009 403/1129/1004
f 403/1129/1004 389/1134/1009 390/1135/1010 404/1130/1005
f 404/1130/1005 390/1135/1010 391/1136/1011 405/1131/1006
f 405/1131/1006 391/1136/1011 392/1137/1012 406/1132/1007
f 406/1132/1007 392/1137/1012 387/297/293 401/351/347
f 309/39/37 9/141/137 14/919/794 311/1028/903
f 311/1028/903 14/919/794 13/921/796 312/1030/905
f 312/1030/905 13/921/796 12/923/798 313/1032/907
f 313/1032/907 12/923/798 11/925/800 314/1034/909
f 314/1034/909 11/925/800 10/927/802 315/1036/911
f 315/1036/911 10/927/802 8/278/274 310/277/273
f 1/164/160 86/163/159 91/1023/898 3/968/843
f 3/968/843 91/1023/898 90/1024/899 4/969/844
f 4/969/844 90/1024/899 89/1025/900 5/970/845
f 5/970/845 89/1025/900 88/1026/901 6/971/846
f 6/971/846 88/1026/901 87/1027/902 7/972/847
f 7/972/847 87/1027/902 85/323/319 2/270/266
f 316/298/294 387/297/293 392/1137/1012 318/1082/957
f 318/1082/957 392/1137/1012 391/1136/1011 319/1081/956
f 319/1081/956 391/1136/1011 390/1135/1010 320/1080/955
f 320/1080/955 390/1135/1010 389/1134/1009 321/1079/954
f 321/1079/954 389/1134/1009 388/1133/1008 322/1078/953
f 322/1078/953 388/1133/1008 386/247/243 317/230/226
f 393/307/303 79/274/270 84/981/856 395/1092/967
f 395/1092/967 84/981/856 83/979/854 396/1090/965
f 396/1090/965 83/979/854 82/977/852 397/1088/963
f 397/1088/963 82/977/852 81/975/850 398/1086/961
f 398/1086/961 81/975/850 80/973/848 399/1084/959
f 399/1084/959 80/973/848 78/143/139 394/167/163
f 926/97/93 932/140/136 934/1138/1013 931/1139/1014
f 931/1139/1014 934/1138/1013 935/1140/1015 930/1141/1016
f 930/1141/1016 935/1140/1015 936/1142/1017 929/1143/1018
f 929/1143/1018 936/1142/1017 937/1144/1019 928/1145/1020
f 928/1145/1020 937/1144/1019 938/1146/1021 927/1147/1022
f 927/1147/1022 938/1146/1021 933/149/145 925/142/138
f 932/140/136 939/139/135 941/1148/1023 934/1138/1013
f 934/1138/1013 941/1148/1023 942/1149/1024 935/1140/1015
f 935/1140/1015 942/1149/1024 943/1150/1025 936/1142/1017
f 936/1142/1017 943/1150/1025 944/1151/1026 937/1144/1019
f 937/1144/1019 944/1151/1026 945/1152/1027 938/1146/1021
f 938/1146/1021 945/1152/1027 940/150/146 933/149/145
f 939/139/135 946/138/134 948/1153/1028 941/1148/1023
f 941/1148/1023 948/1153/1028 949/1154/1029 942/1149/1024
f 942/1149/1024 949/1154/1029 950/1155/1030 943/1150/1025
f 943/1150/1025 950/1155/1030 951/1156/1031 944/1151/1026
f 944/1151/1026 951/1156/1031 952/1157/1032 945/1152/1027
f 945/1152/1027 952/1157/1032 947/152/148 940/150/146
f 946/138/134 953/137/133 955/1158/1033 948/1153/1028
f 948/1153/1028 955/1158/1033 956/1159/1034 949/1154/1029
f 949/1154/1029 956/1159/1034 957/1160/1035 950/1155/1030
f 950/1155/1030 957/1160/1035 958/1161/1036 951/1156/1031
f 951/1156/1031 958/1161/1036 959/1162/1037 952/1157/1032
f 952/1157/1032 959/1162/1037 954/154/150 947/152/148
f 953/137/133 960/136/132 962/1163/1038 955/1158/1033
f 955/1158/1033 962/1163/1038 963/1164/1039 956/1159/1034
f 956/1159/1034 963/1164/1039 964/1165/1040 957/1160/1035
f 957/1160/1035 964/1165/1040 965/1166/1041 958/1161/1036
f 958/1161/1036 965/1166/1041 966/1167/1042 959/1162/1037
f 959/1162/1037 966/1167/1042 961/156/152 954/154/150
f 960/136/132 967/135/131 969/1168/1043 962/1163/1038
f 962/1163/1038 969/1168/1043 970/1169/1044 963/1164/1039
f 963/1164/1039 970/1169/1044 971/1170/1045 964/1165/1040
f 964/1165/1040 971/1170/1045 972/1171/1046 965/1166/1041
f 965/1166/1041 972/1171/1046 973/1172/1047 966/1167/1042
f 966/1167/1042 973/1172/1047 968/158/154 961/156/152
f 967/135/131 974/134/130 976/1173/1048 969/1168/1043
f 969/1168/1043 976/1173/1048 977/1174/1049 970/1169/1044
f 970/1169/1044 977/1174/1049 978/1175/1050 971/1170/1045
f 971/1170/1045 978/1175/1050 979/1176/1051 972/1171/1046
f 972/1171/1046 979/1176/1051 980/1177/1052 973/1172/1047
f 973/1172/1047 980/1177/1052 975/160/156 968/158/154
f 974/134/130 981/133/129 983/1178/1053 976/1173/1048
f 976/1173/1048 983/1178/1053 984/1179/1054 977/1174/1049
f 977/1174/1049 984/1179/1054 985/1180/1055 978/1175/1050
f 978/1175/1050 985/1180/1055 986/1181/1056 979/1176/1051
f 979/1176/1051 986/1181/1056 987/1182/1057 980/1177/1052
f 980/1177/1052 987/1182/1057 982/162/158 975/160/156
f 981/133/129 988/132/128 990/1183/1058 983/1178/1053
f 983/1178/1053 990/1183/1058 991/1184/1059 984/1179/1054
f 984/1179/1054 991/1184/1059 992/1185/1060 985/1180/1055
f 985/1180/1055 992/1185/1060 993/1186/1061 986/1181/1056
f 986/1181/1056 993/1186/1061 994/1187/1062 987/1182/1057
f 987/1182/1057 994/1187/1062 989/268/264 982/162/158
f 988/132/128 995/131/127 997/1188/1063 990/1183/1058
f 990/1183/1058 997/1188/1063 998/1189/1064 991/1184/1059
f 991/1184/1059 998/1189/1064 999/1190/1065 992/1185/1060
f 992/1185/1060 999/1190/1065 1000/1191/1066 993/1186/1061
f 993/1186/1061 1000/1191/1066 1001/1192/1067 994/1187/1062
f 994/1187/1062 1001/1192/1067 996/165/161 989/268/264
f 1003/121/117 1009/120/116 1011/1193/1068 1008/1194/1069
f 1008/1194/1069 1011/1193/1068 1012/1195/1070 1007/1196/1071
f 1007/1196/1071 1012/1195/1070 1013/1197/1072 1006/1198/1073
f 1006/1198/1073 1013/1197/1072 1014/1199/1074 1005/1200/1075
f 1005/1200/1075 1014/1199/1074 1015/1201/1076 1004/1202/1077
f 1004/1202/1077 1015/1201/1076 1010/146/142 1002/145/141
f 1017/122/118 1003/121/117 1008/1194/1069 1022/1203/1078
f 1022/1203/1078 1008/1194/1069 1007/1196/1071 1021/1204/1079
f 1021/1204/1079 1007/1196/1071 1006/1198/1073 1020/1205/1080
f 1020/1205/1080 1006/1198/1073 1005/1200/1075 1019/1206/1081
f 1019/1206/1081 1005/1200/1075 1004/1202/1077 1018/1207/1082
f 1018/1207/1082 1004/1202/1077 1002/145/141 1016/172/168
f 1024/123/119 1017/122/118 1022/1203/1078 1029/1208/1083
f 1029/1208/1083 1022/1203/1078 1021/1204/1079 1028/1209/1084
f 1028/1209/1084 1021/1204/1079 1020/1205/1080 1027/1210/1085
f 1027/1210/1085 1020/1205/1080 1019/1206/1081 1026/1211/1086
f 1026/1211/1086 1019/1206/1081 1018/1207/1082 1025/1212/1087
f 1025/1212/1087 1018/1207/1082 1016/172/168 1023/171/167
f 1031/124/120 1024/123/119 1029/1208/1083 1036/1213/1088
f 1036/1213/1088 1029/1208/1083 1028/1209/1084 1035/1214/1089
f 1035/1214/1089 1028/1209/1084 1027/1210/1085 1034/1215/1090
f 1034/1215/1090 1027/1210/1085 1026/1211/1086 1033/1216/1091
f 1033/1216/1091 1026/1211/1086 1025/1212/1087 1032/1217/1092
f 1032/1217/1092 1025/1212/1087 1023/171/167 1030/174/170
f 1038/125/121 1031/124/120 1036/1213/1088 1043/1218/1093
f 1043/1218/1093 1036/1213/1088 1035/1214/1089 1042/1219/1094
f 1042/1219/1094 1035/1214/1089 1034/1215/1090 1041/1220/1095
f 1041/1220/1095 1034/1215/1090 1033/1216/1091 1040/1221/1096
f 1040/1221/1096 1033/1216/1091 1032/1217/1092 1039/1222/1097
f 1039/1222/1097 1032/1217/1092 1030/174/170 1037/176/172
f 1045/126/122 1038/125/121 1043/1218/1093 1050/1223/1098
f 1050/1223/1098 1043/1218/1093 1042/1219/1094 1049/1224/1099
f 1049/1224/1099 1042/1219/1094 1041/1220/1095 1048/1225/1100
f 1048/1225/1100 1041/1220/1095 1040/1221/1096 1047/1226/1101
f 1047/1226/1101 1040/1221/1096 1039/1222/1097 1046/1227/1102
f 1046/1227/1102 1039/1222/1097 1037/176/172 1044/178/174
f 1052/127/123 1045/126/122 1050/1223/1098 1057/1228/1103
f 1057/1228/1103 1050/1223/1098 1049/1224/1099 1056/1229/1104
f 1056/1229/1104 1049/1224/1099 1048/1225/1100 1055/1230/1105
f 1055/1230/1105 1048/1225/1100 1047/1226/1101 1054/1231/1106
f 1054/1231/1106 1047/1226/1101 1046/1227/1102 1053/1232/1107
f 1053/1232/1107 1046/1227/1102 1044/178/174 1051/180/176
f 1059/128/124 1052/127/123 1057/1228/1103 1064/1233/1108
f 1064/1233/1108 1057/1228/1103 1056/1229/1104 1063/1234/1109
f 1063/1234/1109 1056/1229/1104 1055/1230/1105 1062/1235/1110
f 1062/1235/1110 1055/1230/1105 1054/1231/1106 1061/1236/1111
f 1061/1236/1111 1054/1231/1106 1053/1232/1107 1060/1237/1112
f 1060/1237/1112 1053/1232/1107 1051/180/176 1058/182/178
f 1066/129/125 1059/128/124 1064/1233/1108 1071/1238/1113
f 1071/1238/1113 1064/1233/1108 1063/1234/1109 1070/1239/1114
f 1070/1239/1114 1063/1234/1109 1062/1235/1110 1069/1240/1115
f 1069/1240/1115 1062/1235/1110 1061/1236/1111 1068/1241/1116
f 1068/1241/1116 1061/1236/1111 1060/1237/1112 1067/1242/1117
f 1067/1242/1117 1060/1237/1112 1058/182/178 1065/184/180
f 1073/130/126 1066/129/125 1071/1238/1113 1078/1243/1118
f 1078/1243/1118 1071/1238/1113 1070/1239/1114 1077/1244/1119
f 1077/1244/1119 1070/1239/1114 1069/1240/1115 1076/1245/1120
f 1076/1245/1120 1069/1240/1115 1068/1241/1116 1075/1246/1121
f 1075/1246/1121 1068/1241/1116 1067/1242/1117 1074/1247/1122
f 1074/1247/1122 1067/1242/1117 1065/184/180 1072/166/162
f 1080/99/95 1086/98/94 1088/1248/1123 1085/1249/1124
f 1085/1249/1124 1088/1248/1123 1089/1250/1125 1084/1251/1126
f 1084/1251/1126 1089/1250/1125 1090/1252/1127 1083/1253/1128
f 1083/1253/1128 1090/1252/1127 1091/1254/1129 1082/1255/1130
f 1082/1255/1130 1091/1254/1129 1092/1256/1131 1081/1257/1132
f 1081/1257/1132 1092/1256/1131 1087/42/40 1079/41/39
f 1094/100/96 1080/99/95 1085/1249/1124 1099/1258/1133
f 1099/1258/1133 1085/1249/1124 1084/1251/1126 1098/1259/1134
f 1098/1259/1134 1084/1251/1126 1083/1253/1128 1097/1260/1135
f 1097/1260/1135 1083/1253/1128 1082/1255/1130 1096/1261/1136
f 1096/1261/1136 1082/1255/1130 1081/1257/1132 1095/1262/1137
f 1095/1262/1137 1081/1257/1132 1079/41/39 1093/236/232
f 1101/101/97 1094/100/96 1099/1258/1133 1106/1263/1138
f 1106/1263/1138 1099/1258/1133 1098/1259/1134 1105/1264/1139
f 1105/1264/1139 1098/1259/1134 1097/1260/1135 1104/1265/1140
f 1104/1265/1140 1097/1260/1135 1096/1261/1136 1103/1266/1141
f 1103/1266/1141 1096/1261/1136 1095/1262/1137 1102/1267/1142
f 1102/1267/1142 1095/1262/1137 1093/236/232 1100/235/231
f 1108/102/98 1101/101/97 1106/1263/1138 1113/1268/1143
f 1113/1268/1143 1106/1263/1138 1105/1264/1139 1112/1269/1144
f 1112/1269/1144 1105/1264/1139 1104/1265/1140 1111/1270/1145
f 1111/1270/1145 1104/1265/1140 1103/1266/1141 1110/1271/1146
f 1110/1271/1146 1103/1266/1141 1102/1267/1142 1109/1272/1147
f 1109/1272/1147 1102/1267/1142 1100/235/231 1107/238/234
f 1115/103/99 1108/102/98 1113/1268/1143 1120/1273/1148
f 1120/1273/1148 1113/1268/1143 1112/1269/1144 1119/1274/1149
f 1119/1274/1149 1112/1269/1144 1111/1270/1145 1118/1275/1150
f 1118/1275/1150 1111/1270/1145 1110/1271/1146 1117/1276/1151
f 1117/1276/1151 1110/1271/1146 1109/1272/1147 1116/1277/1152
f 1116/1277/1152 1109/1272/1147 1107/238/234 1114/240/236
f 1122/104/100 1115/103/99 1120/1273/1148 1127/1278/1153
f 1127/1278/1153 1120/1273/1148 1119/1274/1149 1126/1279/1154
f 1126/1279/1154 1119/1274/1149 1118/1275/1150 1125/1280/1155
f 1125/1280/1155 1118/1275/1150 1117/1276/1151 1124/1281/1156
f 1124/1281/1156 1117/1276/1151 1116/1277/1152 1123/1282/1157
f 1123/1282/1157 1116/1277/1152 1114/240/236 1121/242/238
f 1129/105/101 1122/104/100 1127/1278/1153 1134/1283/1158
f 1134/1283/1158 1127/1278/1153 1126/1279/1154 1133/1284/1159
f 1133/1284/1159 1126/1279/1154 1125/1280/1155 1132/1285/1160
f 1132/1285/1160 1125/1280/1155 1124/1281/1156 1131/1286/1161
f 1131/1286/1161 1124/1281/1156 1123/1282/1157 1130/1287/1162
f 1130/1287/1162 1123/1282/1157 1121/242/238 1128/244/240
f 1136/106/102 1129/105/101 1134/1283/1158 1141/1288/1163
f 1141/1288/1163 1134/1283/1158 1133/1284/1159 1140/1289/1164
f 1140/1289/1164 1133/1284/1159 1132/1285/1160 1139/1290/1165
f 1139/1290/1165 1132/1285/1160 1131/1286/1161 1138/1291/1166
f 1138/1291/1166 1131/1286/1161 1130/1287/1162 1137/1292/1167
f 1137/1292/1167 1130/1287/1162 1128/244/240 1135/246/242
f 1143/107/103 1136/106/102 1141/1288/1163 1148/1293/1168
f 1148/1293/1168 1141/1288/1163 1140/1289/1164 1147/1294/1169
f 1147/1294/1169 1140/1289/1164 1139/1290/1165 1146/1295/1170
f 1146/1295/1170 1139/1290/1165 1138/1291/1166 1145/1296/1171
f 1145/1296/1171 1138/1291/1166 1137/1292/1167 1144/1297/1172
f 1144/1297/1172 1137/1292/1167 1135/246/242 1142/232/228
f 1150/108/104 1143/107/103 1148/1293/1168 1155/1298/1173
f 1155/1298/1173 1148/1293/1168 1147/1294/1169 1154/1299/1174
f 1154/1299/1174 1147/1294/1169 1146/1295/1170 1153/1300/1175
f 1153/1300/1175 1146/1295/1170 1145/1296/1171 1152/1301/1176
f 1152/1301/1176 1145/1296/1171 1144/1297/1172 1151/1302/1177
f 1151/1302/1177 1144/1297/1172 1142/232/228 1149/231/227
f 1157/119/115 1163/118/114 1165/1303/1178 1162/1304/1179
f 1162/1304/1179 1165/1303/1178 1166/1305/1180 1161/1306/1181
f 1161/1306/1181 1166/1305/1180 1167/1307/1182 1160/1308/1183
f 1160/1308/1183 1167/1307/1182 1168/1309/1184 1159/1310/1185
f 1159/1310/1185 1168/1309/1184 1169/1311/1186 1158/1312/1187
f 1158/1312/1187 1169/1311/1186 1164/255/251 1156/168/164
f 1163/118/114 1170/117/113 1172/1313/1188 1165/1303/1178
f 1165/1303/1178 1172/1313/1188 1173/1314/1189 1166/1305/1180
f 1166/1305/1180 1173/1314/1189 1174/1315/1190 1167/1307/1182
f 1167/1307/1182 1174/1315/1190 1175/1316/1191 1168/1309/1184
f 1168/1309/1184 1175/1316/1191 1176/1317/1192 1169/1311/1186
f 1169/1311/1186 1176/1317/1192 1171/256/252 1164/255/251
f 1170/117/113 1177/116/112 1179/1318/1193 1172/1313/1188
f 1172/1313/1188 1179/1318/1193 1180/1319/1194 1173/1314/1189
f 1173/1314/1189 1180/1319/1194 1181/1320/1195 1174/1315/1190
f 1174/1315/1190 1181/1320/1195 1182/1321/1196 1175/1316/1191
f 1175/1316/1191 1182/1321/1196 1183/1322/1197 1176/1317/1192
f 1176/1317/1192 1183/1322/1197 1178/258/254 1171/256/252
f 1177/116/112 1184/115/111 1186/1323/1198 1179/1318/1193
f 1179/1318/1193 1186/1323/1198 1187/1324/1199 1180/1319/1194
f 1180/1319/1194 1187/1324/1199 1188/1325/1200 1181/1320/1195
f 1181/1320/1195 1188/1325/1200 1189/1326/1201 1182/1321/1196
f 1182/1321/1196 1189/1326/1201 1190/1327/1202 1183/1322/1197
f 1183/1322/1197 1190/1327/1202 1185/260/256 1178/258/254
f 1184/115/111 1191/114/110 1193/1328/1203 1186/1323/1198
f 1186/1323/1198 1193/1328/1203 1194/1329/1204 1187/1324/1199
f 1187/1324/1199 1194/1329/1204 1195/1330/1205 1188/1325/1200
f 1188/1325/1200 1195/1330/1205 1196/1331/1206 1189/1326/1201
f 1189/1326/1201 1196/1331/1206 1197/1332/1207 1190/1327/1202
f 1190/1327/1202 1197/1332/1207 1192/262/258 1185/260/256
f 1191/114/110 1198/113/109 1200/1333/1208 1193/1328/1203
f 1193/1328/1203 1200/1333/1208 1201/1334/1209 1194/1329/1204
f 1194/1329/1204 1201/1334/1209 1202/1335/1210 1195/1330/1205
f 1195/1330/1205 1202/1335/1210 1203/1336/1211 1196/1331/1206
f 1196/1331/1206 1203/1336/1211 1204/1337/1212 1197/1332/1207
f 1197/1332/1207 1204/1337/1212 1199/264/260 1192/262/258
f 1198/113/109 1205/112/108 1207/1338/1213 1200/1333/1208
f 1200/1333/1208 1207/1338/1213 1208/1339/1214 1201/1334/1209
f 1201/1334/1209 1208/1339/1214 1209/1340/1215 1202/1335/1210
f 1202/1335/1210 1209/1340/1215 1210/1341/1216 1203/1336/1211
f 1203/1336/1211 1210/1341/1216 1211/1342/1217 1204/1337/1212
f 1204/1337/1212 1211/1342/1217 1206/266/262 1199/264/260
f 1205/112/108 1212/111/107 1214/1343/1218 1207/1338/1213
f 1207/1338/1213 1214/1343/1218 1215/1344/1219 1208/1339/1214
f 1208/1339/1214 1215/1344/1219 1216/1345/1220 1209/1340/1215
f 1209/1340/1215 1216/1345/1220 1217/1346/1221 1210/1341/1216
f 1210/1341/1216 1217/1346/1221 1218/1347/1222 1211/1342/1217
f 1211/1342/1217 1218/1347/1222 1213/252/248 1206/266/262
f 1212/111/107 1219/110/106 1221/1348/1223 1214/1343/1218
f 1214/1343/1218 1221/1348/1223 1222/1349/1224 1215/1344/1219
f 1215/1344/1219 1222/1349/1224 1223/1350/1225 1216/1345/1220
f 1216/1345/1220 1223/1350/1225 1224/1351/1226 1217/1346/1221
f 1217/1346/1221 1224/1351/1226 1225/1352/1227 1218/1347/1222
f 1218/1347/1222 1225/1352/1227 1220/249/245 1213/252/248
f 1219/110/106 1226/109/105 1228/1353/1228 1221/1348/1223
f 1221/1348/1223 1228/1353/1228 1229/1354/1229 1222/1349/1224
f 1222/1349/1224 1229/1354/1229 1230/1355/1230 1223/1350/1225
f 1223/1350/1225 1230/1355/1230 1231/1356/1231 1224/1351/1226
f 1224/1351/1226 1231/1356/1231 1232/1357/1232 1225/1352/1227
f 1225/1352/1227 1232/1357/1232 1227/250/246 1220/249/245
f 1086/98/94 926/97/93 931/1139/1014 1088/1248/1123
f 1088/1248/1123 931/1139/1014 930/1141/1016 1089/1250/1125
f 1089/1250/1125 930/1141/1016 929/1143/1018 1090/1252/1127
f 1090/1252/1127 929/1143/1018 928/1145/1020 1091/1254/1129
f 1091/1254/1129 928/1145/1020 927/1147/1022 1092/1256/1131
f 1092/1256/1131 927/1147/1022 925/142/138 1087/42/40
f 995/131/127 1073/130/126 1078/1243/1118 997/1188/1063
f 997/1188/1063 1078/1243/1118 1077/1244/1119 998/1189/1064
f 998/1189/1064 1077/1244/1119 1076/1245/1120 999/1190/1065
f 999/1190/1065 1076/1245/1120 1075/1246/1121 1000/1191/1066
f 1000/1191/1066 1075/1246/1121 1074/1247/1122 1001/1192/1067
f 1001/1192/1067 1074/1247/1122 1072/166/162 996/165/161
f 1149/231/227 1227/250/246 1232/1357/1232 1151/1302/1177
f 1151/1302/1177 1232/1357/1232 1231/1356/1231 1152/1301/1176
f 1152/1301/1176 1231/1356/1231 1230/1355/1230 1153/1300/1175
f 1153/1300/1175 1230/1355/1230 1229/1354/1229 1154/1299/1174
f 1154/1299/1174 1229/1354/1229 1228/1353/1228 1155/1298/1173
f 1155/1298/1173 1228/1353/1228 1226/109/105 1150/108/104
f 1156/168/164 1010/146/142 1015/1201/1076 1158/1312/1187
f 1158/1312/1187 1015/1201/1076 1014/1199/1074 1159/1310/1185
f 1159/1310/1185 1014/1199/1074 1013/1197/1072 1160/1308/1183
f 1160/1308/1183 1013/1197/1072 1012/1195/1070 1161/1306/1181
f 1161/1306/1181 1012/1195/1070 1011/1193/1068 1162/1304/1179
f 1162/1304/1179 1011/1193/1068 1009/120/116 1157/119/115
f 1/164/160 15/267/263 989/268/264 996/165/161
usemtl grey_r
f 1240/1358/9 1234/1359/13 1541/1360/1233 1549/1361/251
f 1234/1359/13 1394/1362/2 1703/1363/142 1541/1360/1233
f 1430/1364/69 1437/1365/71 1744/1366/176 1737/1367/174
f 1332/1368/45 1339/1369/47 1646/1370/234 1639/1371/231
f 1542/1372/115 1702/1373/116 1696/1374/117 1710/1375/118 1717/1376/119 1724/1377/120 1731/1378/121 1738/1379/122 1745/1380/123 1752/1381/124 1759/1382/125 1766/1383/126 1842/1384/127 1835/1385/128 1828/1386/129 1821/1387/130 1814/1388/131 1807/1389/132 1800/1390/133 1793/1391/134 1786/1392/135 1779/1393/136 1773/1394/1234 1625/1395/94 1619/1396/95 1633/1397/96 1640/1398/97 1647/1399/98 1654/1400/99 1661/1401/100 1668/1402/101 1675/1403/102 1682/1404/103 1689/1405/104 1611/1406/105 1604/1407/106 1597/1408/107 1590/1409/108 1583/1410/109 1576/1411/1235 1569/1412/111 1562/1413/112 1555/1414/113 1548/1415/114
f 1437/1365/71 1444/1416/56 1751/1417/1236 1744/1366/176
f 1339/1369/47 1346/1418/49 1653/1419/236 1646/1370/234
f 1247/1420/12 1240/1358/9 1549/1361/251 1556/1421/252
f 1233/1422/224 1241/1423/181 1248/1424/182 1255/1425/183 1262/1426/184 1269/1427/185 1276/1428/186 1283/1429/187 1290/1430/188 1297/1431/189 1304/1432/190 1380/1433/191 1373/1434/192 1366/1435/1237 1359/1436/194 1352/1437/195 1345/1438/196 1338/1439/197 1331/1440/198 1324/1441/199 1310/1442/200 1318/1443/201 1464/1444/202 1472/1445/203 1479/1446/204 1486/1447/205 1493/1448/206 1500/1449/207 1507/1450/208 1514/1451/209 1521/1452/210 1528/1453/211 1535/1454/212 1457/1455/213 1450/1456/214 1443/1457/215 1436/1458/216 1429/1459/217 1422/1460/218 1415/1461/219 1408/1462/220 1401/1463/221 1387/1464/222 1395/1465/223
f 1444/1416/56 1451/1466/57 1758/1467/180 1751/1417/1236
f 1346/1418/49 1353/1468/51 1660/1469/238 1653/1419/236
f 1317/1470/34 1311/1471/1238 1618/1472/1239 1626/1473/40
f 1254/1474/16 1247/1420/12 1556/1421/252 1563/1475/254
f 1451/1466/57 1458/1476/73 1765/1477/162 1758/1467/180
f 1353/1468/51 1360/1478/53 1667/1479/240 1660/1469/238
f 1471/1480/1240 1465/1481/33 1772/1482/138 1780/1483/145
f 1261/1484/18 1254/1474/16 1563/1475/254 1570/1485/256
f 1458/1476/73 1534/1486/74 1843/1487/161 1765/1477/162
f 1360/1478/53 1367/1488/6 1674/1489/242 1667/1479/240
f 1325/1490/43 1332/1368/45 1639/1371/231 1632/1491/1241
f 1268/1492/20 1261/1484/18 1570/1485/256 1577/1493/258
f 1478/1494/79 1471/1480/1240 1780/1483/145 1787/1495/146
f 1367/1488/6 1374/1496/7 1681/1497/1242 1674/1489/242
f 1275/1498/1243 1268/1492/20 1577/1493/258 1584/1499/1244
f 1485/1500/82 1478/1494/79 1787/1495/146 1794/1501/148
f 1374/1496/7 1381/1502/29 1688/1503/227 1681/1497/1242
f 1282/1504/24 1275/1498/1243 1584/1499/1244 1591/1505/1245
f 1492/1506/84 1485/1500/82 1794/1501/148 1801/1507/150
f 1394/1362/2 1388/1508/1246 1695/1509/141 1703/1363/142
f 1289/1510/26 1282/1504/24 1591/1505/1245 1598/1511/248
f 1499/1512/86 1492/1506/84 1801/1507/150 1808/1513/1247
f 1388/1508/1246 1402/1514/1248 1709/1515/168 1695/1509/141
f 1296/1516/28 1289/1510/26 1598/1511/248 1605/1517/245
f 1506/1518/1249 1499/1512/86 1808/1513/1247 1815/1519/1250
f 1402/1514/1248 1409/1520/63 1716/1521/167 1709/1515/168
f 1303/1522/32 1296/1516/28 1605/1517/245 1612/1523/246
f 1513/1524/90 1506/1518/1249 1815/1519/1250 1822/1525/156
f 1409/1520/63 1416/1526/65 1723/1527/170 1716/1521/167
f 1381/1502/29 1303/1522/32 1612/1523/246 1688/1503/227
f 1520/1528/92 1513/1524/90 1822/1525/156 1829/1529/158
f 1416/1526/65 1423/1530/67 1730/1531/172 1723/1527/170
f 1311/1471/1238 1325/1490/43 1632/1491/1241 1618/1472/1239
f 1527/1532/77 1520/1528/92 1829/1529/158 1836/1533/1251
f 1423/1530/67 1430/1364/69 1737/1367/174 1730/1531/172
f 1465/1481/33 1317/1470/34 1626/1473/40 1772/1482/138
f 1534/1486/74 1527/1532/77 1836/1533/1251 1843/1487/161
f 1234/1359/13 1240/1358/9 1242/1534/362 1239/1535/361
f 1239/1535/361 1242/1534/362 1243/1536/1252 1238/1537/359
f 1238/1537/359 1243/1536/1252 1244/1538/358 1237/1539/357
f 1237/1539/357 1244/1538/358 1245/1540/356 1236/1541/1253
f 1236/1541/1253 1245/1540/356 1246/1542/354 1235/1543/353
f 1235/1543/353 1246/1542/354 1241/1423/181 1233/1422/224
f 1240/1358/9 1247/1420/12 1249/1544/377 1242/1534/362
f 1242/1534/362 1249/1544/377 1250/1545/376 1243/1536/1252
f 1243/1536/1252 1250/1545/376 1251/1546/375 1244/1538/358
f 1244/1538/358 1251/1546/375 1252/1547/374 1245/1540/356
f 1245/1540/356 1252/1547/374 1253/1548/373 1246/1542/354
f 1246/1542/354 1253/1548/373 1248/1424/182 1241/1423/181
f 1247/1420/12 1254/1474/16 1256/1549/387 1249/1544/377
f 1249/1544/377 1256/1549/387 1257/1550/1254 1250/1545/376
f 1250/1545/376 1257/1550/1254 1258/1551/385 1251/1546/375
f 1251/1546/375 1258/1551/385 1259/1552/384 1252/1547/374
f 1252/1547/374 1259/1552/384 1260/1553/383 1253/1548/373
f 1253/1548/373 1260/1553/383 1255/1425/183 1248/1424/182
f 1254/1474/16 1261/1484/18 1263/1554/397 1256/1549/387
f 1256/1549/387 1263/1554/397 1264/1555/1255 1257/1550/1254
f 1257/1550/1254 1264/1555/1255 1265/1556/1256 1258/1551/385
f 1258/1551/385 1265/1556/1256 1266/1557/394 1259/1552/384
f 1259/1552/384 1266/1557/394 1267/1558/393 1260/1553/383
f 1260/1553/383 1267/1558/393 1262/1426/184 1255/1425/183
f 1261/1484/18 1268/1492/20 1270/1559/407 1263/1554/397
f 1263/1554/397 1270/1559/407 1271/1560/406 1264/1555/1255
f 1264/1555/1255 1271/1560/406 1272/1561/405 1265/1556/1256
f 1265/1556/1256 1272/1561/405 1273/1562/1257 1266/1557/394
f 1266/1557/394 1273/1562/1257 1274/1563/403 1267/1558/393
f 1267/1558/393 1274/1563/403 1269/1427/185 1262/1426/184
f 1268/1492/20 1275/1498/1243 1277/1564/417 1270/1559/407
f 1270/1559/407 1277/1564/417 1278/1565/416 1271/1560/406
f 1271/1560/406 1278/1565/416 1279/1566/415 1272/1561/405
f 1272/1561/405 1279/1566/415 1280/1567/414 1273/1562/1257
f 1273/1562/1257 1280/1567/414 1281/1568/413 1274/1563/403
f 1274/1563/403 1281/1568/413 1276/1428/186 1269/1427/185
f 1275/1498/1243 1282/1504/24 1284/1569/427 1277/1564/417
f 1277/1564/417 1284/1569/427 1285/1570/426 1278/1565/416
f 1278/1565/416 1285/1570/426 1286/1571/425 1279/1566/415
f 1279/1566/415 1286/1571/425 1287/1572/424 1280/1567/414
f 1280/1567/414 1287/1572/424 1288/1573/1258 1281/1568/413
f 1281/1568/413 1288/1573/1258 1283/1429/187 1276/1428/186
f 1282/1504/24 1289/1510/26 1291/1574/437 1284/1569/427
f 1284/1569/427 1291/1574/437 1292/1575/1259 1285/1570/426
f 1285/1570/426 1292/1575/1259 1293/1576/435 1286/1571/425
f 1286/1571/425 1293/1576/435 1294/1577/434 1287/1572/424
f 1287/1572/424 1294/1577/434 1295/1578/433 1288/1573/1258
f 1288/1573/1258 1295/1578/433 1290/1430/188 1283/1429/187
f 1289/1510/26 1296/1516/28 1298/1579/447 1291/1574/437
f 1291/1574/437 1298/1579/447 1299/1580/446 1292/1575/1259
f 1292/1575/1259 1299/1580/446 1300/1581/445 1293/1576/435
f 1293/1576/435 1300/1581/445 1301/1582/444 1294/1577/434
f 1294/1577/434 1301/1582/444 1302/1583/443 1295/1578/433
f 1295/1578/433 1302/1583/443 1297/1431/189 1290/1430/188
f 1296/1516/28 1303/1522/32 1305/1584/457 1298/1579/447
f 1298/1579/447 1305/1584/457 1306/1585/456 1299/1580/446
f 1299/1580/446 1306/1585/456 1307/1586/455 1300/1581/445
f 1300/1581/445 1307/1586/455 1308/1587/454 1301/1582/444
f 1301/1582/444 1308/1587/454 1309/1588/453 1302/1583/443
f 1302/1583/443 1309/1588/453 1304/1432/190 1297/1431/189
f 1311/1471/1238 1317/1470/34 1319/1589/1260 1316/1590/481
f 1316/1590/481 1319/1589/1260 1320/1591/480 1315/1592/479
f 1315/1592/479 1320/1591/480 1321/1593/478 1314/1594/477
f 1314/1594/477 1321/1593/478 1322/1595/476 1313/1596/475
f 1313/1596/475 1322/1595/476 1323/1597/474 1312/1598/473
f 1312/1598/473 1323/1597/474 1318/1443/201 1310/1442/200
f 1325/1490/43 1311/1471/1238 1316/1590/481 1330/1599/492
f 1330/1599/492 1316/1590/481 1315/1592/479 1329/1600/491
f 1329/1600/491 1315/1592/479 1314/1594/477 1328/1601/490
f 1328/1601/490 1314/1594/477 1313/1596/475 1327/1602/489
f 1327/1602/489 1313/1596/475 1312/1598/473 1326/1603/488
f 1326/1603/488 1312/1598/473 1310/1442/200 1324/1441/199
f 1332/1368/45 1325/1490/43 1330/1599/492 1337/1604/1261
f 1337/1604/1261 1330/1599/492 1329/1600/491 1336/1605/1262
f 1336/1605/1262 1329/1600/491 1328/1601/490 1335/1606/500
f 1335/1606/500 1328/1601/490 1327/1602/489 1334/1607/499
f 1334/1607/499 1327/1602/489 1326/1603/488 1333/1608/498
f 1333/1608/498 1326/1603/488 1324/1441/199 1331/1440/198
f 1339/1369/47 1332/1368/45 1337/1604/1261 1344/1609/512
f 1344/1609/512 1337/1604/1261 1336/1605/1262 1343/1610/511
f 1343/1610/511 1336/1605/1262 1335/1606/500 1342/1611/510
f 1342/1611/510 1335/1606/500 1334/1607/499 1341/1612/509
f 1341/1612/509 1334/1607/499 1333/1608/498 1340/1613/508
f 1340/1613/508 1333/1608/498 1331/1440/198 1338/1439/197
f 1346/1418/49 1339/1369/47 1344/1609/512 1351/1614/522
f 1351/1614/522 1344/1609/512 1343/1610/511 1350/1615/521
f 1350/1615/521 1343/1610/511 1342/1611/510 1349/1616/520
f 1349/1616/520 1342/1611/510 1341/1612/509 1348/1617/519
f 1348/1617/519 1341/1612/509 1340/1613/508 1347/1618/518
f 1347/1618/518 1340/1613/508 1338/1439/197 1345/1438/196
f 1353/1468/51 1346/1418/49 1351/1614/522 1358/1619/532
f 1358/1619/532 1351/1614/522 1350/1615/521 1357/1620/531
f 1357/1620/531 1350/1615/521 1349/1616/520 1356/1621/530
f 1356/1621/530 1349/1616/520 1348/1617/519 1355/1622/529
f 1355/1622/529 1348/1617/519 1347/1618/518 1354/1623/528
f 1354/1623/528 1347/1618/518 1345/1438/196 1352/1437/195
f 1360/1478/53 1353/1468/51 1358/1619/532 1365/1624/542
f 1365/1624/542 1358/1619/532 1357/1620/531 1364/1625/541
f 1364/1625/541 1357/1620/531 1356/1621/530 1363/1626/540
f 1363/1626/540 1356/1621/530 1355/1622/529 1362/1627/539
f 1362/1627/539 1355/1622/529 1354/1623/528 1361/1628/1263
f 1361/1628/1263 1354/1623/528 1352/1437/195 1359/1436/194
f 1367/1488/6 1360/1478/53 1365/1624/542 1372/1629/552
f 1372/1629/552 1365/1624/542 1364/1625/541 1371/1630/551
f 1371/1630/551 1364/1625/541 1363/1626/540 1370/1631/550
f 1370/1631/550 1363/1626/540 1362/1627/539 1369/1632/549
f 1369/1632/549 1362/1627/539 1361/1628/1263 1368/1633/548
f 1368/1633/548 1361/1628/1263 1359/1436/194 1366/1435/1237
f 1374/1496/7 1367/1488/6 1372/1629/552 1379/1634/562
f 1379/1634/562 1372/1629/552 1371/1630/551 1378/1635/561
f 1378/1635/561 1371/1630/551 1370/1631/550 1377/1636/560
f 1377/1636/560 1370/1631/550 1369/1632/549 1376/1637/559
f 1376/1637/559 1369/1632/549 1368/1633/548 1375/1638/558
f 1375/1638/558 1368/1633/548 1366/1435/1237 1373/1434/192
f 1381/1502/29 1374/1496/7 1379/1634/562 1386/1639/572
f 1386/1639/572 1379/1634/562 1378/1635/561 1385/1640/571
f 1385/1640/571 1378/1635/561 1377/1636/560 1384/1641/570
f 1384/1641/570 1377/1636/560 1376/1637/559 1383/1642/569
f 1383/1642/569 1376/1637/559 1375/1638/558 1382/1643/568
f 1382/1643/568 1375/1638/558 1373/1434/192 1380/1433/191
f 1388/1508/1246 1394/1362/2 1396/1644/592 1393/1645/1264
f 1393/1645/1264 1396/1644/592 1397/1646/590 1392/1647/589
f 1392/1647/589 1397/1646/590 1398/1648/588 1391/1649/587
f 1391/1649/587 1398/1648/588 1399/1650/586 1390/1651/585
f 1390/1651/585 1399/1650/586 1400/1652/584 1389/1653/583
f 1389/1653/583 1400/1652/584 1395/1465/223 1387/1464/222
f 1402/1514/1248 1388/1508/1246 1393/1645/1264 1407/1654/602
f 1407/1654/602 1393/1645/1264 1392/1647/589 1406/1655/601
f 1406/1655/601 1392/1647/589 1391/1649/587 1405/1656/600
f 1405/1656/600 1391/1649/587 1390/1651/585 1404/1657/599
f 1404/1657/599 1390/1651/585 1389/1653/583 1403/1658/598
f 1403/1658/598 1389/1653/583 1387/1464/222 1401/1463/221
f 1409/1520/63 1402/1514/1248 1407/1654/602 1414/1659/612
f 1414/1659/612 1407/1654/602 1406/1655/601 1413/1660/611
f 1413/1660/611 1406/1655/601 1405/1656/600 1412/1661/610
f 1412/1661/610 1405/1656/600 1404/1657/599 1411/1662/609
f 1411/1662/609 1404/1657/599 1403/1658/598 1410/1663/608
f 1410/1663/608 1403/1658/598 1401/1463/221 1408/1462/220
f 1416/1526/65 1409/1520/63 1414/1659/612 1421/1664/622
f 1421/1664/622 1414/1659/612 1413/1660/611 1420/1665/621
f 1420/1665/621 1413/1660/611 1412/1661/610 1419/1666/620
f 1419/1666/620 1412/1661/610 1411/1662/609 1418/1667/619
f 1418/1667/619 1411/1662/609 1410/1663/608 1417/1668/618
f 1417/1668/618 1410/1663/608 1408/1462/220 1415/1461/219
f 1423/1530/67 1416/1526/65 1421/1664/622 1428/1669/632
f 1428/1669/632 1421/1664/622 1420/1665/621 1427/1670/631
f 1427/1670/631 1420/1665/621 1419/1666/620 1426/1671/630
f 1426/1671/630 1419/1666/620 1418/1667/619 1425/1672/1265
f 1425/1672/1265 1418/1667/619 1417/1668/618 1424/1673/1266
f 1424/1673/1266 1417/1668/618 1415/1461/219 1422/1460/218
f 1430/1364/69 1423/1530/67 1428/1669/632 1435/1674/642
f 1435/1674/642 1428/1669/632 1427/1670/631 1434/1675/641
f 1434/1675/641 1427/1670/631 1426/1671/630 1433/1676/640
f 1433/1676/640 1426/1671/630 1425/1672/1265 1432/1677/639
f 1432/1677/639 1425/1672/1265 1424/1673/1266 1431/1678/638
f 1431/1678/638 1424/1673/1266 1422/1460/218 1429/1459/217
f 1437/1365/71 1430/1364/69 1435/1674/642 1442/1679/652
f 1442/1679/652 1435/1674/642 1434/1675/641 1441/1680/651
f 1441/1680/651 1434/1675/641 1433/1676/640 1440/1681/650
f 1440/1681/650 1433/1676/640 1432/1677/639 1439/1682/649
f 1439/1682/649 1432/1677/639 1431/1678/638 1438/1683/648
f 1438/1683/648 1431/1678/638 1429/1459/217 1436/1458/216
f 1444/1416/56 1437/1365/71 1442/1679/652 1449/1684/1267
f 1449/1684/1267 1442/1679/652 1441/1680/651 1448/1685/661
f 1448/1685/661 1441/1680/651 1440/1681/650 1447/1686/660
f 1447/1686/660 1440/1681/650 1439/1682/649 1446/1687/659
f 1446/1687/659 1439/1682/649 1438/1683/648 1445/1688/658
f 1445/1688/658 1438/1683/648 1436/1458/216 1443/1457/215
f 1451/1466/57 1444/1416/56 1449/1684/1267 1456/1689/672
f 1456/1689/672 1449/1684/1267 1448/1685/661 1455/1690/671
f 1455/1690/671 1448/1685/661 1447/1686/660 1454/1691/670
f 1454/1691/670 1447/1686/660 1446/1687/659 1453/1692/669
f 1453/1692/669 1446/1687/659 1445/1688/658 1452/1693/668
f 1452/1693/668 1445/1688/658 1443/1457/215 1450/1456/214
f 1458/1476/73 1451/1466/57 1456/1689/672 1463/1694/682
f 1463/1694/682 1456/1689/672 1455/1690/671 1462/1695/681
f 1462/1695/681 1455/1690/671 1454/1691/670 1461/1696/680
f 1461/1696/680 1454/1691/670 1453/1692/669 1460/1697/679
f 1460/1697/679 1453/1692/669 1452/1693/668 1459/1698/678
f 1459/1698/678 1452/1693/668 1450/1456/214 1457/1455/213
f 1465/1481/33 1471/1480/1240 1473/1699/1268 1470/1700/691
f 1470/1700/691 1473/1699/1268 1474/1701/690 1469/1702/689
f 1469/1702/689 1474/1701/690 1475/1703/688 1468/1704/687
f 1468/1704/687 1475/1703/688 1476/1705/686 1467/1706/685
f 1467/1706/685 1476/1705/686 1477/1707/684 1466/1708/683
f 1466/1708/683 1477/1707/684 1472/1445/203 1464/1444/202
f 1471/1480/1240 1478/1494/79 1480/1709/707 1473/1699/1268
f 1473/1699/1268 1480/1709/707 1481/1710/706 1474/1701/690
f 1474/1701/690 1481/1710/706 1482/1711/1269 1475/1703/688
f 1475/1703/688 1482/1711/1269 1483/1712/704 1476/1705/686
f 1476/1705/686 1483/1712/704 1484/1713/703 1477/1707/684
f 1477/1707/684 1484/1713/703 1479/1446/204 1472/1445/203
f 1478/1494/79 1485/1500/82 1487/1714/717 1480/1709/707
f 1480/1709/707 1487/1714/717 1488/1715/716 1481/1710/706
f 1481/1710/706 1488/1715/716 1489/1716/715 1482/1711/1269
f 1482/1711/1269 1489/1716/715 1490/1717/714 1483/1712/704
f 1483/1712/704 1490/1717/714 1491/1718/713 1484/1713/703
f 1484/1713/703 1491/1718/713 1486/1447/205 1479/1446/204
f 1485/1500/82 1492/1506/84 1494/1719/727 1487/1714/717
f 1487/1714/717 1494/1719/727 1495/1720/726 1488/1715/716
f 1488/1715/716 1495/1720/726 1496/1721/725 1489/1716/715
f 1489/1716/715 1496/1721/725 1497/1722/724 1490/1717/714
f 1490/1717/714 1497/1722/724 1498/1723/723 1491/1718/713
f 1491/1718/713 1498/1723/723 1493/1448/206 1486/1447/205
f 1492/1506/84 1499/1512/86 1501/1724/737 1494/1719/727
f 1494/1719/727 1501/1724/737 1502/1725/736 1495/1720/726
f 1495/1720/726 1502/1725/736 1503/1726/735 1496/1721/725
f 1496/1721/725 1503/1726/735 1504/1727/734 1497/1722/724
f 1497/1722/724 1504/1727/734 1505/1728/733 1498/1723/723
f 1498/1723/723 1505/1728/733 1500/1449/207 1493/1448/206
f 1499/1512/86 1506/1518/1249 1508/1729/1270 1501/1724/737
f 1501/1724/737 1508/1729/1270 1509/1730/746 1502/1725/736
f 1502/1725/736 1509/1730/746 1510/1731/745 1503/1726/735
f 1503/1726/735 1510/1731/745 1511/1732/744 1504/1727/734
f 1504/1727/734 1511/1732/744 1512/1733/743 1505/1728/733
f 1505/1728/733 1512/1733/743 1507/1450/208 1500/1449/207
f 1506/1518/1249 1513/1524/90 1515/1734/757 1508/1729/1270
f 1508/1729/1270 1515/1734/757 1516/1735/1271 1509/1730/746
f 1509/1730/746 1516/1735/1271 1517/1736/755 1510/1731/745
f 1510/1731/745 1517/1736/755 1518/1737/754 1511/1732/744
f 1511/1732/744 1518/1737/754 1519/1738/753 1512/1733/743
f 1512/1733/743 1519/1738/753 1514/1451/209 1507/1450/208
f 1513/1524/90 1520/1528/92 1522/1739/767 1515/1734/757
f 1515/1734/757 1522/1739/767 1523/1740/766 1516/1735/1271
f 1516/1735/1271 1523/1740/766 1524/1741/765 1517/1736/755
f 1517/1736/755 1524/1741/765 1525/1742/764 1518/1737/754
f 1518/1737/754 1525/1742/764 1526/1743/763 1519/1738/753
f 1519/1738/753 1526/1743/763 1521/1452/210 1514/1451/209
f 1520/1528/92 1527/1532/77 1529/1744/777 1522/1739/767
f 1522/1739/767 1529/1744/777 1530/1745/776 1523/1740/766
f 1523/1740/766 1530/1745/776 1531/1746/775 1524/1741/765
f 1524/1741/765 1531/1746/775 1532/1747/1272 1525/1742/764
f 1525/1742/764 1532/1747/1272 1533/1748/773 1526/1743/763
f 1526/1743/763 1533/1748/773 1528/1453/211 1521/1452/210
f 1527/1532/77 1534/1486/74 1536/1749/787 1529/1744/777
f 1529/1744/777 1536/1749/787 1537/1750/786 1530/1745/776
f 1530/1745/776 1537/1750/786 1538/1751/785 1531/1746/775
f 1531/1746/775 1538/1751/785 1539/1752/784 1532/1747/1272
f 1532/1747/1272 1539/1752/784 1540/1753/783 1533/1748/773
f 1533/1748/773 1540/1753/783 1535/1454/212 1528/1453/211
f 1394/1362/2 1234/1359/13 1239/1535/361 1396/1644/592
f 1396/1644/592 1239/1535/361 1238/1537/359 1397/1646/590
f 1397/1646/590 1238/1537/359 1237/1539/357 1398/1648/588
f 1398/1648/588 1237/1539/357 1236/1541/1253 1399/1650/586
f 1399/1650/586 1236/1541/1253 1235/1543/353 1400/1652/584
f 1400/1652/584 1235/1543/353 1233/1422/224 1395/1465/223
f 1303/1522/32 1381/1502/29 1386/1639/572 1305/1584/457
f 1305/1584/457 1386/1639/572 1385/1640/571 1306/1585/456
f 1306/1585/456 1385/1640/571 1384/1641/570 1307/1586/455
f 1307/1586/455 1384/1641/570 1383/1642/569 1308/1587/454
f 1308/1587/454 1383/1642/569 1382/1643/568 1309/1588/453
f 1309/1588/453 1382/1643/568 1380/1433/191 1304/1432/190
f 1457/1455/213 1535/1454/212 1540/1753/783 1459/1698/678
f 1459/1698/678 1540/1753/783 1539/1752/784 1460/1697/679
f 1460/1697/679 1539/1752/784 1538/1751/785 1461/1696/680
f 1461/1696/680 1538/1751/785 1537/1750/786 1462/1695/681
f 1462/1695/681 1537/1750/786 1536/1749/787 1463/1694/682
f 1463/1694/682 1536/1749/787 1534/1486/74 1458/1476/73
f 1464/1444/202 1318/1443/201 1323/1597/474 1466/1708/683
f 1466/1708/683 1323/1597/474 1322/1595/476 1467/1706/685
f 1467/1706/685 1322/1595/476 1321/1593/478 1468/1704/687
f 1468/1704/687 1321/1593/478 1320/1591/480 1469/1702/689
f 1469/1702/689 1320/1591/480 1319/1589/1260 1470/1700/691
f 1470/1700/691 1319/1589/1260 1317/1470/34 1465/1481/33
f 1542/1372/115 1548/1415/114 1550/1754/1178 1547/1755/1179
f 1547/1755/1179 1550/1754/1178 1551/1756/1180 1546/1757/1181
f 1546/1757/1181 1551/1756/1180 1552/1758/1182 1545/1759/1183
f 1545/1759/1183 1552/1758/1182 1553/1760/1184 1544/1761/1185
f 1544/1761/1185 1553/1760/1184 1554/1762/1273 1543/1763/1187
f 1543/1763/1187 1554/1762/1273 1549/1361/251 1541/1360/1233
f 1548/1415/114 1555/1414/113 1557/1764/1188 1550/1754/1178
f 1550/1754/1178 1557/1764/1188 1558/1765/1189 1551/1756/1180
f 1551/1756/1180 1558/1765/1189 1559/1766/1190 1552/1758/1182
f 1552/1758/1182 1559/1766/1190 1560/1767/1191 1553/1760/1184
f 1553/1760/1184 1560/1767/1191 1561/1768/1192 1554/1762/1273
f 1554/1762/1273 1561/1768/1192 1556/1421/252 1549/1361/251
f 1555/1414/113 1562/1413/112 1564/1769/1193 1557/1764/1188
f 1557/1764/1188 1564/1769/1193 1565/1770/1194 1558/1765/1189
f 1558/1765/1189 1565/1770/1194 1566/1771/1195 1559/1766/1190
f 1559/1766/1190 1566/1771/1195 1567/1772/1196 1560/1767/1191
f 1560/1767/1191 1567/1772/1196 1568/1773/1197 1561/1768/1192
f 1561/1768/1192 1568/1773/1197 1563/1475/254 1556/1421/252
f 1562/1413/112 1569/1412/111 1571/1774/1198 1564/1769/1193
f 1564/1769/1193 1571/1774/1198 1572/1775/1199 1565/1770/1194
f 1565/1770/1194 1572/1775/1199 1573/1776/1200 1566/1771/1195
f 1566/1771/1195 1573/1776/1200 1574/1777/1201 1567/1772/1196
f 1567/1772/1196 1574/1777/1201 1575/1778/1202 1568/1773/1197
f 1568/1773/1197 1575/1778/1202 1570/1485/256 1563/1475/254
f 1569/1412/111 1576/1411/1235 1578/1779/1203 1571/1774/1198
f 1571/1774/1198 1578/1779/1203 1579/1780/1274 1572/1775/1199
f 1572/1775/1199 1579/1780/1274 1580/1781/1205 1573/1776/1200
f 1573/1776/1200 1580/1781/1205 1581/1782/1206 1574/1777/1201
f 1574/1777/1201 1581/1782/1206 1582/1783/1207 1575/1778/1202
f 1575/1778/1202 1582/1783/1207 1577/1493/258 1570/1485/256
f 1576/1411/1235 1583/1410/109 1585/1784/1208 1578/1779/1203
f 1578/1779/1203 1585/1784/1208 1586/1785/1209 1579/1780/1274
f 1579/1780/1274 1586/1785/1209 1587/1786/1210 1580/1781/1205
f 1580/1781/1205 1587/1786/1210 1588/1787/1211 1581/1782/1206
f 1581/1782/1206 1588/1787/1211 1589/1788/1275 1582/1783/1207
f 1582/1783/1207 1589/1788/1275 1584/1499/1244 1577/1493/258
f 1583/1410/109 1590/1409/108 1592/1789/1213 1585/1784/1208
f 1585/1784/1208 1592/1789/1213 1593/1790/1214 1586/1785/1209
f 1586/1785/1209 1593/1790/1214 1594/1791/1215 1587/1786/1210
f 1587/1786/1210 1594/1791/1215 1595/1792/1276 1588/1787/1211
f 1588/1787/1211 1595/1792/1276 1596/1793/1217 1589/1788/1275
f 1589/1788/1275 1596/1793/1217 1591/1505/1245 1584/1499/1244
f 1590/1409/108 1597/1408/107 1599/1794/1218 1592/1789/1213
f 1592/1789/1213 1599/1794/1218 1600/1795/1219 1593/1790/1214
f 1593/1790/1214 1600/1795/1219 1601/1796/1220 1594/1791/1215
f 1594/1791/1215 1601/1796/1220 1602/1797/1221 1595/1792/1276
f 1595/1792/1276 1602/1797/1221 1603/1798/1277 1596/1793/1217
f 1596/1793/1217 1603/1798/1277 1598/1511/248 1591/1505/1245
f 1597/1408/107 1604/1407/106 1606/1799/1223 1599/1794/1218
f 1599/1794/1218 1606/1799/1223 1607/1800/1224 1600/1795/1219
f 1600/1795/1219 1607/1800/1224 1608/1801/1225 1601/1796/1220
f 1601/1796/1220 1608/1801/1225 1609/1802/1278 1602/1797/1221
f 1602/1797/1221 1609/1802/1278 1610/1803/1227 1603/1798/1277
f 1603/1798/1277 1610/1803/1227 1605/1517/245 1598/1511/248
f 1604/1407/106 1611/1406/105 1613/1804/1228 1606/1799/1223
f 1606/1799/1223 1613/1804/1228 1614/1805/1229 1607/1800/1224
f 1607/1800/1224 1614/1805/1229 1615/1806/1230 1608/1801/1225
f 1608/1801/1225 1615/1806/1230 1616/1807/1279 1609/1802/1278
f 1609/1802/1278 1616/1807/1279 1617/1808/1280 1610/1803/1227
f 1610/1803/1227 1617/1808/1280 1612/1523/246 1605/1517/245
f 1619/1396/95 1625/1395/94 1627/1809/1123 1624/1810/1124
f 1624/1810/1124 1627/1809/1123 1628/1811/1125 1623/1812/1126
f 1623/1812/1126 1628/1811/1125 1629/1813/1281 1622/1814/1128
f 1622/1814/1128 1629/1813/1281 1630/1815/1129 1621/1816/1130
f 1621/1816/1130 1630/1815/1129 1631/1817/1131 1620/1818/1132
f 1620/1818/1132 1631/1817/1131 1626/1473/40 1618/1472/1239
f 1633/1397/96 1619/1396/95 1624/1810/1124 1638/1819/1133
f 1638/1819/1133 1624/1810/1124 1623/1812/1126 1637/1820/1134
f 1637/1820/1134 1623/1812/1126 1622/1814/1128 1636/1821/1135
f 1636/1821/1135 1622/1814/1128 1621/1816/1130 1635/1822/1136
f 1635/1822/1136 1621/1816/1130 1620/1818/1132 1634/1823/1137
f 1634/1823/1137 1620/1818/1132 1618/1472/1239 1632/1491/1241
f 1640/1398/97 1633/1397/96 1638/1819/1133 1645/1824/1138
f 1645/1824/1138 1638/1819/1133 1637/1820/1134 1644/1825/1139
f 1644/1825/1139 1637/1820/1134 1636/1821/1135 1643/1826/1140
f 1643/1826/1140 1636/1821/1135 1635/1822/1136 1642/1827/1141
f 1642/1827/1141 1635/1822/1136 1634/1823/1137 1641/1828/1142
f 1641/1828/1142 1634/1823/1137 1632/1491/1241 1639/1371/231
f 1647/1399/98 1640/1398/97 1645/1824/1138 1652/1829/1143
f 1652/1829/1143 1645/1824/1138 1644/1825/1139 1651/1830/1144
f 1651/1830/1144 1644/1825/1139 1643/1826/1140 1650/1831/1145
f 1650/1831/1145 1643/1826/1140 1642/1827/1141 1649/1832/1146
f 1649/1832/1146 1642/1827/1141 1641/1828/1142 1648/1833/1147
f 1648/1833/1147 1641/1828/1142 1639/1371/231 1646/1370/234
f 1654/1400/99 1647/1399/98 1652/1829/1143 1659/1834/1148
f 1659/1834/1148 1652/1829/1143 1651/1830/1144 1658/1835/1149
f 1658/1835/1149 1651/1830/1144 1650/1831/1145 1657/1836/1150
f 1657/1836/1150 1650/1831/1145 1649/1832/1146 1656/1837/1282
f 1656/1837/1282 1649/1832/1146 1648/1833/1147 1655/1838/1152
f 1655/1838/1152 1648/1833/1147 1646/1370/234 1653/1419/236
f 1661/1401/100 1654/1400/99 1659/1834/1148 1666/1839/1153
f 1666/1839/1153 1659/1834/1148 1658/1835/1149 1665/1840/1154
f 1665/1840/1154 1658/1835/1149 1657/1836/1150 1664/1841/1155
f 1664/1841/1155 1657/1836/1150 1656/1837/1282 1663/1842/1283
f 1663/1842/1283 1656/1837/1282 1655/1838/1152 1662/1843/1157
f 1662/1843/1157 1655/1838/1152 1653/1419/236 1660/1469/238
f 1668/1402/101 1661/1401/100 1666/1839/1153 1673/1844/1158
f 1673/1844/1158 1666/1839/1153 1665/1840/1154 1672/1845/1159
f 1672/1845/1159 1665/1840/1154 1664/1841/1155 1671/1846/1160
f 1671/1846/1160 1664/1841/1155 1663/1842/1283 1670/1847/1284
f 1670/1847/1284 1663/1842/1283 1662/1843/1157 1669/1848/1162
f 1669/1848/1162 1662/1843/1157 1660/1469/238 1667/1479/240
f 1675/1403/102 1668/1402/101 1673/1844/1158 1680/1849/1163
f 1680/1849/1163 1673/1844/1158 1672/1845/1159 1679/1850/1164
f 1679/1850/1164 1672/1845/1159 1671/1846/1160 1678/1851/1165
f 1678/1851/1165 1671/1846/1160 1670/1847/1284 1677/1852/1166
f 1677/1852/1166 1670/1847/1284 1669/1848/1162 1676/1853/1167
f 1676/1853/1167 1669/1848/1162 1667/1479/240 1674/1489/242
f 1682/1404/103 1675/1403/102 1680/1849/1163 1687/1854/1168
f 1687/1854/1168 1680/1849/1163 1679/1850/1164 1686/1855/1285
f 1686/1855/1285 1679/1850/1164 1678/1851/1165 1685/1856/1170
f 1685/1856/1170 1678/1851/1165 1677/1852/1166 1684/1857/1171
f 1684/1857/1171 1677/1852/1166 1676/1853/1167 1683/1858/1172
f 1683/1858/1172 1676/1853/1167 1674/1489/242 1681/1497/1242
f 1689/1405/104 1682/1404/103 1687/1854/1168 1694/1859/1173
f 1694/1859/1173 1687/1854/1168 1686/1855/1285 1693/1860/1174
f 1693/1860/1174 1686/1855/1285 1685/1856/1170 1692/1861/1175
f 1692/1861/1175 1685/1856/1170 1684/1857/1171 1691/1862/1286
f 1691/1862/1286 1684/1857/1171 1683/1858/1172 1690/1863/1287
f 1690/1863/1287 1683/1858/1172 1681/1497/1242 1688/1503/227
f 1696/1374/117 1702/1373/116 1704/1864/1068 1701/1865/1069
f 1701/1865/1069 1704/1864/1068 1705/1866/1070 1700/1867/1071
f 1700/1867/1071 1705/1866/1070 1706/1868/1072 1699/1869/1073
f 1699/1869/1073 1706/1868/1072 1707/1870/1074 1698/1871/1075
f 1698/1871/1075 1707/1870/1074 1708/1872/1076 1697/1873/1077
f 1697/1873/1077 1708/1872/1076 1703/1363/142 1695/1509/141
f 1710/1375/118 1696/1374/117 1701/1865/1069 1715/1874/1078
f 1715/1874/1078 1701/1865/1069 1700/1867/1071 1714/1875/1079
f 1714/1875/1079 1700/1867/1071 1699/1869/1073 1713/1876/1080
f 1713/1876/1080 1699/1869/1073 1698/1871/1075 1712/1877/1081
f 1712/1877/1081 1698/1871/1075 1697/1873/1077 1711/1878/1082
f 1711/1878/1082 1697/1873/1077 1695/1509/141 1709/1515/168
f 1717/1376/119 1710/1375/118 1715/1874/1078 1722/1879/1083
f 1722/1879/1083 1715/1874/1078 1714/1875/1079 1721/1880/1084
f 1721/1880/1084 1714/1875/1079 1713/1876/1080 1720/1881/1085
f 1720/1881/1085 1713/1876/1080 1712/1877/1081 1719/1882/1288
f 1719/1882/1288 1712/1877/1081 1711/1878/1082 1718/1883/1289
f 1718/1883/1289 1711/1878/1082 1709/1515/168 1716/1521/167
f 1724/1377/120 1717/1376/119 1722/1879/1083 1729/1884/1088
f 1729/1884/1088 1722/1879/1083 1721/1880/1084 1728/1885/1089
f 1728/1885/1089 1721/1880/1084 1720/1881/1085 1727/1886/1290
f 1727/1886/1290 1720/1881/1085 1719/1882/1288 1726/1887/1091
f 1726/1887/1091 1719/1882/1288 1718/1883/1289 1725/1888/1092
f 1725/1888/1092 1718/1883/1289 1716/1521/167 1723/1527/170
f 1731/1378/121 1724/1377/120 1729/1884/1088 1736/1889/1093
f 1736/1889/1093 1729/1884/1088 1728/1885/1089 1735/1890/1291
f 1735/1890/1291 1728/1885/1089 1727/1886/1290 1734/1891/1095
f 1734/1891/1095 1727/1886/1290 1726/1887/1091 1733/1892/1096
f 1733/1892/1096 1726/1887/1091 1725/1888/1092 1732/1893/1097
f 1732/1893/1097 1725/1888/1092 1723/1527/170 1730/1531/172
f 1738/1379/122 1731/1378/121 1736/1889/1093 1743/1894/1098
f 1743/1894/1098 1736/1889/1093 1735/1890/1291 1742/1895/1099
f 1742/1895/1099 1735/1890/1291 1734/1891/1095 1741/1896/1100
f 1741/1896/1100 1734/1891/1095 1733/1892/1096 1740/1897/1101
f 1740/1897/1101 1733/1892/1096 1732/1893/1097 1739/1898/1102
f 1739/1898/1102 1732/1893/1097 1730/1531/172 1737/1367/174
f 1745/1380/123 1738/1379/122 1743/1894/1098 1750/1899/1292
f 1750/1899/1292 1743/1894/1098 1742/1895/1099 1749/1900/1104
f 1749/1900/1104 1742/1895/1099 1741/1896/1100 1748/1901/1105
f 1748/1901/1105 1741/1896/1100 1740/1897/1101 1747/1902/1106
f 1747/1902/1106 1740/1897/1101 1739/1898/1102 1746/1903/1107
f 1746/1903/1107 1739/1898/1102 1737/1367/174 1744/1366/176
f 1752/1381/124 1745/1380/123 1750/1899/1292 1757/1904/1108
f 1757/1904/1108 1750/1899/1292 1749/1900/1104 1756/1905/1109
f 1756/1905/1109 1749/1900/1104 1748/1901/1105 1755/1906/1110
f 1755/1906/1110 1748/1901/1105 1747/1902/1106 1754/1907/1111
f 1754/1907/1111 1747/1902/1106 1746/1903/1107 1753/1908/1112
f 1753/1908/1112 1746/1903/1107 1744/1366/176 1751/1417/1236
f 1759/1382/125 1752/1381/124 1757/1904/1108 1764/1909/1113
f 1764/1909/1113 1757/1904/1108 1756/1905/1109 1763/1910/1114
f 1763/1910/1114 1756/1905/1109 1755/1906/1110 1762/1911/1115
f 1762/1911/1115 1755/1906/1110 1754/1907/1111 1761/1912/1116
f 1761/1912/1116 1754/1907/1111 1753/1908/1112 1760/1913/1117
f 1760/1913/1117 1753/1908/1112 1751/1417/1236 1758/1467/180
f 1766/1383/126 1759/1382/125 1764/1909/1113 1771/1914/1118
f 1771/1914/1118 1764/1909/1113 1763/1910/1114 1770/1915/1119
f 1770/1915/1119 1763/1910/1114 1762/1911/1115 1769/1916/1120
f 1769/1916/1120 1762/1911/1115 1761/1912/1116 1768/1917/1121
f 1768/1917/1121 1761/1912/1116 1760/1913/1117 1767/1918/1122
f 1767/1918/1122 1760/1913/1117 1758/1467/180 1765/1477/162
f 1773/1394/1234 1779/1393/136 1781/1919/1013 1778/1920/1014
f 1778/1920/1014 1781/1919/1013 1782/1921/1015 1777/1922/1016
f 1777/1922/1016 1782/1921/1015 1783/1923/1017 1776/1924/1018
f 1776/1924/1018 1783/1923/1017 1784/1925/1293 1775/1926/1020
f 1775/1926/1020 1784/1925/1293 1785/1927/1021 1774/1928/1022
f 1774/1928/1022 1785/1927/1021 1780/1483/145 1772/1482/138
f 1779/1393/136 1786/1392/135 1788/1929/1023 1781/1919/1013
f 1781/1919/1013 1788/1929/1023 1789/1930/1024 1782/1921/1015
f 1782/1921/1015 1789/1930/1024 1790/1931/1025 1783/1923/1017
f 1783/1923/1017 1790/1931/1025 1791/1932/1026 1784/1925/1293
f 1784/1925/1293 1791/1932/1026 1792/1933/1027 1785/1927/1021
f 1785/1927/1021 1792/1933/1027 1787/1495/146 1780/1483/145
f 1786/1392/135 1793/1391/134 1795/1934/1028 1788/1929/1023
f 1788/1929/1023 1795/1934/1028 1796/1935/1029 1789/1930/1024
f 1789/1930/1024 1796/1935/1029 1797/1936/1030 1790/1931/1025
f 1790/1931/1025 1797/1936/1030 1798/1937/1294 1791/1932/1026
f 1791/1932/1026 1798/1937/1294 1799/1938/1032 1792/1933/1027
f 1792/1933/1027 1799/1938/1032 1794/1501/148 1787/1495/146
f 1793/1391/134 1800/1390/133 1802/1939/1033 1795/1934/1028
f 1795/1934/1028 1802/1939/1033 1803/1940/1034 1796/1935/1029
f 1796/1935/1029 1803/1940/1034 1804/1941/1295 1797/1936/1030
f 1797/1936/1030 1804/1941/1295 1805/1942/1296 1798/1937/1294
f 1798/1937/1294 1805/1942/1296 1806/1943/1037 1799/1938/1032
f 1799/1938/1032 1806/1943/1037 1801/1507/150 1794/1501/148
f 1800/1390/133 1807/1389/132 1809/1944/1297 1802/1939/1033
f 1802/1939/1033 1809/1944/1297 1810/1945/1039 1803/1940/1034
f 1803/1940/1034 1810/1945/1039 1811/1946/1040 1804/1941/1295
f 1804/1941/1295 1811/1946/1040 1812/1947/1298 1805/1942/1296
f 1805/1942/1296 1812/1947/1298 1813/1948/1042 1806/1943/1037
f 1806/1943/1037 1813/1948/1042 1808/1513/1247 1801/1507/150
f 1807/1389/132 1814/1388/131 1816/1949/1043 1809/1944/1297
f 1809/1944/1297 1816/1949/1043 1817/1950/1044 1810/1945/1039
f 1810/1945/1039 1817/1950/1044 1818/1951/1045 1811/1946/1040
f 1811/1946/1040 1818/1951/1045 1819/1952/1046 1812/1947/1298
f 1812/1947/1298 1819/1952/1046 1820/1953/1047 1813/1948/1042
f 1813/1948/1042 1820/1953/1047 1815/1519/1250 1808/1513/1247
f 1814/1388/131 1821/1387/130 1823/1954/1299 1816/1949/1043
f 1816/1949/1043 1823/1954/1299 1824/1955/1049 1817/1950/1044
f 1817/1950/1044 1824/1955/1049 1825/1956/1050 1818/1951/1045
f 1818/1951/1045 1825/1956/1050 1826/1957/1051 1819/1952/1046
f 1819/1952/1046 1826/1957/1051 1827/1958/1052 1820/1953/1047
f 1820/1953/1047 1827/1958/1052 1822/1525/156 1815/1519/1250
f 1821/1387/130 1828/1386/129 1830/1959/1053 1823/1954/1299
f 1823/1954/1299 1830/1959/1053 1831/1960/1054 1824/1955/1049
f 1824/1955/1049 1831/1960/1054 1832/1961/1055 1825/1956/1050
f 1825/1956/1050 1832/1961/1055 1833/1962/1300 1826/1957/1051
f 1826/1957/1051 1833/1962/1300 1834/1963/1057 1827/1958/1052
f 1827/1958/1052 1834/1963/1057 1829/1529/158 1822/1525/156
f 1828/1386/129 1835/1385/128 1837/1964/1058 1830/1959/1053
f 1830/1959/1053 1837/1964/1058 1838/1965/1059 1831/1960/1054
f 1831/1960/1054 1838/1965/1059 1839/1966/1060 1832/1961/1055
f 1832/1961/1055 1839/1966/1060 1840/1967/1061 1833/1962/1300
f 1833/1962/1300 1840/1967/1061 1841/1968/1301 1834/1963/1057
f 1834/1963/1057 1841/1968/1301 1836/1533/1251 1829/1529/158
f 1835/1385/128 1842/1384/127 1844/1969/1063 1837/1964/1058
f 1837/1964/1058 1844/1969/1063 1845/1970/1064 1838/1965/1059
f 1838/1965/1059 1845/1970/1064 1846/1971/1065 1839/1966/1060
f 1839/1966/1060 1846/1971/1065 1847/1972/1066 1840/1967/1061
f 1840/1967/1061 1847/1972/1066 1848/1973/1067 1841/1968/1301
f 1841/1968/1301 1848/1973/1067 1843/1487/161 1836/1533/1251
f 1702/1373/116 1542/1372/115 1547/1755/1179 1704/1864/1068
f 1704/1864/1068 1547/1755/1179 1546/1757/1181 1705/1866/1070
f 1705/1866/1070 1546/1757/1181 1545/1759/1183 1706/1868/1072
f 1706/1868/1072 1545/1759/1183 1544/1761/1185 1707/1870/1074
f 1707/1870/1074 1544/1761/1185 1543/1763/1187 1708/1872/1076
f 1708/1872/1076 1543/1763/1187 1541/1360/1233 1703/1363/142
f 1611/1406/105 1689/1405/104 1694/1859/1173 1613/1804/1228
f 1613/1804/1228 1694/1859/1173 1693/1860/1174 1614/1805/1229
f 1614/1805/1229 1693/1860/1174 1692/1861/1175 1615/1806/1230
f 1615/1806/1230 1692/1861/1175 1691/1862/1286 1616/1807/1279
f 1616/1807/1279 1691/1862/1286 1690/1863/1287 1617/1808/1280
f 1617/1808/1280 1690/1863/1287 1688/1503/227 1612/1523/246
f 1765/1477/162 1843/1487/161 1848/1973/1067 1767/1918/1122
f 1767/1918/1122 1848/1973/1067 1847/1972/1066 1768/1917/1121
f 1768/1917/1121 1847/1972/1066 1846/1971/1065 1769/1916/1120
f 1769/1916/1120 1846/1971/1065 1845/1970/1064 1770/1915/1119
f 1770/1915/1119 1845/1970/1064 1844/1969/1063 1771/1914/1118
f 1771/1914/1118 1844/1969/1063 1842/1384/127 1766/1383/126
f 1772/1482/138 1626/1473/40 1631/1817/1131 1774/1928/1022
f 1774/1928/1022 1631/1817/1131 1630/1815/1129 1775/1926/1020
f 1775/1926/1020 1630/1815/1129 1629/1813/1281 1776/1924/1018
f 1776/1924/1018 1629/1813/1281 1628/1811/1125 1777/1922/1016
f 1777/1922/1016 1628/1811/1125 1627/1809/1123 1778/1920/1014
f 1778/1920/1014 1627/1809/1123 1625/1395/94 1773/1394/1234
o Cube.007_Cube.009
v -0.038534 -1.131967 -0.306421
v -0.038534 -0.900694 -0.285830
v -0.097641 -1.104104 -0.619371
v 0.179015 -1.153538 -0.064145
v 0.179015 -0.922265 -0.043553
v -0.152820 -1.159074 -0.001963
v -0.152820 -0.927802 0.018628
v 0.141708 -1.113863 -0.328903
v 0.113087 -1.130153 -0.326797
v 0.124418 -1.111825 -0.351790
v 0.138284 -1.117869 -0.330309
v 0.133923 -1.121680 -0.331058
v 0.128892 -1.125054 -0.331099
v 0.137929 -1.113647 -0.331335
v 0.135018 -1.117612 -0.332504
v 0.131798 -1.121302 -0.333075
v 0.128206 -1.124382 -0.333171
v 0.134180 -1.113353 -0.334631
v 0.132063 -1.117312 -0.335054
v 0.129884 -1.120811 -0.335164
v 0.127585 -1.123512 -0.335158
v 0.127158 -1.122533 -0.336748
v 0.116479 -1.129173 -0.330954
v 0.119520 -1.127164 -0.335517
v 0.122017 -1.124243 -0.340200
v 0.118089 -1.129363 -0.328823
v 0.120364 -1.127889 -0.332033
v 0.122294 -1.126244 -0.335481
v 0.123864 -1.123881 -0.338896
v 0.123469 -1.127629 -0.330289
v 0.124303 -1.126409 -0.332793
v 0.124999 -1.125105 -0.335339
v 0.125672 -1.123287 -0.337688
v 0.125717 -1.112207 -0.347499
v 0.127859 -1.112608 -0.342999
v 0.130711 -1.113001 -0.338583
v 0.124474 -1.116241 -0.348589
v 0.125551 -1.116483 -0.344799
v 0.127264 -1.116751 -0.341303
v 0.129455 -1.117010 -0.338003
v 0.123659 -1.120470 -0.344645
v 0.124950 -1.120475 -0.341977
v 0.126528 -1.120414 -0.339580
v 0.128217 -1.120390 -0.337358
v 0.141708 -0.917404 -0.311411
v 0.124418 -0.912504 -0.334043
v 0.113494 -0.897287 -0.305767
v 0.137929 -0.916767 -0.313805
v 0.134180 -0.915986 -0.317058
v 0.130711 -0.915111 -0.320964
v 0.138625 -0.912646 -0.311862
v 0.135147 -0.912106 -0.313970
v 0.132166 -0.911507 -0.316586
v 0.129533 -0.910868 -0.319588
v 0.134512 -0.908058 -0.311729
v 0.132117 -0.907765 -0.313785
v 0.130113 -0.907549 -0.316022
v 0.128357 -0.907298 -0.318285
v 0.127363 -0.905053 -0.317237
v 0.124504 -0.908671 -0.330021
v 0.123739 -0.905050 -0.325296
v 0.122164 -0.901875 -0.320165
v 0.125717 -0.913306 -0.329791
v 0.125726 -0.909386 -0.326344
v 0.125115 -0.905755 -0.322782
v 0.124026 -0.902768 -0.319038
v 0.127859 -0.914195 -0.325333
v 0.127382 -0.910137 -0.322862
v 0.126641 -0.906569 -0.320445
v 0.125851 -0.903869 -0.317996
v 0.118712 -0.898447 -0.307878
v 0.124205 -0.900707 -0.309667
v 0.129623 -0.903935 -0.311016
v 0.116793 -0.897931 -0.310062
v 0.120739 -0.899572 -0.311464
v 0.124787 -0.901429 -0.312495
v 0.128688 -0.904050 -0.313269
v 0.119747 -0.899491 -0.314964
v 0.122527 -0.900887 -0.315199
v 0.125305 -0.902394 -0.315291
v 0.127897 -0.904436 -0.315457
v 0.052514 -1.101599 -0.647508
v 0.068276 -1.085360 -0.649039
v 0.056594 -1.100986 -0.648224
v 0.060395 -1.099327 -0.648794
v 0.063660 -1.096733 -0.649180
v 0.066165 -1.093383 -0.649354
v 0.067739 -1.089504 -0.649306
v 0.054008 -0.857230 -0.617778
v 0.055480 -0.871724 -0.611217
v 0.063114 -0.883605 -0.658624
v 0.053735 -0.860694 -0.619545
v 0.053673 -0.863972 -0.620168
v 0.053820 -0.866900 -0.619642
v 0.057345 -0.862083 -0.622695
v 0.057082 -0.864378 -0.623780
v 0.057045 -0.866432 -0.623932
v 0.057138 -0.868264 -0.623411
v 0.060193 -0.867213 -0.628953
v 0.060040 -0.868056 -0.628563
v 0.059917 -0.868833 -0.627810
v 0.059846 -0.869659 -0.627088
v 0.061422 -0.870864 -0.630102
v 0.058320 -0.871696 -0.618343
v 0.060737 -0.872571 -0.626528
v 0.062561 -0.874301 -0.635237
v 0.054766 -0.870849 -0.614947
v 0.057820 -0.870926 -0.620606
v 0.060463 -0.871678 -0.626812
v 0.062414 -0.873048 -0.633222
v 0.054204 -0.869207 -0.617798
v 0.057412 -0.869787 -0.622292
v 0.060114 -0.870703 -0.626940
v 0.062027 -0.871852 -0.631436
v 0.063777 -0.880715 -0.651548
v 0.063523 -0.876858 -0.643890
v 0.062356 -0.872280 -0.636152
v 0.063714 -0.880089 -0.651832
v 0.063647 -0.877708 -0.645565
v 0.063348 -0.874883 -0.639666
v 0.062278 -0.871640 -0.633936
v 0.063529 -0.876916 -0.643864
v 0.063307 -0.875122 -0.639505
v 0.062921 -0.873189 -0.635556
v 0.061958 -0.871126 -0.631797
v -0.005410 -1.058318 -0.952772
v 0.013514 -1.059545 -0.938984
v -0.002445 -1.075691 -0.938494
v -0.001202 -1.058311 -0.952849
v 0.002932 -1.058403 -0.951815
v 0.006702 -1.058587 -0.949741
v -0.005331 -1.062488 -0.952722
v -0.000940 -1.062618 -0.952735
v 0.003058 -1.062644 -0.951652
v 0.006367 -1.062723 -0.949802
v -0.005048 -1.066477 -0.951569
v -0.000731 -1.066509 -0.951529
v 0.002902 -1.066179 -0.950622
v 0.005664 -1.065970 -0.949179
v 0.004985 -1.067999 -0.948442
v 0.012949 -1.063674 -0.939404
v 0.011339 -1.067540 -0.939630
v 0.008799 -1.070872 -0.939645
v 0.012181 -1.059179 -0.943098
v 0.011487 -1.063462 -0.943654
v 0.009874 -1.067194 -0.943789
v 0.007642 -1.070122 -0.943713
v 0.009856 -1.058852 -0.946770
v 0.009154 -1.063064 -0.947209
v 0.007867 -1.066505 -0.947001
v 0.006182 -1.068995 -0.946693
v -0.003234 -1.074775 -0.942625
v -0.003963 -1.072834 -0.946345
v -0.004582 -1.070004 -0.949395
v 0.001662 -1.075092 -0.939057
v 0.000971 -1.074056 -0.943363
v 0.000199 -1.072111 -0.946928
v -0.000428 -1.069610 -0.949584
v 0.005500 -1.073448 -0.939450
v 0.004724 -1.072392 -0.943655
v 0.003676 -1.070740 -0.946876
v 0.002886 -1.068782 -0.949093
v -0.003899 -0.829985 -0.924381
v 0.013522 -0.844252 -0.919774
v -0.005410 -0.858996 -0.935025
v 0.000144 -0.831178 -0.925353
v 0.004047 -0.833016 -0.925630
v 0.007579 -0.835388 -0.925197
v -0.004285 -0.833917 -0.926792
v -0.000238 -0.835301 -0.927425
v 0.003514 -0.836680 -0.927730
v 0.006700 -0.838461 -0.927528
v -0.004650 -0.838654 -0.929159
v -0.000634 -0.839467 -0.929505
v 0.002906 -0.840220 -0.929629
v 0.005677 -0.841323 -0.929494
v 0.004632 -0.843480 -0.930728
v 0.012107 -0.846353 -0.924198
v 0.009774 -0.848812 -0.928192
v 0.006663 -0.851481 -0.931507
v 0.012414 -0.841230 -0.922104
v 0.010599 -0.843612 -0.925557
v 0.008675 -0.846034 -0.928806
v 0.006144 -0.848393 -0.931409
v 0.010396 -0.838218 -0.923948
v 0.008908 -0.840913 -0.926720
v 0.007388 -0.843447 -0.929231
v 0.005435 -0.845581 -0.931150
v -0.005353 -0.854423 -0.934315
v -0.005203 -0.849269 -0.933053
v -0.004967 -0.843882 -0.931319
v -0.001243 -0.856748 -0.934948
v -0.001193 -0.852429 -0.933782
v -0.001116 -0.848088 -0.932749
v -0.000970 -0.843716 -0.931389
v 0.002864 -0.854192 -0.933754
v 0.002721 -0.850479 -0.932927
v 0.002523 -0.846934 -0.932185
v 0.002428 -0.843564 -0.931196
v 0.139010 -0.112074 -0.097815
v 0.153297 -0.093034 -0.106971
v 0.140489 -0.082996 -0.087333
v 0.143127 -0.110248 -0.098083
v 0.146847 -0.107645 -0.098943
v 0.149948 -0.104417 -0.100344
v 0.139391 -0.108127 -0.095429
v 0.143372 -0.106177 -0.096082
v 0.146964 -0.104185 -0.096938
v 0.149835 -0.101735 -0.098076
v 0.139750 -0.103374 -0.093090
v 0.143607 -0.102074 -0.094063
v 0.146948 -0.100818 -0.095073
v 0.149469 -0.099201 -0.096058
v 0.148853 -0.097253 -0.094642
v 0.153458 -0.091668 -0.102674
v 0.152600 -0.090035 -0.098436
v 0.150771 -0.088234 -0.094511
v 0.153195 -0.096831 -0.104535
v 0.152622 -0.095161 -0.101000
v 0.151881 -0.093428 -0.097573
v 0.150350 -0.091750 -0.094479
v 0.152058 -0.100701 -0.102281
v 0.151540 -0.098586 -0.099453
v 0.150910 -0.096576 -0.096812
v 0.149685 -0.094925 -0.094514
v 0.140437 -0.087573 -0.088020
v 0.140291 -0.092734 -0.089255
v 0.140062 -0.098133 -0.090960
v 0.144432 -0.084594 -0.088835
v 0.144204 -0.088986 -0.089925
v 0.144047 -0.093425 -0.090921
v 0.143839 -0.097855 -0.092234
v 0.147929 -0.086375 -0.091275
v 0.147622 -0.090319 -0.092009
v 0.147286 -0.094074 -0.092646
v 0.146955 -0.097558 -0.093524
v 0.138522 0.399053 -0.054913
v 0.140047 0.396106 -0.047035
v 0.152880 0.358259 -0.069012
v 0.138921 0.401854 -0.052531
v 0.139288 0.403377 -0.050441
v 0.139594 0.403590 -0.048786
v 0.142065 0.393741 -0.058799
v 0.142527 0.397028 -0.055519
v 0.142957 0.399609 -0.052758
v 0.143287 0.400393 -0.050751
v 0.145439 0.387236 -0.062374
v 0.145875 0.391847 -0.058334
v 0.146153 0.395340 -0.055031
v 0.146334 0.396576 -0.052822
v 0.148164 0.392654 -0.054696
v 0.143976 0.390433 -0.048870
v 0.147487 0.383912 -0.051712
v 0.150342 0.376964 -0.055382
v 0.139983 0.399804 -0.047050
v 0.143768 0.394867 -0.049239
v 0.147180 0.389826 -0.051704
v 0.149808 0.384298 -0.054840
v 0.139825 0.402338 -0.047663
v 0.143538 0.398483 -0.049751
v 0.146742 0.394370 -0.051968
v 0.149048 0.389844 -0.054603
v 0.152204 0.364924 -0.068754
v 0.150687 0.372318 -0.067527
v 0.148416 0.379957 -0.065399
v 0.153040 0.363702 -0.064392
v 0.151850 0.371602 -0.063634
v 0.150577 0.379016 -0.062530
v 0.148682 0.385870 -0.060870
v 0.152179 0.370074 -0.059747
v 0.151193 0.378012 -0.058926
v 0.150139 0.384828 -0.058114
v 0.148608 0.390415 -0.057065
v 0.018587 -1.142918 -0.002567
v 0.015758 -1.157560 -0.018968
v 0.018491 -1.147008 -0.003445
v 0.018208 -1.150727 -0.005285
v 0.017759 -1.153824 -0.007960
v 0.017173 -1.156087 -0.011288
v 0.016490 -1.157361 -0.015042
v 0.015759 -0.926288 0.001630
v 0.018587 -0.943644 0.015176
v 0.016491 -0.927179 0.005456
v 0.017173 -0.929101 0.008925
v 0.017759 -0.931924 0.011799
v 0.018208 -0.935454 0.013883
v 0.018491 -0.939451 0.015035
v -0.096147 -0.859735 -0.589642
v -0.094675 -0.874229 -0.583080
v -0.096432 -0.863173 -0.591472
v -0.096497 -0.866471 -0.592107
v -0.096335 -0.869405 -0.591505
v -0.095958 -0.871776 -0.589705
v -0.095392 -0.873421 -0.586832
v -0.152600 -1.078196 -0.910357
v -0.155565 -1.060823 -0.924635
v -0.153367 -1.077290 -0.914372
v -0.154082 -1.075357 -0.918016
v -0.154696 -1.072528 -0.921042
v -0.155168 -1.068998 -0.923243
v -0.155464 -1.065005 -0.924468
v -0.155565 -0.861501 -0.906888
v -0.154054 -0.832490 -0.896244
v -0.155513 -0.856922 -0.906206
v -0.155363 -0.851767 -0.904942
v -0.155123 -0.846387 -0.903182
v -0.154810 -0.841148 -0.901046
v -0.154445 -0.836409 -0.898679
v -0.009666 -0.085501 -0.059196
v -0.011145 -0.114579 -0.069678
v -0.009713 -0.090084 -0.059855
v -0.009859 -0.095247 -0.061092
v -0.010093 -0.100638 -0.062823
v -0.010400 -0.105890 -0.064929
v -0.010759 -0.110645 -0.067268
v -0.011633 0.396548 -0.026776
v -0.010108 0.393601 -0.018898
v -0.011242 0.399377 -0.024435
v -0.010876 0.400925 -0.022345
v -0.010561 0.401085 -0.020649
v -0.010318 0.399846 -0.019462
v -0.010163 0.397294 -0.018865
v 0.855848 -1.079630 0.124912
v 0.871756 -1.100496 0.142060
v 0.859965 -1.081391 0.129674
v 0.863802 -1.084136 0.134014
v 0.867097 -1.087678 0.137635
v 0.869625 -1.091774 0.140290
v 0.871214 -1.096146 0.141800
v 0.910452 -1.086528 0.109493
v 0.925248 -1.106107 0.113300
v 0.914281 -1.087989 0.110799
v 0.917850 -1.090444 0.111919
v 0.920914 -1.093726 0.112777
v 0.923266 -1.097610 0.113313
v 0.924744 -1.101834 0.113491
v 0.879445 -1.084789 0.128451
v 0.878081 -1.101880 0.143009
v 0.879092 -1.085574 0.132543
v 0.878763 -1.087409 0.136257
v 0.878481 -1.090168 0.139342
v 0.878264 -1.093664 0.141586
v 0.878128 -1.097659 0.142836
v 0.883655 -1.085570 0.128453
v 0.884600 -1.103139 0.143003
v 0.883899 -1.086481 0.132543
v 0.884127 -1.088432 0.136256
v 0.884323 -1.091291 0.139339
v 0.884473 -1.094863 0.141581
v 0.884567 -1.098904 0.142831
v 0.887969 -1.086243 0.127833
v 0.891151 -1.104243 0.142045
v 0.888792 -1.087269 0.131835
v 0.889560 -1.089327 0.135466
v 0.890219 -1.092276 0.138478
v 0.890724 -1.095915 0.140667
v 0.891042 -1.099997 0.141884
v 0.892250 -1.086783 0.126592
v 0.897573 -1.105168 0.140155
v 0.893627 -1.087913 0.130425
v 0.894911 -1.090066 0.133900
v 0.896014 -1.093096 0.136778
v 0.896860 -1.096796 0.138864
v 0.897392 -1.100913 0.140016
v 0.896360 -1.087171 0.124760
v 0.903709 -1.105892 0.137383
v 0.898262 -1.088392 0.128350
v 0.900034 -1.090630 0.131597
v 0.901556 -1.093730 0.134280
v 0.902724 -1.097482 0.136217
v 0.903458 -1.101630 0.137275
v 0.900170 -1.087389 0.122397
v 0.909407 -1.106398 0.133794
v 0.902560 -1.088691 0.125669
v 0.904788 -1.091000 0.128620
v 0.906702 -1.094161 0.131050
v 0.908170 -1.097958 0.132792
v 0.909092 -1.102132 0.133728
v 0.903563 -1.087432 0.119586
v 0.914527 -1.106676 0.129478
v 0.906400 -1.088798 0.122468
v 0.909045 -1.091167 0.125056
v 0.911316 -1.094378 0.127173
v 0.913058 -1.098211 0.128676
v 0.914154 -1.102406 0.129462
v 0.906445 -1.087296 0.116428
v 0.918943 -1.106719 0.124540
v 0.909680 -1.088712 0.118849
v 0.912694 -1.091127 0.121008
v 0.915283 -1.094376 0.122757
v 0.917269 -1.098237 0.123977
v 0.918518 -1.102447 0.124585
v 0.908750 -1.086989 0.113038
v 0.922547 -1.106528 0.119103
v 0.912321 -1.088438 0.114929
v 0.915648 -1.090882 0.116594
v 0.918506 -1.094156 0.117919
v 0.920698 -1.098034 0.118814
v 0.922077 -1.102254 0.119218
v 0.910178 -1.168340 0.102110
v 0.925248 -1.152864 0.109137
v 0.914078 -1.167925 0.103609
v 0.917713 -1.166449 0.105103
v 0.920834 -1.164014 0.106490
v 0.923229 -1.160785 0.107675
v 0.924735 -1.156981 0.108578
v 0.855418 -1.169649 0.116805
v 0.871756 -1.155360 0.137175
v 0.859647 -1.169541 0.121757
v 0.863587 -1.168352 0.126469
v 0.866971 -1.166162 0.130620
v 0.869568 -1.163122 0.133926
v 0.871200 -1.159437 0.136162
v 0.908511 -1.168658 0.105685
v 0.922547 -1.153380 0.114932
v 0.912144 -1.168294 0.107759
v 0.915529 -1.166867 0.109788
v 0.918436 -1.164472 0.111634
v 0.920666 -1.161274 0.113172
v 0.922068 -1.157491 0.114297
v 0.906228 -1.168964 0.109114
v 0.918943 -1.153861 0.120343
v 0.909519 -1.168645 0.111701
v 0.912585 -1.167260 0.114208
v 0.915219 -1.164902 0.116465
v 0.917240 -1.161732 0.118318
v 0.918510 -1.157966 0.119641
v 0.903366 -1.169246 0.112286
v 0.914527 -1.154297 0.125238
v 0.906255 -1.168967 0.115318
v 0.908947 -1.167619 0.118241
v 0.911258 -1.165293 0.120855
v 0.913032 -1.162147 0.122982
v 0.914147 -1.158397 0.124477
v 0.899998 -1.169495 0.115086
v 0.909407 -1.154676 0.129495
v 0.902434 -1.169250 0.118496
v 0.904703 -1.167933 0.121770
v 0.906651 -1.165634 0.124686
v 0.908147 -1.162509 0.127044
v 0.909087 -1.158772 0.128685
v 0.896222 -1.169703 0.117417
v 0.903709 -1.154989 0.133011
v 0.898159 -1.169485 0.121133
v 0.899965 -1.168194 0.124693
v 0.901516 -1.165916 0.127854
v 0.902706 -1.162808 0.130401
v 0.903454 -1.159081 0.132160
v 0.892155 -1.169862 0.119198
v 0.897573 -1.155229 0.135698
v 0.893557 -1.169665 0.123149
v 0.894864 -1.168392 0.126927
v 0.895986 -1.166132 0.130276
v 0.896847 -1.163036 0.132967
v 0.897388 -1.159318 0.134816
v 0.887930 -1.169967 0.120377
v 0.891151 -1.155388 0.137491
v 0.888763 -1.169784 0.124487
v 0.889540 -1.168525 0.128413
v 0.890207 -1.166275 0.131889
v 0.890719 -1.163189 0.134678
v 0.891041 -1.159475 0.136588
v 0.883685 -1.170016 0.120930
v 0.884600 -1.155464 0.138345
v 0.883922 -1.169840 0.125118
v 0.884143 -1.168587 0.129117
v 0.884332 -1.166343 0.132655
v 0.884477 -1.163261 0.135491
v 0.884568 -1.159550 0.137432
v 0.879555 -1.170010 0.120863
v 0.878081 -1.155455 0.138239
v 0.879174 -1.169833 0.125040
v 0.878818 -1.168580 0.129030
v 0.878513 -1.166335 0.132560
v 0.878279 -1.163252 0.135390
v 0.878132 -1.159541 0.137327
v 0.895465 -1.165102 0.065736
v 0.903235 -1.147881 0.053169
v 0.897476 -1.164235 0.062164
v 0.899350 -1.162338 0.058932
v 0.900959 -1.159542 0.056260
v 0.902194 -1.156035 0.054332
v 0.902970 -1.152058 0.053277
v 0.899382 -1.165312 0.068096
v 0.908722 -1.148175 0.056475
v 0.901799 -1.164467 0.064768
v 0.904052 -1.162591 0.061765
v 0.905986 -1.159811 0.059289
v 0.907470 -1.156318 0.057511
v 0.908403 -1.152349 0.056551
v 0.902546 -1.165546 0.070725
v 0.913724 -1.148545 0.060630
v 0.905439 -1.164736 0.067792
v 0.908135 -1.162893 0.065157
v 0.910450 -1.160142 0.062998
v 0.912227 -1.156670 0.061462
v 0.913343 -1.152715 0.060655
v 0.905388 -1.165828 0.073894
v 0.918119 -1.148981 0.065533
v 0.908683 -1.165058 0.071411
v 0.911754 -1.163252 0.069193
v 0.914391 -1.160533 0.067393
v 0.916414 -1.157086 0.066133
v 0.917686 -1.153146 0.065498
v 0.907803 -1.166151 0.077523
v 0.921799 -1.149474 0.071063
v 0.911425 -1.165425 0.075531
v 0.914801 -1.163660 0.073772
v 0.917700 -1.160976 0.072366
v 0.919924 -1.157556 0.071407
v 0.921322 -1.153632 0.070963
v 0.909702 -1.166505 0.081502
v 0.924673 -1.150010 0.077082
v 0.913577 -1.165826 0.080038
v 0.917187 -1.164105 0.078772
v 0.920288 -1.161458 0.077788
v 0.922667 -1.158067 0.077154
v 0.924163 -1.154162 0.076913
v 0.911022 -1.166880 0.085708
v 0.926669 -1.150576 0.083445
v 0.915072 -1.166250 0.084802
v 0.918846 -1.164575 0.084056
v 0.922086 -1.161969 0.083518
v 0.924573 -1.158608 0.083227
v 0.926136 -1.154722 0.083202
v 0.911724 -1.167262 0.090004
v 0.927740 -1.151159 0.089992
v 0.915869 -1.166685 0.089681
v 0.919732 -1.165058 0.089477
v 0.923049 -1.162493 0.089406
v 0.925594 -1.159164 0.089473
v 0.927194 -1.155298 0.089673
v 0.911801 -1.167641 0.094253
v 0.927858 -1.151744 0.096564
v 0.915956 -1.167117 0.094532
v 0.919829 -1.165540 0.094888
v 0.923155 -1.163018 0.095298
v 0.925706 -1.159721 0.095734
v 0.927311 -1.155876 0.096166
v 0.911271 -1.168003 0.098323
v 0.927020 -1.152317 0.102999
v 0.915347 -1.167534 0.099214
v 0.919146 -1.166008 0.100140
v 0.922408 -1.163529 0.101040
v 0.924910 -1.160266 0.101852
v 0.926484 -1.156442 0.102520
v 0.895775 -1.077789 0.073568
v 0.903235 -1.094427 0.057928
v 0.897705 -1.078467 0.069843
v 0.899505 -1.080198 0.066274
v 0.901050 -1.082866 0.063104
v 0.902235 -1.086288 0.060550
v 0.902981 -1.090231 0.058784
v 0.911576 -1.085944 0.105738
v 0.927020 -1.105476 0.107169
v 0.915574 -1.087393 0.106430
v 0.919298 -1.089837 0.106977
v 0.922497 -1.093109 0.107342
v 0.924951 -1.096986 0.107500
v 0.926494 -1.101205 0.107441
v 0.912133 -1.085249 0.101723
v 0.927858 -1.104659 0.100756
v 0.916202 -1.086665 0.101794
v 0.919995 -1.089079 0.101763
v 0.923252 -1.092326 0.101631
v 0.925751 -1.096184 0.101409
v 0.927322 -1.100390 0.101110
v 0.912081 -1.084452 0.097530
v 0.927740 -1.103675 0.094220
v 0.916134 -1.085818 0.096995
v 0.919911 -1.088185 0.096399
v 0.923154 -1.091392 0.095782
v 0.925642 -1.095221 0.095187
v 0.927206 -1.099411 0.094654
v 0.911401 -1.083569 0.093289
v 0.926669 -1.102547 0.087721
v 0.915353 -1.084869 0.092169
v 0.919035 -1.087175 0.091029
v 0.922197 -1.090331 0.089944
v 0.924624 -1.094122 0.088991
v 0.926149 -1.098288 0.088232
v 0.910097 -1.082622 0.089135
v 0.924673 -1.101302 0.081419
v 0.913870 -1.083841 0.087460
v 0.917385 -1.086074 0.085801
v 0.920404 -1.089168 0.084272
v 0.922720 -1.092911 0.082977
v 0.924176 -1.097050 0.082004
v 0.908205 -1.081637 0.085202
v 0.921799 -1.099971 0.075470
v 0.911724 -1.082763 0.083005
v 0.915002 -1.084910 0.080861
v 0.917818 -1.087931 0.078914
v 0.919978 -1.091621 0.077299
v 0.921336 -1.095727 0.076124
v 0.905786 -1.080644 0.081614
v 0.918119 -1.098584 0.070020
v 0.908978 -1.081665 0.078936
v 0.911953 -1.083715 0.076343
v 0.914507 -1.086654 0.074011
v 0.916467 -1.090281 0.072099
v 0.917699 -1.094350 0.070738
v 0.902926 -1.079676 0.078480
v 0.913724 -1.097175 0.065204
v 0.905721 -1.080580 0.075367
v 0.908325 -1.082522 0.072368
v 0.910562 -1.085369 0.069687
v 0.912278 -1.088927 0.067508
v 0.913356 -1.092954 0.065979
v 0.899727 -1.078762 0.075881
v 0.908722 -1.095778 0.061140
v 0.902055 -1.079539 0.072389
v 0.904224 -1.081363 0.069037
v 0.906087 -1.084109 0.066053
v 0.907516 -1.087591 0.063641
v 0.908415 -1.091571 0.061965
v 0.194958 -1.155037 -0.047305
v 0.213313 -1.140788 -0.026496
v 0.199709 -1.154940 -0.042239
v 0.204136 -1.153760 -0.037421
v 0.207937 -1.151579 -0.033180
v 0.210854 -1.148544 -0.029805
v 0.212687 -1.144864 -0.027525
v 0.155324 -1.140637 -0.028189
v 0.167510 -1.155031 -0.047374
v 0.155740 -1.144718 -0.029163
v 0.156957 -1.148413 -0.031280
v 0.158893 -1.151470 -0.034398
v 0.161417 -1.153681 -0.038302
v 0.164356 -1.154896 -0.042728
v 0.208447 -1.140694 -0.027549
v 0.192859 -1.155011 -0.047600
v 0.207916 -1.144772 -0.028552
v 0.206359 -1.148459 -0.030756
v 0.203881 -1.151505 -0.034011
v 0.200653 -1.153700 -0.038095
v 0.196894 -1.154896 -0.042730
v 0.202982 -1.140615 -0.028442
v 0.190441 -1.154993 -0.047801
v 0.202555 -1.144695 -0.029421
v 0.201302 -1.148388 -0.031556
v 0.199309 -1.151443 -0.034701
v 0.196712 -1.153651 -0.038642
v 0.193687 -1.154862 -0.043110
v 0.197054 -1.140551 -0.029151
v 0.187719 -1.154980 -0.047945
v 0.196736 -1.144633 -0.030111
v 0.195803 -1.148332 -0.032190
v 0.194320 -1.151395 -0.035245
v 0.192386 -1.153613 -0.039069
v 0.190135 -1.154836 -0.043401
v 0.190807 -1.140506 -0.029661
v 0.184759 -1.154972 -0.048039
v 0.190601 -1.144589 -0.030607
v 0.189997 -1.148291 -0.032644
v 0.189035 -1.151360 -0.035633
v 0.187783 -1.153586 -0.039371
v 0.186324 -1.154818 -0.043602
v 0.184396 -1.140479 -0.029958
v 0.181653 -1.154968 -0.048083
v 0.184302 -1.144564 -0.030896
v 0.184028 -1.148268 -0.032907
v 0.183592 -1.151340 -0.035856
v 0.183024 -1.153571 -0.039541
v 0.182363 -1.154808 -0.043712
v 0.177978 -1.140473 -0.030036
v 0.178505 -1.154969 -0.048072
v 0.177996 -1.144557 -0.030970
v 0.178049 -1.148262 -0.032973
v 0.178132 -1.151336 -0.035908
v 0.178241 -1.153568 -0.039574
v 0.178369 -1.154807 -0.043724
v 0.171712 -1.140485 -0.029891
v 0.175424 -1.154975 -0.048003
v 0.171838 -1.144570 -0.030828
v 0.172209 -1.148274 -0.032838
v 0.172799 -1.151347 -0.035785
v 0.173568 -1.153578 -0.039468
v 0.174463 -1.154815 -0.043635
v 0.165752 -1.140518 -0.029529
v 0.172512 -1.154987 -0.047871
v 0.165982 -1.144601 -0.030473
v 0.166657 -1.148304 -0.032507
v 0.167732 -1.151373 -0.035490
v 0.169132 -1.153600 -0.039220
v 0.170763 -1.154832 -0.043443
v 0.160244 -1.140569 -0.028957
v 0.169856 -1.155005 -0.047669
v 0.160571 -1.144651 -0.029914
v 0.161532 -1.148350 -0.031984
v 0.163059 -1.151414 -0.035026
v 0.165050 -1.153634 -0.038833
v 0.167368 -1.154859 -0.043145
v 0.167504 -0.923759 -0.026775
v 0.155324 -0.941364 -0.010447
v 0.164352 -0.924714 -0.022228
v 0.161414 -0.926696 -0.018089
v 0.158892 -0.929570 -0.014639
v 0.156956 -0.933140 -0.012113
v 0.155740 -0.937163 -0.010683
v 0.213313 -0.947721 -0.009307
v 0.194981 -0.926582 -0.026940
v 0.212688 -0.943364 -0.009584
v 0.210857 -0.938965 -0.011142
v 0.207944 -0.934826 -0.013875
v 0.204147 -0.931228 -0.017596
v 0.199726 -0.928416 -0.022052
v 0.160244 -0.941376 -0.011222
v 0.169851 -0.923769 -0.027072
v 0.160571 -0.937173 -0.011441
v 0.161531 -0.933150 -0.012823
v 0.163058 -0.929579 -0.015273
v 0.165047 -0.926705 -0.018625
v 0.167364 -0.924724 -0.022649
v 0.165752 -0.941556 -0.011814
v 0.172509 -0.923860 -0.027284
v 0.165982 -0.937348 -0.012020
v 0.166657 -0.933314 -0.013364
v 0.167731 -0.929729 -0.015754
v 0.169130 -0.926837 -0.019026
v 0.170760 -0.924836 -0.022959
v 0.171712 -0.941900 -0.012210
v 0.175422 -0.924028 -0.027431
v 0.171838 -0.937683 -0.012408
v 0.172209 -0.933630 -0.013726
v 0.172798 -0.930016 -0.016076
v 0.173567 -0.927088 -0.019297
v 0.174462 -0.925046 -0.023170
v 0.177978 -0.942398 -0.012400
v 0.178505 -0.924266 -0.027521
v 0.177996 -0.938169 -0.012594
v 0.178048 -0.934088 -0.013902
v 0.178132 -0.930432 -0.016236
v 0.178241 -0.927451 -0.019437
v 0.178368 -0.925347 -0.023286
v 0.184396 -0.943040 -0.012379
v 0.181654 -0.924565 -0.027558
v 0.184302 -0.938795 -0.012575
v 0.184028 -0.934677 -0.013889
v 0.183593 -0.930965 -0.016232
v 0.183025 -0.927914 -0.019445
v 0.182364 -0.925731 -0.023308
v 0.190807 -0.943808 -0.012148
v 0.184763 -0.924915 -0.027545
v 0.190601 -0.939544 -0.012351
v 0.189997 -0.935381 -0.013686
v 0.189037 -0.931603 -0.016064
v 0.187785 -0.928466 -0.019322
v 0.186327 -0.926185 -0.023238
v 0.197054 -0.944684 -0.011712
v 0.187726 -0.925303 -0.027483
v 0.196736 -0.940399 -0.011927
v 0.195804 -0.936184 -0.013300
v 0.194322 -0.932327 -0.015737
v 0.192390 -0.929090 -0.019072
v 0.190140 -0.926695 -0.023079
v 0.202982 -0.945645 -0.011083
v 0.190452 -0.925716 -0.027373
v 0.202555 -0.941336 -0.011314
v 0.201304 -0.937064 -0.012739
v 0.199312 -0.933118 -0.015258
v 0.196717 -0.929769 -0.018701
v 0.193695 -0.927244 -0.022833
v 0.208447 -0.946667 -0.010274
v 0.192875 -0.926142 -0.027203
v 0.207916 -0.942333 -0.010527
v 0.206361 -0.937999 -0.012015
v 0.203886 -0.933958 -0.014636
v 0.200661 -0.930486 -0.018212
v 0.196905 -0.927820 -0.022498
v -0.215174 -1.119817 -0.262028
v -0.207416 -1.117362 -0.289609
v -0.187223 -1.135163 -0.270523
v -0.212540 -1.119494 -0.265662
v -0.210250 -1.119100 -0.270089
v -0.208460 -1.118660 -0.275027
v -0.212364 -1.123719 -0.264602
v -0.210000 -1.123344 -0.267742
v -0.208256 -1.122992 -0.271215
v -0.206956 -1.122624 -0.274948
v -0.208449 -1.127392 -0.266903
v -0.207122 -1.126927 -0.269511
v -0.206187 -1.126415 -0.272176
v -0.205456 -1.125957 -0.274831
v -0.204179 -1.128061 -0.274660
v -0.206167 -1.121758 -0.286632
v -0.203844 -1.125934 -0.283276
v -0.200584 -1.129625 -0.279749
v -0.207061 -1.117759 -0.285141
v -0.205940 -1.122046 -0.282706
v -0.204176 -1.125997 -0.280342
v -0.201854 -1.129304 -0.277879
v -0.207414 -1.118202 -0.280173
v -0.206184 -1.122319 -0.278808
v -0.204702 -1.125943 -0.277515
v -0.203111 -1.128772 -0.276082
v -0.192641 -1.134547 -0.270596
v -0.198240 -1.132997 -0.270005
v -0.203668 -1.130602 -0.268782
v -0.191919 -1.134318 -0.273165
v -0.195944 -1.133158 -0.272847
v -0.199961 -1.131888 -0.272091
v -0.203783 -1.129929 -0.270968
v -0.196468 -1.132436 -0.276305
v -0.199042 -1.131528 -0.275303
v -0.201571 -1.130553 -0.274154
v -0.203968 -1.129044 -0.273032
v -0.215174 -0.923358 -0.244537
v -0.187494 -0.902308 -0.249366
v -0.207416 -0.918040 -0.271862
v -0.212618 -0.918506 -0.246044
v -0.208886 -0.913787 -0.247381
v -0.204206 -0.909504 -0.248461
v -0.212540 -0.922614 -0.248132
v -0.210289 -0.917831 -0.249339
v -0.207505 -0.913401 -0.250189
v -0.204165 -0.909617 -0.250894
v -0.210250 -0.921733 -0.252517
v -0.208396 -0.917175 -0.252836
v -0.206373 -0.913159 -0.252980
v -0.204191 -0.909977 -0.253227
v -0.204316 -0.910587 -0.255085
v -0.192101 -0.903085 -0.252180
v -0.196578 -0.904768 -0.255689
v -0.200635 -0.907261 -0.259677
v -0.193082 -0.903648 -0.249452
v -0.196249 -0.904876 -0.251984
v -0.199233 -0.906190 -0.254856
v -0.201923 -0.908198 -0.257940
v -0.198774 -0.906096 -0.249145
v -0.200311 -0.906935 -0.251536
v -0.201782 -0.907853 -0.253990
v -0.203220 -0.909359 -0.256330
v -0.207061 -0.918858 -0.267433
v -0.207414 -0.919788 -0.262508
v -0.208460 -0.920770 -0.257408
v -0.206164 -0.914188 -0.268058
v -0.205800 -0.914940 -0.264203
v -0.206134 -0.915699 -0.260378
v -0.206996 -0.916479 -0.256543
v -0.203857 -0.910516 -0.263909
v -0.204113 -0.911276 -0.261057
v -0.204739 -0.912101 -0.258347
v -0.205548 -0.912868 -0.255718
v -0.263558 -1.090896 -0.586858
v -0.247796 -1.106609 -0.591234
v -0.263021 -1.095022 -0.587327
v -0.261446 -1.098849 -0.587965
v -0.258941 -1.102116 -0.588729
v -0.255677 -1.104600 -0.589566
v -0.251875 -1.106133 -0.590421
v -0.246302 -0.862241 -0.561505
v -0.268720 -0.889141 -0.596443
v -0.244831 -0.876734 -0.554943
v -0.251033 -0.867228 -0.564909
v -0.255787 -0.872485 -0.569743
v -0.260245 -0.877662 -0.575702
v -0.246575 -0.865704 -0.563271
v -0.251103 -0.869493 -0.565821
v -0.255488 -0.873312 -0.569320
v -0.259359 -0.876979 -0.573603
v -0.246637 -0.868983 -0.563894
v -0.251045 -0.871551 -0.566085
v -0.255063 -0.874085 -0.568764
v -0.258319 -0.876463 -0.571754
v -0.257230 -0.876180 -0.570391
v -0.266933 -0.885605 -0.589873
v -0.263979 -0.882380 -0.582493
v -0.260040 -0.879684 -0.574786
v -0.266870 -0.886231 -0.589590
v -0.264691 -0.883072 -0.584093
v -0.262337 -0.880507 -0.578548
v -0.259244 -0.878443 -0.573010
v -0.263985 -0.882322 -0.582519
v -0.262285 -0.880237 -0.578644
v -0.260527 -0.878572 -0.574953
v -0.258260 -0.877212 -0.571443
v -0.245544 -0.875860 -0.558673
v -0.246106 -0.874217 -0.561524
v -0.246490 -0.871910 -0.563368
v -0.250057 -0.876841 -0.560557
v -0.250429 -0.876208 -0.563002
v -0.250714 -0.875000 -0.564645
v -0.250900 -0.873413 -0.565685
v -0.255243 -0.877843 -0.567318
v -0.255100 -0.877025 -0.567763
v -0.254872 -0.875974 -0.567933
v -0.254710 -0.874908 -0.568144
v -0.305720 -1.063328 -0.896498
v -0.302755 -1.080701 -0.882220
v -0.318320 -1.065081 -0.876803
v -0.305607 -1.067497 -0.896265
v -0.305312 -1.071475 -0.895044
v -0.304852 -1.075034 -0.892905
v -0.309657 -1.063452 -0.895099
v -0.309339 -1.067610 -0.894293
v -0.309050 -1.071428 -0.893325
v -0.308636 -1.074659 -0.891595
v -0.313129 -1.063664 -0.892725
v -0.312715 -1.067728 -0.892145
v -0.312249 -1.071289 -0.891461
v -0.311737 -1.074095 -0.890167
v -0.313610 -1.073379 -0.888824
v -0.306786 -1.080173 -0.881251
v -0.310541 -1.078661 -0.880223
v -0.313802 -1.076254 -0.879194
v -0.303519 -1.079731 -0.886210
v -0.307477 -1.078633 -0.885137
v -0.311097 -1.077384 -0.884161
v -0.314077 -1.075413 -0.883245
v -0.304231 -1.077805 -0.889842
v -0.308098 -1.076907 -0.888695
v -0.311455 -1.075929 -0.887593
v -0.314030 -1.074409 -0.886648
v -0.318533 -1.064687 -0.881232
v -0.317723 -1.064302 -0.885551
v -0.315939 -1.063950 -0.889507
v -0.317748 -1.069173 -0.877436
v -0.317376 -1.068682 -0.881870
v -0.316794 -1.068274 -0.885960
v -0.315385 -1.067923 -0.889505
v -0.316212 -1.072970 -0.878249
v -0.316007 -1.072356 -0.882512
v -0.315628 -1.071747 -0.886259
v -0.314577 -1.071258 -0.889283
v -0.304210 -0.834996 -0.868107
v -0.305720 -0.864006 -0.878751
v -0.318312 -0.849788 -0.857593
v -0.304596 -0.838927 -0.870518
v -0.304960 -0.843665 -0.872885
v -0.305278 -0.848892 -0.875045
v -0.308289 -0.836324 -0.867557
v -0.308509 -0.840442 -0.869615
v -0.308799 -0.844560 -0.871765
v -0.309045 -0.848837 -0.873650
v -0.311967 -0.838288 -0.866413
v -0.312067 -0.841991 -0.868538
v -0.312115 -0.845475 -0.870593
v -0.312144 -0.848810 -0.872245
v -0.314020 -0.848796 -0.871017
v -0.309647 -0.861893 -0.877157
v -0.313123 -0.859464 -0.874543
v -0.315936 -0.856863 -0.871057
v -0.305663 -0.859434 -0.878041
v -0.309453 -0.857559 -0.876066
v -0.312860 -0.855760 -0.873879
v -0.315512 -0.853787 -0.871148
v -0.305513 -0.854280 -0.876779
v -0.309246 -0.853198 -0.874974
v -0.312476 -0.852188 -0.873164
v -0.314855 -0.850932 -0.871134
v -0.318221 -0.846746 -0.860148
v -0.317105 -0.843682 -0.862579
v -0.315024 -0.840770 -0.864746
v -0.318528 -0.851869 -0.862242
v -0.317703 -0.849105 -0.864036
v -0.316714 -0.846341 -0.865734
v -0.314958 -0.843857 -0.867264
v -0.317720 -0.854276 -0.866824
v -0.316930 -0.851489 -0.867761
v -0.316047 -0.848845 -0.868624
v -0.314615 -0.846679 -0.869483
v -0.161300 -0.117084 -0.041542
v -0.159821 -0.088006 -0.031059
v -0.178538 -0.098570 -0.044790
v -0.160919 -0.113137 -0.039155
v -0.160560 -0.108384 -0.036816
v -0.160248 -0.103143 -0.034686
v -0.165292 -0.115394 -0.040290
v -0.164901 -0.111312 -0.038361
v -0.164541 -0.107262 -0.036314
v -0.164238 -0.103014 -0.034511
v -0.169153 -0.112917 -0.039729
v -0.168625 -0.109394 -0.037859
v -0.168063 -0.106072 -0.036049
v -0.167617 -0.102808 -0.034578
v -0.169799 -0.102569 -0.034931
v -0.163987 -0.089739 -0.031041
v -0.168071 -0.091647 -0.032061
v -0.171830 -0.093616 -0.034060
v -0.159873 -0.092583 -0.031746
v -0.164053 -0.094151 -0.032122
v -0.167942 -0.095577 -0.032796
v -0.171304 -0.097087 -0.034194
v -0.160019 -0.097745 -0.032981
v -0.164109 -0.098598 -0.033213
v -0.167723 -0.099332 -0.033614
v -0.170605 -0.100258 -0.034494
v -0.177439 -0.102347 -0.042579
v -0.175439 -0.106165 -0.040913
v -0.172653 -0.109799 -0.039894
v -0.177177 -0.097184 -0.040718
v -0.175679 -0.100623 -0.039476
v -0.174067 -0.104021 -0.038404
v -0.171818 -0.107072 -0.037793
v -0.174896 -0.095499 -0.037068
v -0.173738 -0.098841 -0.036586
v -0.172523 -0.101970 -0.036205
v -0.170821 -0.104535 -0.036034
v -0.161788 0.394043 0.001361
v -0.178954 0.352723 -0.006831
v -0.160263 0.391096 0.009239
v -0.166325 0.388596 -0.001011
v -0.170552 0.381964 -0.003162
v -0.174186 0.374575 -0.004948
v -0.161389 0.396844 0.003743
v -0.165717 0.391854 0.002181
v -0.169685 0.386651 0.000762
v -0.172934 0.380702 -0.000459
v -0.161023 0.398367 0.005833
v -0.165166 0.394368 0.004949
v -0.168825 0.390081 0.003985
v -0.171636 0.385210 0.003066
v -0.170487 0.387338 0.005015
v -0.177606 0.358186 -0.002434
v -0.175328 0.364610 0.001623
v -0.172259 0.371582 0.005069
v -0.178446 0.359407 -0.006795
v -0.176460 0.366102 -0.002015
v -0.174433 0.372521 0.002130
v -0.171831 0.378688 0.005409
v -0.176826 0.366854 -0.006156
v -0.175046 0.373616 -0.001441
v -0.173309 0.379429 0.002506
v -0.171214 0.384318 0.005411
v -0.160328 0.394794 0.009224
v -0.160485 0.397328 0.008611
v -0.160716 0.398579 0.007488
v -0.164405 0.385288 0.008916
v -0.164462 0.389777 0.008487
v -0.164566 0.393438 0.008026
v -0.164758 0.395256 0.006980
v -0.168494 0.378640 0.007499
v -0.168377 0.384523 0.007347
v -0.168227 0.389121 0.007050
v -0.168226 0.391333 0.006125
v -0.717353 -1.105745 0.419734
v -0.725274 -1.127141 0.441321
v -0.719403 -1.107644 0.425645
v -0.721313 -1.110517 0.431055
v -0.722954 -1.114167 0.435595
v -0.724213 -1.118348 0.438957
v -0.725004 -1.122773 0.440910
v -0.773532 -1.114828 0.425009
v -0.785338 -1.134646 0.433840
v -0.776588 -1.116351 0.427616
v -0.779435 -1.118864 0.429947
v -0.781880 -1.122195 0.431845
v -0.783756 -1.126117 0.433180
v -0.784936 -1.130365 0.433860
v -0.737867 -1.111781 0.431511
v -0.730778 -1.128721 0.444486
v -0.736032 -1.112527 0.435193
v -0.734323 -1.114326 0.438526
v -0.732855 -1.117054 0.441283
v -0.731728 -1.120526 0.443275
v -0.731020 -1.124506 0.444368
v -0.741759 -1.112725 0.433026
v -0.736812 -1.130190 0.446833
v -0.740479 -1.113609 0.436923
v -0.739286 -1.115535 0.440457
v -0.738261 -1.118373 0.443386
v -0.737475 -1.121928 0.445511
v -0.736981 -1.125958 0.446686
v -0.745977 -1.113566 0.433999
v -0.743227 -1.131511 0.448304
v -0.745265 -1.114578 0.438025
v -0.744602 -1.116622 0.441678
v -0.744032 -1.119559 0.444710
v -0.743595 -1.123190 0.446914
v -0.743320 -1.127267 0.448140
v -0.750393 -1.114275 0.434382
v -0.749864 -1.132654 0.448862
v -0.750256 -1.115403 0.438453
v -0.750129 -1.117555 0.442148
v -0.750019 -1.120583 0.445216
v -0.749935 -1.124282 0.447448
v -0.749882 -1.128399 0.448692
v -0.754870 -1.114828 0.434156
v -0.756561 -1.133591 0.448494
v -0.755307 -1.116061 0.438189
v -0.755715 -1.118309 0.441850
v -0.756066 -1.121418 0.444889
v -0.756334 -1.125176 0.447098
v -0.756503 -1.129328 0.448328
v -0.759264 -1.115206 0.433325
v -0.763152 -1.134303 0.447208
v -0.760270 -1.116530 0.437241
v -0.761208 -1.118861 0.440791
v -0.762013 -1.122040 0.443736
v -0.762631 -1.125851 0.445873
v -0.763020 -1.130033 0.447057
v -0.763437 -1.115396 0.431928
v -0.769476 -1.134771 0.445036
v -0.765000 -1.116797 0.435642
v -0.766457 -1.119197 0.439006
v -0.767707 -1.122435 0.441790
v -0.768667 -1.126289 0.443804
v -0.769270 -1.130497 0.444911
v -0.767267 -1.115393 0.430024
v -0.775376 -1.134987 0.442032
v -0.769366 -1.116854 0.433453
v -0.771321 -1.119310 0.436551
v -0.773001 -1.122594 0.439107
v -0.774289 -1.126481 0.440946
v -0.775100 -1.130708 0.441944
v -0.770648 -1.115201 0.427695
v -0.780707 -1.134945 0.438269
v -0.773252 -1.116703 0.430753
v -0.775678 -1.119197 0.433505
v -0.777761 -1.122512 0.435764
v -0.779359 -1.126423 0.437375
v -0.780364 -1.130664 0.438230
v -0.773342 -1.196428 0.417578
v -0.785338 -1.181403 0.429677
v -0.776447 -1.196129 0.420389
v -0.779340 -1.194763 0.423107
v -0.781825 -1.192421 0.425544
v -0.783731 -1.189263 0.427535
v -0.784929 -1.185505 0.428945
v -0.716966 -1.195882 0.411447
v -0.725274 -1.182005 0.436436
v -0.719116 -1.195880 0.417595
v -0.721120 -1.194791 0.423421
v -0.722840 -1.192686 0.428528
v -0.724161 -1.189711 0.432568
v -0.724991 -1.186068 0.435265
v -0.770485 -1.196670 0.420305
v -0.780707 -1.181796 0.434097
v -0.773131 -1.196411 0.423555
v -0.775596 -1.195081 0.426681
v -0.777713 -1.192770 0.429469
v -0.779337 -1.189636 0.431729
v -0.780359 -1.185894 0.433308
v -0.767107 -1.196881 0.422674
v -0.775376 -1.182129 0.437835
v -0.769247 -1.196653 0.426278
v -0.771241 -1.195353 0.429733
v -0.772954 -1.193067 0.432805
v -0.774268 -1.189953 0.435283
v -0.775094 -1.186222 0.436998
v -0.763284 -1.197052 0.424592
v -0.769476 -1.182393 0.440796
v -0.764887 -1.196848 0.428467
v -0.766380 -1.195570 0.432174
v -0.767662 -1.193304 0.435461
v -0.768646 -1.190204 0.438105
v -0.769265 -1.186483 0.439924
v -0.759125 -1.197176 0.425983
v -0.763152 -1.182581 0.442909
v -0.760167 -1.196989 0.430044
v -0.761138 -1.195726 0.433925
v -0.761973 -1.193473 0.437363
v -0.762613 -1.190384 0.440121
v -0.763015 -1.186669 0.442013
v -0.754756 -1.197248 0.426786
v -0.756561 -1.182689 0.444122
v -0.755223 -1.197070 0.430954
v -0.755658 -1.195816 0.434934
v -0.756032 -1.193570 0.438456
v -0.756319 -1.190487 0.441279
v -0.756500 -1.186775 0.443212
v -0.750317 -1.197264 0.426974
v -0.749864 -1.182714 0.444405
v -0.750200 -1.197089 0.431166
v -0.750091 -1.195837 0.435169
v -0.749997 -1.193593 0.438710
v -0.749925 -1.190511 0.441549
v -0.749880 -1.186800 0.443491
v -0.745951 -1.197226 0.426543
v -0.743227 -1.182656 0.443750
v -0.745246 -1.197045 0.430677
v -0.744589 -1.195788 0.434626
v -0.744025 -1.193540 0.438121
v -0.743592 -1.190455 0.440924
v -0.743320 -1.186743 0.442844
v -0.741795 -1.197135 0.425522
v -0.736812 -1.182516 0.442174
v -0.740505 -1.196941 0.429512
v -0.739304 -1.195673 0.433328
v -0.738272 -1.193415 0.436708
v -0.737480 -1.190321 0.439423
v -0.736982 -1.186604 0.441287
v -0.737972 -1.196996 0.423965
v -0.730778 -1.182297 0.439716
v -0.736110 -1.196782 0.427722
v -0.734375 -1.195494 0.431320
v -0.732885 -1.193219 0.434514
v -0.731742 -1.190113 0.437085
v -0.731023 -1.186388 0.438860
v -0.772906 -1.192936 0.378365
v -0.785248 -1.176051 0.369567
v -0.776101 -1.192156 0.375768
v -0.779077 -1.190341 0.373445
v -0.781633 -1.187614 0.371555
v -0.783595 -1.184160 0.370225
v -0.784828 -1.180217 0.369547
v -0.775694 -1.193258 0.381981
v -0.789154 -1.176502 0.374633
v -0.779177 -1.192512 0.379760
v -0.782424 -1.190727 0.377786
v -0.785211 -1.188027 0.376196
v -0.787350 -1.184594 0.375097
v -0.788695 -1.180663 0.374563
v -0.777683 -1.193578 0.385576
v -0.792298 -1.177008 0.380315
v -0.781466 -1.192880 0.383895
v -0.784991 -1.191141 0.382425
v -0.788018 -1.188478 0.381267
v -0.790340 -1.185075 0.380499
v -0.791800 -1.181163 0.380174
v -0.779174 -1.193933 0.389558
v -0.794604 -1.177556 0.386473
v -0.783168 -1.193285 0.388440
v -0.786889 -1.191592 0.387495
v -0.790085 -1.188970 0.386788
v -0.792537 -1.185598 0.386366
v -0.794079 -1.181705 0.386259
v -0.780100 -1.194312 0.393812
v -0.796015 -1.178133 0.392957
v -0.784219 -1.193715 0.393271
v -0.788058 -1.192070 0.392864
v -0.791354 -1.189489 0.392618
v -0.793883 -1.186148 0.392551
v -0.795473 -1.182275 0.392666
v -0.780418 -1.194703 0.398207
v -0.796496 -1.178725 0.399605
v -0.784579 -1.194158 0.398249
v -0.788457 -1.192562 0.398385
v -0.791787 -1.190022 0.398606
v -0.794342 -1.186713 0.398897
v -0.795948 -1.182860 0.399238
v -0.780113 -1.195094 0.402603
v -0.796035 -1.179317 0.406255
v -0.784234 -1.194601 0.403228
v -0.788074 -1.193053 0.403908
v -0.791372 -1.190556 0.404596
v -0.793902 -1.187279 0.405245
v -0.795493 -1.183445 0.405811
v -0.779200 -1.195473 0.406859
v -0.794644 -1.179895 0.412742
v -0.783197 -1.195032 0.408062
v -0.786922 -1.193532 0.409280
v -0.790120 -1.191075 0.410430
v -0.792575 -1.187829 0.411434
v -0.794117 -1.184016 0.412222
v -0.777721 -1.195828 0.410846
v -0.792356 -1.180444 0.418908
v -0.781508 -1.195437 0.412613
v -0.785038 -1.193983 0.414356
v -0.788069 -1.191567 0.415957
v -0.790395 -1.188352 0.417307
v -0.791857 -1.184559 0.418313
v -0.775742 -1.196149 0.414446
v -0.789228 -1.180951 0.424599
v -0.779233 -1.195806 0.416754
v -0.782485 -1.194397 0.419002
v -0.785278 -1.192019 0.421036
v -0.787422 -1.188834 0.422718
v -0.788769 -1.185059 0.423934
v -0.773174 -1.105629 0.386306
v -0.785248 -1.122597 0.374326
v -0.776299 -1.106392 0.383529
v -0.779211 -1.108203 0.380842
v -0.781712 -1.110939 0.378430
v -0.783631 -1.114414 0.376457
v -0.784837 -1.118390 0.375057
v -0.775963 -1.114293 0.421924
v -0.789228 -1.134110 0.428770
v -0.779396 -1.115816 0.424017
v -0.782595 -1.118328 0.425870
v -0.785343 -1.121659 0.427357
v -0.787451 -1.125582 0.428376
v -0.788776 -1.129828 0.428858
v -0.777959 -1.113622 0.418391
v -0.792356 -1.133359 0.423100
v -0.781685 -1.115123 0.419931
v -0.785157 -1.117615 0.421268
v -0.788139 -1.120930 0.422313
v -0.790427 -1.124840 0.422992
v -0.791865 -1.129079 0.423261
v -0.779457 -1.112829 0.414473
v -0.794644 -1.132411 0.416970
v -0.783388 -1.114288 0.415441
v -0.787050 -1.116742 0.416245
v -0.790196 -1.120023 0.416831
v -0.792609 -1.123909 0.417159
v -0.794126 -1.128134 0.417207
v -0.780390 -1.111929 0.410282
v -0.796035 -1.131288 0.410531
v -0.784439 -1.113328 0.410668
v -0.788212 -1.115726 0.410931
v -0.791453 -1.118961 0.411051
v -0.793939 -1.122812 0.411022
v -0.795502 -1.127016 0.410844
v -0.780712 -1.110944 0.405948
v -0.796496 -1.130018 0.403942
v -0.784797 -1.112265 0.405751
v -0.788604 -1.114593 0.405469
v -0.791873 -1.117768 0.405123
v -0.794381 -1.121574 0.404735
v -0.795958 -1.125753 0.404332
v -0.780407 -1.109900 0.401608
v -0.796015 -1.128630 0.397364
v -0.784447 -1.111129 0.400832
v -0.788211 -1.113371 0.400011
v -0.791444 -1.116475 0.399201
v -0.793924 -1.120227 0.398458
v -0.795483 -1.124373 0.397831
v -0.779488 -1.108828 0.397399
v -0.794604 -1.127158 0.390961
v -0.783400 -1.109950 0.396055
v -0.787046 -1.112094 0.394705
v -0.790177 -1.115114 0.393441
v -0.792579 -1.118804 0.392348
v -0.794089 -1.122912 0.391502
v -0.777992 -1.107761 0.393453
v -0.792298 -1.125638 0.384889
v -0.781695 -1.108763 0.391559
v -0.785145 -1.110796 0.389696
v -0.788108 -1.113721 0.387992
v -0.790382 -1.117339 0.386562
v -0.791811 -1.121404 0.385503
v -0.775985 -1.106732 0.389884
v -0.789154 -1.124105 0.379298
v -0.779393 -1.107602 0.387467
v -0.782569 -1.109511 0.385117
v -0.785297 -1.112332 0.382994
v -0.787389 -1.115870 0.381242
v -0.788705 -1.119886 0.379982
v -0.171556 -1.147209 0.045623
v -0.161529 -1.160985 0.019496
v -0.171215 -1.151269 0.044413
v -0.170213 -1.154902 0.041602
v -0.168619 -1.157861 0.037381
v -0.166543 -1.159944 0.032039
v -0.164125 -1.161010 0.025938
v -0.135983 -1.160094 0.009496
v -0.118150 -1.145200 0.023056
v -0.131367 -1.159830 0.012686
v -0.127066 -1.158494 0.015755
v -0.123373 -1.156179 0.018495
v -0.120539 -1.153043 0.020719
v -0.118758 -1.149297 0.022274
v -0.159681 -1.160893 0.018461
v -0.167407 -1.146965 0.042881
v -0.161681 -1.160878 0.024462
v -0.163544 -1.159776 0.030150
v -0.165144 -1.157661 0.035139
v -0.166372 -1.154678 0.039088
v -0.167144 -1.151030 0.041729
v -0.157502 -1.160798 0.017398
v -0.162642 -1.146714 0.040071
v -0.158832 -1.160743 0.022947
v -0.160072 -1.159604 0.028214
v -0.161136 -1.157457 0.032841
v -0.161953 -1.154449 0.036513
v -0.162467 -1.150785 0.038979
v -0.155019 -1.160698 0.016279
v -0.157377 -1.146465 0.037264
v -0.155629 -1.160605 0.021391
v -0.156198 -1.159429 0.026251
v -0.156687 -1.157251 0.030529
v -0.157061 -1.154219 0.033932
v -0.157297 -1.150540 0.036229
v -0.152295 -1.160595 0.015120
v -0.151744 -1.146221 0.034528
v -0.152153 -1.160465 0.019823
v -0.152019 -1.159255 0.024303
v -0.151905 -1.157048 0.028254
v -0.151817 -1.153994 0.031407
v -0.151762 -1.150301 0.033547
v -0.149417 -1.160491 0.013955
v -0.145879 -1.145990 0.031930
v -0.148501 -1.160328 0.018288
v -0.147648 -1.159088 0.022422
v -0.146915 -1.156854 0.026076
v -0.146353 -1.153780 0.029002
v -0.146000 -1.150074 0.030998
v -0.146481 -1.160391 0.012826
v -0.139928 -1.145777 0.029535
v -0.144785 -1.160199 0.016831
v -0.143205 -1.158931 0.020660
v -0.141848 -1.156674 0.024052
v -0.140806 -1.153582 0.026776
v -0.140152 -1.149865 0.028646
v -0.143585 -1.160297 0.011775
v -0.134038 -1.145586 0.027402
v -0.141114 -1.160080 0.015500
v -0.138812 -1.158789 0.019068
v -0.136834 -1.156512 0.022236
v -0.135317 -1.153405 0.024788
v -0.134363 -1.149678 0.026550
v -0.140825 -1.160214 0.010844
v -0.128353 -1.145424 0.025582
v -0.137597 -1.159977 0.014339
v -0.134589 -1.158667 0.017693
v -0.132006 -1.156374 0.020676
v -0.130024 -1.153253 0.023087
v -0.128778 -1.149519 0.024761
v -0.138275 -1.160146 0.010071
v -0.123013 -1.145294 0.024122
v -0.134325 -1.159892 0.013388
v -0.130644 -1.158567 0.016576
v -0.127483 -1.156261 0.019417
v -0.125058 -1.153131 0.021719
v -0.123533 -1.149391 0.023323
v -0.118150 -0.945927 0.040798
v -0.135975 -0.928822 0.030093
v -0.118757 -0.941743 0.040754
v -0.120538 -0.937770 0.039886
v -0.123371 -0.934280 0.038253
v -0.127062 -0.931509 0.035968
v -0.131361 -0.929648 0.033184
v -0.161542 -0.932530 0.039867
v -0.171556 -0.954142 0.062812
v -0.164134 -0.934486 0.046130
v -0.166549 -0.937412 0.051867
v -0.168623 -0.941108 0.056689
v -0.170215 -0.945323 0.060266
v -0.171215 -0.949769 0.062354
v -0.138268 -0.928910 0.030665
v -0.123013 -0.946102 0.041857
v -0.134320 -0.929757 0.033882
v -0.130641 -0.931639 0.036783
v -0.127481 -0.934427 0.039170
v -0.125057 -0.937931 0.040880
v -0.123533 -0.941913 0.041796
v -0.140818 -0.929088 0.031429
v -0.128353 -0.946463 0.043297
v -0.137592 -0.929980 0.034822
v -0.134585 -0.931904 0.037886
v -0.132004 -0.934730 0.040412
v -0.130023 -0.938264 0.042230
v -0.128778 -0.942266 0.043213
v -0.143580 -0.929350 0.032346
v -0.134038 -0.947001 0.045083
v -0.141110 -0.930311 0.035964
v -0.138809 -0.932300 0.039237
v -0.136833 -0.935182 0.041944
v -0.135316 -0.938760 0.043900
v -0.134363 -0.942792 0.044970
v -0.146477 -0.929687 0.033376
v -0.139928 -0.947702 0.047171
v -0.144782 -0.930739 0.037268
v -0.143203 -0.932814 0.040797
v -0.141846 -0.935770 0.043723
v -0.140806 -0.939407 0.045846
v -0.140152 -0.943477 0.047022
v -0.149415 -0.930089 0.034479
v -0.145879 -0.948550 0.049509
v -0.148500 -0.931251 0.038691
v -0.147647 -0.933431 0.042519
v -0.146915 -0.936480 0.045700
v -0.146353 -0.940189 0.048020
v -0.146000 -0.944306 0.049319
v -0.152295 -0.930539 0.035615
v -0.151744 -0.949523 0.052041
v -0.152152 -0.931832 0.040189
v -0.152019 -0.934135 0.044353
v -0.151905 -0.937291 0.047824
v -0.151817 -0.941084 0.050365
v -0.151762 -0.945256 0.051803
v -0.155021 -0.931022 0.036743
v -0.157377 -0.950597 0.054703
v -0.155631 -0.932463 0.041714
v -0.156199 -0.934906 0.046249
v -0.156687 -0.938183 0.050037
v -0.157062 -0.942071 0.052822
v -0.157297 -0.946305 0.054414
v -0.157507 -0.931521 0.037830
v -0.162642 -0.951745 0.057430
v -0.158836 -0.933126 0.043226
v -0.160074 -0.935722 0.048156
v -0.161138 -0.939132 0.052285
v -0.161954 -0.943124 0.055331
v -0.162467 -0.947426 0.057086
v -0.159689 -0.932024 0.038862
v -0.167407 -0.952937 0.060156
v -0.161687 -0.933803 0.044697
v -0.163548 -0.936562 0.050036
v -0.165147 -0.940114 0.054515
v -0.166373 -0.944217 0.057830
v -0.167144 -0.948591 0.059754
vt 0.636620 0.506712
vt 0.750000 0.500000
vt 0.750000 0.737623
vt 0.635681 0.737648
vt 0.625000 0.725974
vt 0.574293 0.644727
vt 0.425675 0.644727
vt 0.425697 0.625000
vt 0.574075 0.625000
vt 0.625000 0.500000
vt 0.625000 0.500000
vt 0.625000 0.500000
vt 0.625000 0.500000
vt 0.363125 0.500000
vt 0.250000 0.500000
vt 0.250000 0.500000
vt 0.363125 0.500000
vt 0.577812 0.749565
vt 0.421585 0.749565
vt 0.422291 0.748243
vt 0.577187 0.748243
vt 0.624999 0.514731
vt 0.625000 0.737159
vt 0.625098 0.713021
vt 0.625255 0.708192
vt 0.625322 0.706120
vt 0.625420 0.702207
vt 0.625558 0.696003
vt 0.625729 0.687109
vt 0.625865 0.675823
vt 0.625881 0.663243
vt 0.625794 0.650312
vt 0.625692 0.637503
vt 0.625639 0.624977
vt 0.625652 0.612430
vt 0.625714 0.599600
vt 0.625771 0.586671
vt 0.625748 0.574117
vt 0.625631 0.562875
vt 0.625487 0.554015
vt 0.625371 0.547832
vt 0.625288 0.543930
vt 0.625232 0.541864
vt 0.625190 0.541281
vt 0.625000 0.488125
vt 0.625000 0.375000
vt 0.625000 0.375000
vt 0.625000 0.488125
vt 0.250000 0.500000
vt 0.363125 0.500000
vt 0.636620 0.506712
vt 0.625000 0.725974
vt 0.635681 0.737647
vt 0.250000 0.737618
vt 0.364324 0.737642
vt 0.375000 0.725974
vt 0.363125 0.506416
vt 0.392269 0.375000
vt 0.607731 0.375000
vt 0.607731 0.488125
vt 0.392269 0.488125
vt 0.750000 0.500000
vt 0.636875 0.500000
vt 0.636875 0.500000
vt 0.750000 0.500000
vt 0.750000 0.500000
vt 0.636875 0.500000
vt 0.636875 0.500000
vt 0.750000 0.500000
vt 0.375000 0.737143
vt 0.375000 0.725974
vt 0.375000 0.514762
vt 0.375000 0.541108
vt 0.375000 0.541678
vt 0.375000 0.543723
vt 0.375000 0.547606
vt 0.375000 0.553773
vt 0.375000 0.562619
vt 0.375000 0.573863
vt 0.375000 0.586445
vt 0.375000 0.599437
vt 0.375000 0.612353
vt 0.375000 0.624942
vt 0.375000 0.637534
vt 0.375000 0.650477
vt 0.375000 0.663497
vt 0.375000 0.676116
vt 0.375000 0.687392
vt 0.375000 0.696260
vt 0.375000 0.702437
vt 0.375000 0.706324
vt 0.375000 0.708372
vt 0.375000 0.713286
vt 0.636620 0.500000
vt 0.636875 0.500000
vt 0.750000 0.500000
vt 0.393147 0.500000
vt 0.606835 0.500000
vt 0.577832 0.500000
vt 0.421671 0.500000
vt 0.607036 0.750000
vt 0.392733 0.750000
vt 0.420890 0.750000
vt 0.578490 0.750000
vt 0.422990 0.746013
vt 0.576629 0.746013
vt 0.423662 0.742839
vt 0.576151 0.742840
vt 0.424188 0.738673
vt 0.575358 0.738677
vt 0.425366 0.700997
vt 0.577572 0.701002
vt 0.425506 0.683240
vt 0.576062 0.683244
vt 0.425611 0.664308
vt 0.574960 0.664310
vt 0.577270 0.500436
vt 0.422261 0.500436
vt 0.574272 0.605278
vt 0.425679 0.605278
vt 0.382800 0.741254
vt 0.425626 0.585710
vt 0.574838 0.585709
vt 0.425540 0.566799
vt 0.575760 0.566796
vt 0.425423 0.549071
vt 0.577017 0.549067
vt 0.424448 0.511338
vt 0.575208 0.511336
vt 0.424009 0.507171
vt 0.575872 0.507170
vt 0.423446 0.503994
vt 0.576278 0.503994
vt 0.422858 0.501760
vt 0.576748 0.501760
vt 0.607731 0.500000
vt 0.392269 0.500000
vt 0.392269 0.500000
vt 0.607054 0.750000
vt 0.392653 0.750000
vt 0.606665 0.750000
vt 0.392470 0.750000
vt 0.392565 0.750000
vt 0.606930 0.750000
vt 0.606270 0.750000
vt 0.392372 0.750000
vt 0.605697 0.750000
vt 0.392269 0.750000
vt 0.606383 0.755247
vt 0.392269 0.755247
vt 0.606936 0.759826
vt 0.392269 0.759826
vt 0.607342 0.764213
vt 0.392269 0.764213
vt 0.607592 0.768299
vt 0.392269 0.768299
vt 0.625000 0.737647
vt 0.624999 0.745340
vt 0.625000 0.737288
vt 0.624999 0.743924
vt 0.624999 0.742466
vt 0.625000 0.741010
vt 0.625000 0.737760
vt 0.625000 0.737686
vt 0.625000 0.737577
vt 0.625000 0.737439
vt 0.607731 0.500000
vt 0.607731 0.500000
vt 0.392269 0.500000
vt 0.392269 0.500000
vt 0.366071 0.737698
vt 0.364324 0.737642
vt 0.368032 0.737753
vt 0.370169 0.737787
vt 0.372420 0.737788
vt 0.374712 0.737752
vt 0.376966 0.739691
vt 0.379107 0.740209
vt 0.381068 0.740731
vt 0.607678 0.771984
vt 0.392269 0.771984
vt 0.363125 0.506416
vt 0.375000 0.737143
vt 0.375000 0.713286
vt 0.375000 0.708372
vt 0.375000 0.706324
vt 0.375000 0.702437
vt 0.375000 0.696259
vt 0.375000 0.687392
vt 0.375000 0.676116
vt 0.375000 0.663497
vt 0.375000 0.650477
vt 0.375000 0.637534
vt 0.375000 0.624942
vt 0.375000 0.612353
vt 0.375000 0.599437
vt 0.375000 0.586445
vt 0.375000 0.573863
vt 0.375000 0.562619
vt 0.375000 0.553773
vt 0.375000 0.547606
vt 0.375000 0.543723
vt 0.375000 0.541678
vt 0.375000 0.541108
vt 0.375000 0.514762
vt 0.574293 0.644727
vt 0.574075 0.625000
vt 0.425697 0.625000
vt 0.425675 0.644727
vt 0.363125 0.500000
vt 0.363125 0.500000
vt 0.363125 0.500000
vt 0.577812 0.749565
vt 0.577187 0.748243
vt 0.422291 0.748243
vt 0.421585 0.749565
vt 0.636875 0.500000
vt 0.636875 0.500000
vt 0.625000 0.488125
vt 0.625000 0.488125
vt 0.625000 0.500000
vt 0.625000 0.500000
vt 0.625000 0.500000
vt 0.625000 0.500000
vt 0.607680 0.875000
vt 0.392269 0.875000
vt 0.578490 0.750000
vt 0.420890 0.750000
vt 0.636875 0.500000
vt 0.636875 0.500000
vt 0.392269 0.488125
vt 0.607731 0.488125
vt 0.393147 0.500000
vt 0.421671 0.500000
vt 0.577832 0.500000
vt 0.606835 0.500000
vt 0.636875 0.500000
vt 0.636620 0.500000
vt 0.392269 0.771984
vt 0.607678 0.771984
vt 0.607036 0.750000
vt 0.392733 0.750000
vt 0.576629 0.746013
vt 0.422990 0.746012
vt 0.576151 0.742840
vt 0.423662 0.742839
vt 0.575358 0.738677
vt 0.424188 0.738673
vt 0.577572 0.701002
vt 0.425366 0.700997
vt 0.576062 0.683244
vt 0.425506 0.683240
vt 0.574960 0.664310
vt 0.425611 0.664308
vt 0.577270 0.500436
vt 0.422261 0.500436
vt 0.574272 0.605278
vt 0.425679 0.605278
vt 0.382800 0.741254
vt 0.574838 0.585709
vt 0.425626 0.585710
vt 0.575760 0.566796
vt 0.425540 0.566799
vt 0.577017 0.549067
vt 0.425423 0.549071
vt 0.575208 0.511336
vt 0.424448 0.511338
vt 0.575872 0.507170
vt 0.424009 0.507171
vt 0.576278 0.503994
vt 0.423446 0.503994
vt 0.576748 0.501760
vt 0.422858 0.501760
vt 0.392269 0.500000
vt 0.607054 0.750000
vt 0.392653 0.750000
vt 0.606665 0.750000
vt 0.606930 0.750000
vt 0.392565 0.750000
vt 0.392470 0.750000
vt 0.606270 0.750000
vt 0.392372 0.750000
vt 0.605697 0.750000
vt 0.392269 0.750000
vt 0.606383 0.755247
vt 0.392269 0.755247
vt 0.606936 0.759826
vt 0.392269 0.759826
vt 0.607342 0.764213
vt 0.392269 0.764213
vt 0.607592 0.768299
vt 0.392269 0.768299
vt 0.625000 0.737647
vt 0.624999 0.745340
vt 0.625000 0.737288
vt 0.625000 0.737159
vt 0.624999 0.743924
vt 0.624999 0.742466
vt 0.625000 0.741010
vt 0.625000 0.737760
vt 0.625000 0.737686
vt 0.625000 0.737577
vt 0.625000 0.737439
vt 0.366071 0.737698
vt 0.368032 0.737753
vt 0.370169 0.737787
vt 0.372420 0.737788
vt 0.374712 0.737752
vt 0.376966 0.739691
vt 0.379107 0.740210
vt 0.381068 0.740732
vt 0.624999 0.514731
vt 0.625190 0.541282
vt 0.625232 0.541861
vt 0.625288 0.543920
vt 0.625371 0.547814
vt 0.625487 0.553989
vt 0.625630 0.562841
vt 0.625748 0.574077
vt 0.625771 0.586626
vt 0.625714 0.599550
vt 0.625652 0.612376
vt 0.625639 0.624920
vt 0.625692 0.637449
vt 0.625794 0.650263
vt 0.625881 0.663198
vt 0.625865 0.675784
vt 0.625729 0.687076
vt 0.625558 0.695978
vt 0.625420 0.702190
vt 0.625322 0.706111
vt 0.625255 0.708190
vt 0.625098 0.713051
vt 0.388495 0.500000
vt 0.388431 0.500000
vt 0.392987 0.500000
vt 0.384114 0.500000
vt 0.384238 0.500000
vt 0.375000 0.500000
vt 0.375732 0.500000
vt 0.388328 0.500000
vt 0.392752 0.500000
vt 0.384436 0.500000
vt 0.375296 0.500000
vt 0.388025 0.500000
vt 0.392269 0.500000
vt 0.384461 0.500000
vt 0.377407 0.500000
vt 0.366171 0.500000
vt 0.369161 0.500000
vt 0.367050 0.500000
vt 0.369031 0.500000
vt 0.371056 0.500000
vt 0.375000 0.500000
vt 0.375000 0.500000
vt 0.372149 0.500000
vt 0.371186 0.500000
vt 0.373018 0.500000
vt 0.375000 0.500000
vt 0.377385 0.500000
vt 0.392269 0.500000
vt 0.392269 0.500000
vt 0.387941 0.500000
vt 0.387839 0.500000
vt 0.392269 0.500000
vt 0.387988 0.500000
vt 0.383930 0.500000
vt 0.383680 0.500000
vt 0.384224 0.500000
vt 0.606603 0.500000
vt 0.611239 0.500000
vt 0.611497 0.500000
vt 0.606442 0.500000
vt 0.611078 0.500000
vt 0.606184 0.500000
vt 0.610865 0.500000
vt 0.615548 0.500000
vt 0.615918 0.500000
vt 0.615161 0.500000
vt 0.614818 0.500000
vt 0.625000 0.500000
vt 0.625000 0.500000
vt 0.625000 0.500000
vt 0.622442 0.500000
vt 0.607731 0.500000
vt 0.612225 0.500000
vt 0.611810 0.500000
vt 0.607277 0.500000
vt 0.616560 0.500000
vt 0.616045 0.500000
vt 0.625000 0.500000
vt 0.625000 0.498879
vt 0.611337 0.500000
vt 0.606750 0.500000
vt 0.615394 0.500000
vt 0.625000 0.499597
vt 0.624999 0.511122
vt 0.624999 0.507161
vt 0.624999 0.509691
vt 0.625000 0.507660
vt 0.625000 0.504892
vt 0.624999 0.503115
vt 0.624999 0.504156
vt 0.625000 0.502172
vt 0.624999 0.496250
vt 0.636875 0.500000
vt 0.633907 0.500000
vt 0.633836 0.500000
vt 0.636875 0.500000
vt 0.633938 0.500000
vt 0.636875 0.500000
vt 0.633964 0.500000
vt 0.631147 0.500000
vt 0.630972 0.500000
vt 0.631349 0.500000
vt 0.631509 0.500000
vt 0.625000 0.500000
vt 0.625000 0.500000
vt 0.625000 0.500000
vt 0.626655 0.500000
vt 0.633836 0.500000
vt 0.633882 0.500000
vt 0.636875 0.500000
vt 0.630972 0.500000
vt 0.631122 0.500000
vt 0.625000 0.500000
vt 0.625000 0.500000
vt 0.633936 0.500000
vt 0.636875 0.500000
vt 0.631346 0.500000
vt 0.625000 0.500000
vt 0.625000 0.500000
vt 0.625000 0.500000
vt 0.625000 0.500000
vt 0.625000 0.500000
vt 0.625000 0.500000
vt 0.625000 0.500000
vt 0.625000 0.500000
vt 0.625000 0.500000
vt 0.392269 0.491197
vt 0.387660 0.491320
vt 0.387801 0.488125
vt 0.392269 0.494063
vt 0.387736 0.494082
vt 0.392269 0.500000
vt 0.387828 0.500000
vt 0.383602 0.491260
vt 0.383633 0.488125
vt 0.384043 0.493784
vt 0.384405 0.500000
vt 0.375000 0.491179
vt 0.375000 0.488125
vt 0.375000 0.493533
vt 0.375760 0.500000
vt 0.387801 0.500000
vt 0.387622 0.500000
vt 0.392269 0.500000
vt 0.383633 0.500000
vt 0.383607 0.500000
vt 0.375000 0.500000
vt 0.375000 0.500000
vt 0.387710 0.500000
vt 0.392269 0.500000
vt 0.384039 0.500000
vt 0.375000 0.500000
vt 0.363125 0.500000
vt 0.366294 0.500000
vt 0.366197 0.500000
vt 0.363125 0.500000
vt 0.366242 0.500000
vt 0.363125 0.500000
vt 0.366179 0.500000
vt 0.369085 0.500000
vt 0.369063 0.500000
vt 0.368781 0.500000
vt 0.368533 0.500000
vt 0.625000 0.491185
vt 0.625000 0.491139
vt 0.625000 0.488125
vt 0.625000 0.494041
vt 0.625000 0.493894
vt 0.625000 0.500000
vt 0.628863 0.500000
vt 0.625000 0.491085
vt 0.625000 0.488125
vt 0.625000 0.493668
vt 0.627217 0.500000
vt 0.625000 0.491045
vt 0.625000 0.488125
vt 0.625000 0.493493
vt 0.624927 0.498345
vt 0.622324 0.500000
vt 0.625134 0.500000
vt 0.628018 0.500000
vt 0.619305 0.500000
vt 0.622226 0.500000
vt 0.616126 0.500000
vt 0.619448 0.500000
vt 0.627917 0.500000
vt 0.631073 0.500000
vt 0.624960 0.500000
vt 0.622488 0.500000
vt 0.636359 0.500000
vt 0.612703 0.488125
vt 0.614893 0.491103
vt 0.610150 0.491174
vt 0.618351 0.488125
vt 0.619647 0.491072
vt 0.617066 0.493859
vt 0.613004 0.494030
vt 0.620938 0.493657
vt 0.633821 0.500000
vt 0.633866 0.500000
vt 0.636875 0.500000
vt 0.630965 0.500000
vt 0.631111 0.500000
vt 0.625000 0.500000
vt 0.625000 0.500000
vt 0.633920 0.500000
vt 0.636875 0.500000
vt 0.631336 0.500000
vt 0.625000 0.500000
vt 0.633949 0.500000
vt 0.636875 0.500000
vt 0.631503 0.500000
vt 0.626655 0.500000
vt 0.625000 0.500000
vt 0.625000 0.500000
vt 0.625000 0.500000
vt 0.625000 0.500000
vt 0.625000 0.500000
vt 0.625000 0.500000
vt 0.625000 0.500000
vt 0.625000 0.500000
vt 0.625000 0.500000
vt 0.625000 0.500000
vt 0.625000 0.500000
vt 0.636875 0.500000
vt 0.633891 0.500000
vt 0.633820 0.500000
vt 0.636875 0.500000
vt 0.633923 0.500000
vt 0.631136 0.500000
vt 0.630965 0.500000
vt 0.631339 0.500000
vt 0.625000 0.488125
vt 0.625000 0.491098
vt 0.625000 0.491169
vt 0.625000 0.488125
vt 0.625000 0.491065
vt 0.625000 0.488125
vt 0.625000 0.491041
vt 0.625000 0.493855
vt 0.625000 0.494032
vt 0.625000 0.493649
vt 0.625000 0.493495
vt 0.625000 0.500000
vt 0.625000 0.500000
vt 0.625000 0.500000
vt 0.625000 0.498345
vt 0.633835 0.500000
vt 0.633882 0.500000
vt 0.636875 0.500000
vt 0.630972 0.500000
vt 0.631124 0.500000
vt 0.625000 0.500000
vt 0.625000 0.500000
vt 0.633936 0.500000
vt 0.636875 0.500000
vt 0.631352 0.500000
vt 0.625000 0.500000
vt 0.633959 0.500000
vt 0.636875 0.500000
vt 0.631505 0.500000
vt 0.625000 0.500000
vt 0.625000 0.500000
vt 0.625000 0.500000
vt 0.625000 0.500000
vt 0.625000 0.500000
vt 0.625000 0.500000
vt 0.625000 0.500000
vt 0.625000 0.500000
vt 0.392987 0.500000
vt 0.388467 0.500000
vt 0.388495 0.500000
vt 0.392752 0.500000
vt 0.388333 0.500000
vt 0.392269 0.500000
vt 0.388025 0.500000
vt 0.384274 0.500000
vt 0.384114 0.500000
vt 0.384440 0.500000
vt 0.384461 0.500000
vt 0.375000 0.500000
vt 0.375000 0.500000
vt 0.375000 0.500000
vt 0.377407 0.500000
vt 0.387839 0.500000
vt 0.387905 0.500000
vt 0.392269 0.500000
vt 0.383680 0.500000
vt 0.383893 0.500000
vt 0.375000 0.500000
vt 0.375000 0.498770
vt 0.387984 0.500000
vt 0.392269 0.500000
vt 0.384220 0.500000
vt 0.375000 0.499502
vt 0.375000 0.511152
vt 0.375000 0.507246
vt 0.375000 0.509683
vt 0.375000 0.507818
vt 0.375000 0.505110
vt 0.375000 0.503272
vt 0.375000 0.504208
vt 0.375000 0.502460
vt 0.375000 0.495989
vt 0.611497 0.500000
vt 0.611275 0.500000
vt 0.606603 0.500000
vt 0.615918 0.500000
vt 0.615582 0.500000
vt 0.625000 0.500000
vt 0.623845 0.500000
vt 0.611084 0.500000
vt 0.606442 0.500000
vt 0.615165 0.500000
vt 0.624300 0.500000
vt 0.610869 0.500000
vt 0.606184 0.500000
vt 0.614820 0.500000
vt 0.622442 0.500000
vt 0.633642 0.500000
vt 0.630575 0.500000
vt 0.632549 0.500000
vt 0.630843 0.500000
vt 0.628780 0.500000
vt 0.625000 0.500000
vt 0.625000 0.500000
vt 0.627533 0.500000
vt 0.628336 0.500000
vt 0.626786 0.500000
vt 0.625000 0.500000
vt 0.621679 0.500000
vt 0.607277 0.500000
vt 0.611787 0.500000
vt 0.612225 0.500000
vt 0.606750 0.500000
vt 0.611339 0.500000
vt 0.616017 0.500000
vt 0.616560 0.500000
vt 0.615392 0.500000
vt 0.633836 0.500000
vt 0.633882 0.500000
vt 0.636875 0.500000
vt 0.630972 0.500000
vt 0.631122 0.500000
vt 0.625000 0.500000
vt 0.625000 0.500000
vt 0.633936 0.500000
vt 0.636875 0.500000
vt 0.631346 0.500000
vt 0.625000 0.500000
vt 0.633964 0.500000
vt 0.636875 0.500000
vt 0.631509 0.500000
vt 0.626655 0.500000
vt 0.612150 0.500000
vt 0.615419 0.500000
vt 0.611506 0.500000
vt 0.616315 0.500000
vt 0.618700 0.500000
vt 0.625000 0.500000
vt 0.625000 0.500000
vt 0.618980 0.500000
vt 0.616374 0.500000
vt 0.621118 0.500000
vt 0.625000 0.500000
vt 0.636875 0.500000
vt 0.633907 0.500000
vt 0.633836 0.500000
vt 0.636875 0.500000
vt 0.633938 0.500000
vt 0.631147 0.500000
vt 0.630972 0.500000
vt 0.631349 0.500000
vt 0.387820 0.488125
vt 0.387887 0.491111
vt 0.392269 0.491182
vt 0.383670 0.488125
vt 0.383885 0.491079
vt 0.375000 0.488125
vt 0.375000 0.491053
vt 0.387966 0.493862
vt 0.392269 0.494035
vt 0.384212 0.493659
vt 0.375000 0.493497
vt 0.388008 0.500000
vt 0.392269 0.500000
vt 0.384453 0.500000
vt 0.377407 0.498345
vt 0.366184 0.500000
vt 0.366138 0.500000
vt 0.363125 0.500000
vt 0.369038 0.500000
vt 0.368890 0.500000
vt 0.375000 0.500000
vt 0.375000 0.500000
vt 0.366084 0.500000
vt 0.363125 0.500000
vt 0.368665 0.500000
vt 0.375000 0.500000
vt 0.366053 0.500000
vt 0.363125 0.500000
vt 0.368497 0.500000
vt 0.392269 0.500000
vt 0.387924 0.500000
vt 0.387820 0.500000
vt 0.392269 0.500000
vt 0.387970 0.500000
vt 0.383922 0.500000
vt 0.383670 0.500000
vt 0.384217 0.500000
vt 0.625000 0.488125
vt 0.625000 0.491114
vt 0.625000 0.491185
vt 0.625000 0.488125
vt 0.625000 0.491082
vt 0.625000 0.488125
vt 0.625000 0.491055
vt 0.625000 0.493869
vt 0.625000 0.494041
vt 0.625000 0.493666
vt 0.625000 0.493502
vt 0.625000 0.500000
vt 0.625000 0.500000
vt 0.625000 0.500000
vt 0.624927 0.498345
vt 0.610150 0.491174
vt 0.614902 0.491129
vt 0.612703 0.488125
vt 0.613004 0.494030
vt 0.617040 0.493884
vt 0.616127 0.500000
vt 0.622208 0.500000
vt 0.619684 0.491074
vt 0.618351 0.488125
vt 0.620939 0.493659
vt 0.623740 0.500000
vt 0.625000 0.500000
vt 0.625000 0.500000
vt 0.625000 0.500000
vt 0.625000 0.500000
vt 0.625000 0.500000
vt 0.625000 0.500000
vt 0.625000 0.500000
vt 0.625000 0.500000
vt 0.625000 0.500000
vt 0.636875 0.500000
vt 0.633891 0.500000
vt 0.633821 0.500000
vt 0.636875 0.500000
vt 0.633923 0.500000
vt 0.636875 0.500000
vt 0.633949 0.500000
vt 0.631136 0.500000
vt 0.630965 0.500000
vt 0.631339 0.500000
vt 0.631503 0.500000
vt 0.625000 0.500000
vt 0.625000 0.500000
vt 0.625000 0.500000
vt 0.626655 0.500000
vt 0.633820 0.500000
vt 0.633866 0.500000
vt 0.636875 0.500000
vt 0.630965 0.500000
vt 0.631111 0.500000
vt 0.625000 0.500000
vt 0.625000 0.500000
vt 0.633920 0.500000
vt 0.636875 0.500000
vt 0.631336 0.500000
vt 0.625000 0.500000
vt 0.625000 0.500000
vt 0.625000 0.500000
vt 0.625000 0.500000
vt 0.625000 0.500000
vt 0.625000 0.500000
vt 0.625000 0.500000
vt 0.625000 0.500000
vt 0.625000 0.500000
vt 0.625000 0.491169
vt 0.625000 0.491122
vt 0.625000 0.488125
vt 0.625000 0.494032
vt 0.625000 0.493879
vt 0.625000 0.500000
vt 0.625000 0.500000
vt 0.625000 0.491068
vt 0.625000 0.488125
vt 0.625000 0.493651
vt 0.625000 0.500000
vt 0.625000 0.491037
vt 0.625000 0.488125
vt 0.625000 0.493492
vt 0.626655 0.500000
vt 0.625000 0.500000
vt 0.625000 0.500000
vt 0.625000 0.500000
vt 0.625000 0.500000
vt 0.625000 0.500000
vt 0.625000 0.500000
vt 0.625000 0.500000
vt 0.625000 0.500000
vt 0.625000 0.500000
vt 0.625000 0.500000
vt 0.625000 0.500000
vt 0.636875 0.500000
vt 0.633906 0.500000
vt 0.633835 0.500000
vt 0.636875 0.500000
vt 0.633938 0.500000
vt 0.636875 0.500000
vt 0.633963 0.500000
vt 0.631149 0.500000
vt 0.630972 0.500000
vt 0.631354 0.500000
vt 0.631508 0.500000
vt 0.750000 0.500000
vt 0.750000 0.500000
vt 0.750000 0.500000
vt 0.750000 0.500000
vt 0.750000 0.500000
vt 0.366198 0.500000
vt 0.369063 0.500000
vt 0.375000 0.500000
vt 0.383635 0.500000
vt 0.387800 0.500000
vt 0.633642 0.500000
vt 0.630843 0.500000
vt 0.616315 0.500000
vt 0.612150 0.500000
vt 0.625000 0.375000
vt 0.625000 0.375000
vt 0.625000 0.375000
vt 0.618356 0.375000
vt 0.612707 0.375000
vt 0.750000 0.500000
vt 0.750000 0.500000
vt 0.750000 0.500000
vt 0.750000 0.500000
vt 0.750000 0.500000
vt 0.750000 0.500000
vt 0.750000 0.500000
vt 0.750000 0.500000
vt 0.625000 0.375000
vt 0.625000 0.375000
vt 0.625000 0.375000
vt 0.625000 0.500000
vt 0.625000 0.500000
vt 0.250000 0.500000
vt 0.250000 0.500000
vt 0.250000 0.500000
vt 0.375000 0.375000
vt 0.383635 0.375000
vt 0.387800 0.375000
vt 0.625083 0.722467
vt 0.625197 0.719395
vt 0.625064 0.731165
vt 0.625141 0.729346
vt 0.625000 0.750000
vt 0.625026 0.749440
vt 0.601819 0.750086
vt 0.601206 0.749556
vt 0.590564 0.750022
vt 0.589977 0.749562
vt 0.375000 0.719617
vt 0.375000 0.722758
vt 0.375000 0.729716
vt 0.375000 0.731651
vt 0.375000 0.749541
vt 0.375000 0.750000
vt 0.398293 0.749554
vt 0.397565 0.750088
vt 0.409528 0.749562
vt 0.408900 0.750022
vt 0.625265 0.717528
vt 0.625208 0.727765
vt 0.625092 0.748047
vt 0.601118 0.748234
vt 0.589579 0.748241
vt 0.375000 0.717757
vt 0.375000 0.728090
vt 0.375000 0.748219
vt 0.398645 0.748232
vt 0.410051 0.748240
vt 0.625372 0.713864
vt 0.625313 0.724638
vt 0.625197 0.745755
vt 0.601084 0.746000
vt 0.589241 0.746010
vt 0.375000 0.714100
vt 0.375000 0.724928
vt 0.375000 0.745989
vt 0.398995 0.746002
vt 0.410569 0.746010
vt 0.625541 0.707634
vt 0.625479 0.719020
vt 0.625304 0.742531
vt 0.601103 0.742823
vt 0.588971 0.742836
vt 0.375000 0.707892
vt 0.375000 0.719345
vt 0.375000 0.742814
vt 0.399330 0.742828
vt 0.411067 0.742836
vt 0.625817 0.697601
vt 0.625892 0.708004
vt 0.625224 0.736153
vt 0.600773 0.738250
vt 0.588357 0.738569
vt 0.375000 0.697918
vt 0.375000 0.708646
vt 0.375000 0.737846
vt 0.399598 0.738295
vt 0.411459 0.738577
vt 0.626087 0.683880
vt 0.626459 0.690674
vt 0.628249 0.699950
vt 0.603648 0.701150
vt 0.590888 0.701040
vt 0.375000 0.684253
vt 0.375000 0.691609
vt 0.375000 0.701486
vt 0.400176 0.701221
vt 0.412328 0.701053
vt 0.626081 0.668897
vt 0.626346 0.673325
vt 0.626849 0.682276
vt 0.602387 0.683182
vt 0.589450 0.683229
vt 0.375000 0.669250
vt 0.375000 0.674144
vt 0.375000 0.683205
vt 0.400253 0.683224
vt 0.412434 0.683236
vt 0.625864 0.653986
vt 0.625896 0.656880
vt 0.625828 0.663494
vt 0.601462 0.664261
vt 0.588401 0.664297
vt 0.375000 0.654266
vt 0.375000 0.657579
vt 0.375000 0.664283
vt 0.400305 0.664296
vt 0.412512 0.664305
vt 0.625653 0.639287
vt 0.625541 0.640580
vt 0.625215 0.644305
vt 0.600940 0.644703
vt 0.587774 0.644721
vt 0.375000 0.639461
vt 0.375000 0.641180
vt 0.375000 0.644714
vt 0.400337 0.644721
vt 0.412560 0.644725
vt 0.625559 0.624839
vt 0.625405 0.624426
vt 0.625009 0.624981
vt 0.600829 0.624999
vt 0.587584 0.625000
vt 0.375000 0.624958
vt 0.375000 0.624973
vt 0.375000 0.625000
vt 0.400348 0.625000
vt 0.412576 0.625000
vt 0.625603 0.610376
vt 0.625759 0.595658
vt 0.625498 0.608263
vt 0.625787 0.591949
vt 0.625179 0.605623
vt 0.625688 0.586380
vt 0.601086 0.605301
vt 0.601668 0.585765
vt 0.587794 0.605284
vt 0.588358 0.585723
vt 0.375000 0.595676
vt 0.375000 0.610460
vt 0.375000 0.592389
vt 0.375000 0.608770
vt 0.375000 0.585735
vt 0.375000 0.605291
vt 0.400313 0.585721
vt 0.400339 0.605284
vt 0.412523 0.585713
vt 0.412562 0.605279
vt 0.625925 0.580741
vt 0.626156 0.575473
vt 0.626527 0.567677
vt 0.602564 0.566880
vt 0.589266 0.566817
vt 0.375000 0.580715
vt 0.375000 0.575845
vt 0.375000 0.566834
vt 0.400270 0.566815
vt 0.412459 0.566803
vt 0.625920 0.565763
vt 0.626220 0.557977
vt 0.627683 0.550011
vt 0.603724 0.548981
vt 0.590489 0.549045
vt 0.375000 0.565742
vt 0.375000 0.558401
vt 0.375000 0.548576
vt 0.400206 0.548844
vt 0.412371 0.549013
vt 0.625692 0.552080
vt 0.625724 0.540597
vt 0.625164 0.513587
vt 0.601447 0.511832
vt 0.588436 0.511462
vt 0.375000 0.552103
vt 0.375000 0.541382
vt 0.375000 0.512170
vt 0.399727 0.511719
vt 0.411651 0.511435
vt 0.625463 0.542099
vt 0.625393 0.529850
vt 0.625250 0.507444
vt 0.601790 0.507205
vt 0.588967 0.507179
vt 0.375000 0.542141
vt 0.375000 0.530684
vt 0.375000 0.507195
vt 0.399503 0.507182
vt 0.411324 0.507174
vt 0.625322 0.535904
vt 0.625261 0.524390
vt 0.625160 0.504222
vt 0.601831 0.504024
vt 0.589211 0.504002
vt 0.375000 0.535935
vt 0.375000 0.525099
vt 0.375000 0.504017
vt 0.399223 0.504005
vt 0.410907 0.503997
vt 0.625233 0.532258
vt 0.625175 0.521324
vt 0.625074 0.501934
vt 0.601892 0.501784
vt 0.589504 0.501766
vt 0.375000 0.532279
vt 0.375000 0.521935
vt 0.375000 0.501784
vt 0.398929 0.501771
vt 0.410471 0.501763
vt 0.625176 0.530401
vt 0.625120 0.519764
vt 0.625021 0.500546
vt 0.601973 0.500453
vt 0.589839 0.500441
vt 0.375000 0.530420
vt 0.375000 0.520310
vt 0.375000 0.500460
vt 0.398631 0.500447
vt 0.410029 0.500439
vt 0.625139 0.530018
vt 0.625090 0.519525
vt 0.625001 0.500032
vt 0.602120 0.500004
vt 0.590218 0.500001
vt 0.375000 0.530038
vt 0.375000 0.520032
vt 0.375000 0.500006
vt 0.398329 0.500003
vt 0.409590 0.500001
vt 0.375000 0.507818
vt 0.375000 0.511152
vt 0.388076 0.750000
vt 0.388134 0.750000
vt 0.383801 0.750000
vt 0.383843 0.750000
vt 0.375000 0.750000
vt 0.375000 0.750000
vt 0.391582 0.758458
vt 0.391582 0.758458
vt 0.387191 0.749856
vt 0.375000 0.743571
vt 0.385073 0.745707
vt 0.375000 0.740470
vt 0.388012 0.750000
vt 0.383762 0.750000
vt 0.375000 0.750000
vt 0.387830 0.756969
vt 0.387728 0.756929
vt 0.384398 0.748830
vt 0.382792 0.744924
vt 0.387944 0.750000
vt 0.383721 0.750000
vt 0.375000 0.750000
vt 0.384709 0.755888
vt 0.383512 0.755475
vt 0.381310 0.747842
vt 0.380247 0.744161
vt 0.387873 0.750000
vt 0.383677 0.750000
vt 0.375000 0.750000
vt 0.381269 0.754802
vt 0.379037 0.754133
vt 0.378001 0.746912
vt 0.377502 0.743429
vt 0.387798 0.750000
vt 0.383630 0.750000
vt 0.375000 0.750000
vt 0.377595 0.752844
vt 0.374412 0.750000
vt 0.374562 0.743876
vt 0.374634 0.740922
vt 0.387800 0.755238
vt 0.387800 0.750082
vt 0.383635 0.755211
vt 0.383635 0.750323
vt 0.375000 0.755169
vt 0.375000 0.750705
vt 0.373786 0.750000
vt 0.369823 0.750000
vt 0.371087 0.743894
vt 0.371730 0.740949
vt 0.387800 0.759724
vt 0.383635 0.759425
vt 0.375000 0.758949
vt 0.366051 0.750000
vt 0.367672 0.743893
vt 0.368876 0.740948
vt 0.387800 0.764018
vt 0.383635 0.763447
vt 0.375000 0.762538
vt 0.375000 0.759826
vt 0.365174 0.750000
vt 0.362462 0.750000
vt 0.364410 0.743876
vt 0.366157 0.740923
vt 0.387800 0.768013
vt 0.383635 0.767176
vt 0.375000 0.765844
vt 0.375000 0.764213
vt 0.360787 0.750000
vt 0.359156 0.750000
vt 0.361386 0.743849
vt 0.363646 0.740882
vt 0.387800 0.771611
vt 0.383635 0.770517
vt 0.383635 0.767091
vt 0.375000 0.768776
vt 0.375000 0.768299
vt 0.356701 0.750000
vt 0.356224 0.750000
vt 0.358670 0.743821
vt 0.361397 0.740841
vt 0.612078 0.767992
vt 0.612162 0.771611
vt 0.616261 0.767092
vt 0.616339 0.770517
vt 0.624920 0.768299
vt 0.624929 0.768726
vt 0.624998 0.763828
vt 0.624998 0.765643
vt 0.624998 0.755707
vt 0.625000 0.744039
vt 0.624998 0.750650
vt 0.625000 0.740899
vt 0.611835 0.764009
vt 0.616033 0.763411
vt 0.616261 0.767176
vt 0.624797 0.762592
vt 0.624883 0.764702
vt 0.624998 0.753252
vt 0.624998 0.755500
vt 0.624999 0.748751
vt 0.611439 0.759716
vt 0.615660 0.759393
vt 0.624610 0.759193
vt 0.624999 0.750982
vt 0.624999 0.746874
vt 0.610900 0.755231
vt 0.615152 0.755184
vt 0.624362 0.755647
vt 0.625000 0.748701
vt 0.625000 0.745010
vt 0.610218 0.750041
vt 0.614470 0.750161
vt 0.624054 0.750196
vt 0.625000 0.743835
vt 0.625000 0.740917
vt 0.610799 0.750000
vt 0.615006 0.750000
vt 0.624352 0.750000
vt 0.625000 0.743883
vt 0.625000 0.740883
vt 0.611214 0.750000
vt 0.615415 0.750000
vt 0.624599 0.750000
vt 0.625000 0.743806
vt 0.625000 0.740797
vt 0.611498 0.750000
vt 0.615695 0.750000
vt 0.624785 0.750000
vt 0.625000 0.743702
vt 0.625000 0.740686
vt 0.611643 0.750000
vt 0.615840 0.750000
vt 0.624911 0.750000
vt 0.625000 0.743568
vt 0.625000 0.740559
vt 0.611675 0.750000
vt 0.615992 0.750000
vt 0.624980 0.750000
vt 0.625000 0.743432
vt 0.625000 0.740445
vt 0.383487 0.750000
vt 0.250000 0.740823
vt 0.250000 0.743809
vt 0.353016 0.750000
vt 0.250000 0.750000
vt 0.375000 0.875000
vt 0.375000 0.771984
vt 0.383635 0.875000
vt 0.387800 0.875000
vt 0.750000 0.740827
vt 0.638607 0.740845
vt 0.750000 0.743812
vt 0.641333 0.743824
vt 0.750000 0.750000
vt 0.646984 0.750000
vt 0.625000 0.771984
vt 0.625000 0.875000
vt 0.616340 0.875000
vt 0.612163 0.875000
vt 0.387800 0.500000
vt 0.383635 0.500000
vt 0.375000 0.500000
vt 0.369062 0.500000
vt 0.369031 0.500000
vt 0.366198 0.500000
vt 0.366171 0.500000
vt 0.619305 0.500000
vt 0.622324 0.500000
vt 0.625000 0.500000
vt 0.625000 0.500000
vt 0.590577 0.750022
vt 0.589976 0.749562
vt 0.601871 0.750086
vt 0.601202 0.749556
vt 0.625000 0.750000
vt 0.625026 0.749440
vt 0.625064 0.731180
vt 0.625141 0.729346
vt 0.625083 0.722491
vt 0.625197 0.719393
vt 0.409528 0.749562
vt 0.408900 0.750022
vt 0.398293 0.749554
vt 0.397565 0.750088
vt 0.375000 0.749541
vt 0.375000 0.750000
vt 0.375000 0.729717
vt 0.375000 0.731651
vt 0.375000 0.719617
vt 0.375000 0.722757
vt 0.589575 0.748241
vt 0.601103 0.748234
vt 0.625092 0.748047
vt 0.625208 0.727761
vt 0.625265 0.717521
vt 0.410051 0.748240
vt 0.398645 0.748232
vt 0.375000 0.748219
vt 0.375000 0.728090
vt 0.375000 0.717757
vt 0.589235 0.746010
vt 0.601058 0.746001
vt 0.625197 0.745755
vt 0.625313 0.724629
vt 0.625372 0.713851
vt 0.410569 0.746010
vt 0.398995 0.746002
vt 0.375000 0.745989
vt 0.375000 0.724928
vt 0.375000 0.714100
vt 0.588962 0.742836
vt 0.601066 0.742824
vt 0.625304 0.742531
vt 0.625480 0.719007
vt 0.625542 0.707615
vt 0.411067 0.742836
vt 0.399330 0.742828
vt 0.375000 0.742814
vt 0.375000 0.719345
vt 0.375000 0.707892
vt 0.588345 0.738570
vt 0.600726 0.738256
vt 0.625224 0.736153
vt 0.625893 0.707985
vt 0.625818 0.697575
vt 0.411459 0.738577
vt 0.399598 0.738295
vt 0.375000 0.737846
vt 0.375000 0.708646
vt 0.375000 0.697918
vt 0.590873 0.701042
vt 0.603592 0.701158
vt 0.628249 0.699950
vt 0.626458 0.690653
vt 0.626087 0.683850
vt 0.412328 0.701053
vt 0.400176 0.701221
vt 0.375000 0.701486
vt 0.375000 0.691609
vt 0.375000 0.684253
vt 0.589434 0.683230
vt 0.602322 0.683187
vt 0.626849 0.682276
vt 0.626346 0.673303
vt 0.626080 0.668864
vt 0.412434 0.683236
vt 0.400253 0.683224
vt 0.375000 0.683205
vt 0.375000 0.674144
vt 0.375000 0.669250
vt 0.588382 0.664298
vt 0.601388 0.664265
vt 0.625828 0.663494
vt 0.625895 0.656856
vt 0.625863 0.653950
vt 0.412512 0.664305
vt 0.400305 0.664296
vt 0.375000 0.664283
vt 0.375000 0.657579
vt 0.375000 0.654266
vt 0.587753 0.644722
vt 0.600857 0.644705
vt 0.625215 0.644305
vt 0.625541 0.640553
vt 0.625653 0.639247
vt 0.412560 0.644725
vt 0.400337 0.644721
vt 0.375000 0.644714
vt 0.375000 0.641180
vt 0.375000 0.639461
vt 0.587562 0.625000
vt 0.600741 0.624999
vt 0.625009 0.624981
vt 0.625405 0.624398
vt 0.625559 0.624797
vt 0.412576 0.625000
vt 0.400348 0.625000
vt 0.375000 0.625000
vt 0.375000 0.624973
vt 0.375000 0.624958
vt 0.587772 0.605283
vt 0.588339 0.585722
vt 0.601002 0.605299
vt 0.601592 0.585761
vt 0.625179 0.605623
vt 0.625688 0.586380
vt 0.625498 0.608236
vt 0.625788 0.591925
vt 0.625604 0.610337
vt 0.625759 0.595622
vt 0.412523 0.585713
vt 0.412562 0.605279
vt 0.400313 0.585721
vt 0.400339 0.605284
vt 0.375000 0.585735
vt 0.375000 0.605291
vt 0.375000 0.592389
vt 0.375000 0.608770
vt 0.375000 0.595677
vt 0.375000 0.610460
vt 0.589249 0.566817
vt 0.602497 0.566875
vt 0.626527 0.567677
vt 0.626157 0.575451
vt 0.625926 0.580708
vt 0.412459 0.566803
vt 0.400270 0.566815
vt 0.375000 0.566834
vt 0.375000 0.575845
vt 0.375000 0.580715
vt 0.590474 0.549043
vt 0.603666 0.548974
vt 0.627683 0.550011
vt 0.626221 0.557956
vt 0.625920 0.565732
vt 0.412371 0.549013
vt 0.400206 0.548844
vt 0.375000 0.548576
vt 0.375000 0.558401
vt 0.375000 0.565742
vt 0.588424 0.511461
vt 0.601399 0.511827
vt 0.625164 0.513587
vt 0.625723 0.540577
vt 0.625692 0.552053
vt 0.411651 0.511435
vt 0.399727 0.511719
vt 0.375000 0.512170
vt 0.375000 0.541382
vt 0.375000 0.552103
vt 0.588957 0.507179
vt 0.601752 0.507205
vt 0.625250 0.507444
vt 0.625393 0.529836
vt 0.625463 0.542079
vt 0.411324 0.507174
vt 0.399503 0.507182
vt 0.375000 0.507195
vt 0.375000 0.530684
vt 0.375000 0.542141
vt 0.589204 0.504001
vt 0.601803 0.504023
vt 0.625160 0.504222
vt 0.625261 0.524381
vt 0.625322 0.535891
vt 0.410907 0.503997
vt 0.399223 0.504005
vt 0.375000 0.504017
vt 0.375000 0.525099
vt 0.375000 0.535935
vt 0.589500 0.501766
vt 0.601875 0.501783
vt 0.625074 0.501934
vt 0.625175 0.521319
vt 0.625233 0.532250
vt 0.410471 0.501763
vt 0.398929 0.501771
vt 0.375000 0.501784
vt 0.375000 0.521935
vt 0.375000 0.532279
vt 0.589837 0.500441
vt 0.601967 0.500453
vt 0.625021 0.500546
vt 0.625120 0.519762
vt 0.625176 0.530398
vt 0.410029 0.500439
vt 0.398631 0.500447
vt 0.375000 0.500460
vt 0.375000 0.520310
vt 0.375000 0.530420
vt 0.590219 0.500001
vt 0.602122 0.500004
vt 0.625001 0.500032
vt 0.625089 0.519525
vt 0.625140 0.530019
vt 0.409590 0.500001
vt 0.398329 0.500003
vt 0.375000 0.500006
vt 0.375000 0.520032
vt 0.375000 0.530038
vt 0.624999 0.511122
vt 0.625000 0.507660
vt 0.385073 0.745707
vt 0.375000 0.740470
vt 0.387191 0.749856
vt 0.375000 0.743571
vt 0.391582 0.758458
vt 0.391582 0.758458
vt 0.375000 0.750000
vt 0.375000 0.750000
vt 0.383801 0.750000
vt 0.383843 0.750000
vt 0.388076 0.750000
vt 0.388134 0.750000
vt 0.382792 0.744924
vt 0.384398 0.748830
vt 0.387728 0.756929
vt 0.387830 0.756969
vt 0.375000 0.750000
vt 0.383762 0.750000
vt 0.388012 0.750000
vt 0.380247 0.744160
vt 0.381310 0.747842
vt 0.383512 0.755475
vt 0.384709 0.755888
vt 0.375000 0.750000
vt 0.383721 0.750000
vt 0.387944 0.750000
vt 0.377502 0.743429
vt 0.378001 0.746912
vt 0.379037 0.754133
vt 0.381269 0.754802
vt 0.375000 0.750000
vt 0.383677 0.750000
vt 0.387873 0.750000
vt 0.374634 0.740922
vt 0.374562 0.743876
vt 0.374412 0.750000
vt 0.377595 0.752845
vt 0.375000 0.750000
vt 0.383630 0.750000
vt 0.387798 0.750000
vt 0.371730 0.740949
vt 0.371087 0.743894
vt 0.369823 0.750000
vt 0.373786 0.750000
vt 0.375000 0.750705
vt 0.375000 0.755169
vt 0.383635 0.755211
vt 0.383635 0.750323
vt 0.387800 0.755238
vt 0.387800 0.750082
vt 0.368876 0.740948
vt 0.367672 0.743893
vt 0.366051 0.750000
vt 0.375000 0.758949
vt 0.383635 0.759425
vt 0.387800 0.759724
vt 0.366157 0.740923
vt 0.364410 0.743876
vt 0.362462 0.750000
vt 0.365174 0.750000
vt 0.375000 0.759826
vt 0.375000 0.762538
vt 0.383635 0.763447
vt 0.387800 0.764018
vt 0.363646 0.740882
vt 0.361386 0.743849
vt 0.359156 0.750000
vt 0.360787 0.750000
vt 0.375000 0.764213
vt 0.375000 0.765844
vt 0.383635 0.767176
vt 0.387800 0.768013
vt 0.361397 0.740841
vt 0.358670 0.743821
vt 0.356224 0.750000
vt 0.356701 0.750000
vt 0.375000 0.768299
vt 0.375000 0.768776
vt 0.383635 0.770517
vt 0.383635 0.767091
vt 0.387800 0.771611
vt 0.624998 0.750650
vt 0.625000 0.740899
vt 0.624998 0.755707
vt 0.625000 0.744039
vt 0.624998 0.765643
vt 0.624998 0.763828
vt 0.624929 0.768726
vt 0.624920 0.768299
vt 0.616261 0.767092
vt 0.616339 0.770517
vt 0.612078 0.767992
vt 0.612162 0.771611
vt 0.624999 0.748751
vt 0.624998 0.753252
vt 0.624998 0.755500
vt 0.624797 0.762592
vt 0.624883 0.764702
vt 0.616033 0.763411
vt 0.616261 0.767176
vt 0.611835 0.764009
vt 0.624999 0.746874
vt 0.624999 0.750982
vt 0.624610 0.759193
vt 0.615660 0.759393
vt 0.611439 0.759716
vt 0.625000 0.745010
vt 0.625000 0.748701
vt 0.624362 0.755647
vt 0.615152 0.755184
vt 0.610900 0.755231
vt 0.625000 0.740917
vt 0.625000 0.743835
vt 0.624054 0.750196
vt 0.614470 0.750161
vt 0.610218 0.750041
vt 0.625000 0.740883
vt 0.625000 0.743883
vt 0.624352 0.750000
vt 0.615006 0.750000
vt 0.610799 0.750000
vt 0.625000 0.740797
vt 0.625000 0.743806
vt 0.624599 0.750000
vt 0.615415 0.750000
vt 0.611214 0.750000
vt 0.625000 0.740686
vt 0.625000 0.743702
vt 0.624785 0.750000
vt 0.615695 0.750000
vt 0.611498 0.750000
vt 0.625000 0.740559
vt 0.625000 0.743568
vt 0.624912 0.750000
vt 0.615840 0.750000
vt 0.611643 0.750000
vt 0.625000 0.740445
vt 0.625000 0.743432
vt 0.624980 0.750000
vt 0.615992 0.750000
vt 0.611675 0.750000
vt 0.383487 0.750000
vt 0.375000 0.771984
vt 0.353016 0.750000
vt 0.625000 0.771984
vt 0.646984 0.750000
vt 0.641333 0.743824
vt 0.638607 0.740845
vn 0.1063 0.9927 0.0577
vn 0.0000 0.9961 0.0887
vn 0.0130 0.9875 0.1572
vn 0.0164 0.9870 0.1598
vn 0.1040 0.9907 0.0876
vn 0.8718 0.0187 0.4895
vn 0.8708 -0.1083 0.4796
vn 0.9348 -0.0961 0.3419
vn 0.9350 0.0306 0.3533
vn 0.9848 0.0216 -0.1725
vn 0.9565 0.0603 -0.2854
vn 0.9828 0.0620 -0.1737
vn 0.9966 -0.0221 -0.0792
vn 0.0396 -0.9922 -0.1183
vn 0.0000 -0.9961 -0.0887
vn 0.0662 -0.9927 -0.1009
vn -0.0789 -0.0239 0.9966
vn -0.0914 -0.1532 0.9839
vn 0.0567 -0.1535 0.9865
vn 0.0685 -0.0242 0.9974
vn 0.1886 0.9735 0.1290
vn 0.1902 0.9726 0.1341
vn 0.1907 0.9719 0.1380
vn 0.1912 0.9716 0.1395
vn 0.1928 0.9709 0.1420
vn 0.1954 0.9699 0.1452
vn 0.1993 0.9686 0.1487
vn 0.2045 0.9669 0.1523
vn 0.2113 0.9650 0.1555
vn 0.2198 0.9627 0.1578
vn 0.2301 0.9602 0.1581
vn 0.2422 0.9580 0.1534
vn 0.2544 0.9566 0.1422
vn 0.2643 0.9560 0.1274
vn 0.2710 0.9562 0.1111
vn 0.2743 0.9570 0.0940
vn 0.2742 0.9586 0.0767
vn 0.2707 0.9608 0.0598
vn 0.2638 0.9636 0.0437
vn 0.2534 0.9669 0.0290
vn 0.2401 0.9706 0.0167
vn 0.2251 0.9742 0.0180
vn -0.0924 0.5507 -0.8296
vn -0.1620 0.5564 -0.8150
vn -0.1551 0.6155 -0.7727
vn 0.0080 0.6357 -0.7719
vn -0.0124 -0.9880 -0.1540
vn 0.0547 -0.9847 -0.1657
vn -0.1103 0.9890 0.0982
vn -0.0973 0.9874 0.1251
vn 0.0108 0.9869 0.1609
vn 0.0127 -0.9997 -0.0214
vn 0.0145 -0.9996 -0.0253
vn -0.0478 -0.9936 -0.1019
vn -0.1847 0.0233 -0.9825
vn -0.1848 0.1186 -0.9756
vn -0.1065 0.1242 -0.9865
vn -0.1016 0.0319 -0.9943
vn 0.1848 -0.1136 0.9762
vn 0.2576 -0.1180 0.9590
vn 0.3394 -0.0054 0.9406
vn 0.1847 -0.0409 0.9819
vn 0.1654 -0.5228 0.8363
vn 0.2545 -0.5353 0.8054
vn 0.2352 -0.5441 0.8054
vn 0.1626 -0.5510 0.8185
vn -0.0113 -0.9996 -0.0256
vn 0.0333 -0.9883 -0.1486
vn 0.0397 -0.9888 -0.1439
vn 0.0474 -0.9894 -0.1374
vn 0.0540 -0.9900 -0.1300
vn 0.0593 -0.9908 -0.1219
vn 0.0635 -0.9915 -0.1133
vn 0.0663 -0.9924 -0.1041
vn 0.0679 -0.9932 -0.0945
vn 0.0682 -0.9941 -0.0847
vn 0.0669 -0.9950 -0.0747
vn 0.0641 -0.9958 -0.0646
vn 0.0596 -0.9967 -0.0552
vn 0.0540 -0.9974 -0.0469
vn 0.0473 -0.9981 -0.0396
vn 0.0399 -0.9986 -0.0334
vn 0.0317 -0.9991 -0.0284
vn 0.0230 -0.9994 -0.0246
vn 0.0137 -0.9997 -0.0219
vn 0.0039 -0.9998 -0.0206
vn -0.0063 -0.9998 -0.0207
vn -0.0165 -0.9997 -0.0181
vn 0.1181 0.9867 0.1120
vn 0.0118 0.9885 0.1509
vn 0.4859 -0.0052 -0.8740
vn 0.4953 0.1573 -0.8543
vn 0.4925 0.1420 -0.8587
vn 0.4830 0.0104 -0.8756
vn -0.2158 -0.0267 0.9761
vn -0.2276 -0.1461 0.9627
vn -0.2021 -0.1490 0.9680
vn -0.1899 -0.0247 0.9815
vn 0.1999 -0.1518 0.9680
vn 0.2105 -0.0228 0.9773
vn 0.3363 -0.1484 0.9300
vn 0.3454 -0.0196 0.9383
vn 0.4647 -0.1434 0.8738
vn 0.4721 -0.0148 0.8814
vn 0.5839 -0.1369 0.8002
vn 0.5895 -0.0086 0.8077
vn 0.6926 -0.1288 0.7097
vn 0.6965 -0.0009 0.7176
vn 0.7890 -0.1193 0.6027
vn 0.7913 0.0082 0.6114
vn 0.5877 0.1343 -0.7979
vn 0.5794 0.0069 -0.8150
vn 0.9770 0.0434 0.2089
vn 0.9771 -0.0831 0.1960
vn -0.0072 -0.9996 -0.0273
vn 0.9963 -0.0700 0.0493
vn 0.9964 0.0562 0.0636
vn 0.9939 -0.0572 -0.0948
vn 0.9945 0.0689 -0.0792
vn 0.9711 -0.0448 -0.2345
vn 0.9726 0.0813 -0.2179
vn 0.9291 -0.0328 -0.3684
vn 0.9318 0.0933 -0.3509
vn 0.8686 -0.0216 -0.4950
vn 0.8726 0.1047 -0.4771
vn 0.7901 -0.0110 -0.6129
vn 0.7955 0.1154 -0.5949
vn 0.6936 -0.0015 -0.7204
vn 0.7004 0.1254 -0.7026
vn 0.9805 -0.0507 -0.1897
vn 0.9665 -0.0434 -0.2530
vn -0.1763 -0.0246 0.9840
vn -0.1877 -0.1497 0.9708
vn -0.0911 -0.0218 0.9956
vn -0.1006 -0.1548 0.9828
vn -0.1408 -0.1529 0.9782
vn -0.1303 -0.0228 0.9912
vn -0.0557 -0.0213 0.9982
vn -0.0641 -0.1558 0.9857
vn -0.0220 -0.0211 0.9995
vn -0.0293 -0.1563 0.9873
vn 0.0117 -0.0211 0.9997
vn 0.0056 -0.1563 0.9877
vn 0.0470 -0.0213 0.9987
vn 0.0421 -0.1558 0.9869
vn 0.0860 -0.0217 0.9961
vn 0.0825 -0.1547 0.9845
vn 0.1315 -0.0227 0.9911
vn 0.1296 -0.1526 0.9797
vn 0.0361 0.9848 0.1697
vn 0.1739 0.9747 0.1401
vn 0.0567 0.9820 0.1803
vn 0.0733 0.9799 0.1857
vn 0.0880 0.9783 0.1875
vn 0.1020 0.9772 0.1862
vn 0.1162 0.9765 0.1817
vn 0.1319 0.9760 0.1736
vn 0.1503 0.9755 0.1605
vn -0.9854 0.0717 0.1546
vn -0.9806 -0.0112 0.1958
vn -0.9804 -0.0854 0.1776
vn -0.9864 -0.0949 0.1344
vn 0.0062 -0.9997 -0.0257
vn 0.0095 -0.9997 -0.0244
vn 0.0039 -0.9997 -0.0261
vn 0.0021 -0.9997 -0.0262
vn 0.0007 -0.9997 -0.0263
vn -0.0006 -0.9996 -0.0265
vn -0.0019 -0.9996 -0.0268
vn -0.0032 -0.9996 -0.0271
vn -0.0049 -0.9996 -0.0274
vn 0.1705 -0.0242 0.9851
vn 0.1700 -0.1502 0.9739
vn 0.0334 -0.9989 -0.0340
vn 0.0410 -0.9987 -0.0288
vn 0.0306 -0.9992 -0.0276
vn 0.0211 -0.9995 -0.0238
vn 0.0116 -0.9997 -0.0215
vn 0.0019 -0.9998 -0.0206
vn -0.0077 -0.9997 -0.0210
vn -0.0171 -0.9996 -0.0227
vn -0.0263 -0.9993 -0.0258
vn -0.0351 -0.9989 -0.0302
vn -0.0434 -0.9984 -0.0359
vn -0.0510 -0.9978 -0.0431
vn -0.0573 -0.9970 -0.0514
vn -0.0621 -0.9962 -0.0603
vn -0.0655 -0.9954 -0.0696
vn -0.0675 -0.9946 -0.0790
vn -0.0682 -0.9937 -0.0886
vn -0.0675 -0.9929 -0.0981
vn -0.0654 -0.9920 -0.1076
vn -0.0620 -0.9912 -0.1168
vn -0.0572 -0.9904 -0.1258
vn -0.0530 -0.9898 -0.1324
vn -0.6356 -0.0062 0.7720
vn -0.7442 0.0029 0.6680
vn -0.7441 -0.1241 0.6565
vn -0.6342 -0.1335 0.7616
vn -0.0682 -0.9948 -0.0757
vn -0.1052 -0.9817 -0.1585
vn 0.4350 -0.0153 0.9003
vn 0.2979 -0.0204 0.9544
vn 0.3092 -0.1493 0.9392
vn 0.4463 -0.1443 0.8832
vn 0.0893 -0.5457 0.8332
vn 0.0705 -0.5362 0.8411
vn -0.2328 0.5475 -0.8037
vn -0.3042 0.6296 -0.7149
vn -0.9564 -0.0547 0.2867
vn -0.9805 0.0293 0.1942
vn -0.9964 0.0278 0.0795
vn 0.1845 -0.0251 0.9825
vn 0.1845 -0.1491 0.9714
vn 0.5329 -0.0127 0.8461
vn 0.5435 -0.1365 0.8283
vn 0.0203 -0.0088 0.9998
vn 0.1116 -0.1195 0.9865
vn -0.2769 -0.0033 -0.9609
vn -0.2596 0.1207 -0.9581
vn -0.7672 -0.0265 -0.6409
vn -0.7672 -0.0104 -0.6413
vn -0.7742 0.1209 -0.6213
vn -0.7774 0.1351 -0.6143
vn -0.1004 0.9835 0.1504
vn 0.1990 -0.1497 0.9685
vn 0.1985 -0.0237 0.9798
vn 0.5552 -0.0139 0.8316
vn 0.5652 -0.1329 0.8142
vn 0.1584 -0.0236 0.9871
vn 0.1691 -0.1523 0.9738
vn 0.0185 -0.0249 0.9995
vn 0.0281 -0.1536 0.9877
vn -0.1203 -0.0246 0.9924
vn -0.1120 -0.1530 0.9818
vn -0.2566 -0.0226 0.9662
vn -0.2500 -0.1508 0.9564
vn -0.3891 -0.0188 0.9210
vn -0.3842 -0.1468 0.9115
vn -0.5162 -0.0134 0.8564
vn -0.5131 -0.1410 0.8467
vn -0.8406 0.1104 -0.5302
vn -0.8350 -0.0167 -0.5499
vn -0.8360 0.0134 0.5486
vn -0.8367 -0.1133 0.5359
vn 0.0291 -0.9990 -0.0341
vn -0.9070 0.0246 0.4204
vn -0.9081 -0.1018 0.4062
vn -0.9574 0.0365 0.2866
vn -0.9584 -0.0898 0.2710
vn -0.9876 0.0487 0.1495
vn -0.9881 -0.0774 0.1326
vn -0.9981 0.0612 0.0107
vn -0.9979 -0.0650 -0.0073
vn -0.9890 0.0737 -0.1282
vn -0.9877 -0.0525 -0.1471
vn -0.9601 0.0862 -0.2659
vn -0.9575 -0.0402 -0.2855
vn -0.9109 0.0985 -0.4007
vn -0.9069 -0.0282 -0.4205
vn -0.9911 -0.0946 0.0934
vn 0.5212 -0.0129 0.8533
vn 0.5310 -0.1377 0.8361
vn 0.4459 -0.0129 0.8950
vn 0.4809 -0.0126 0.8767
vn 0.4902 -0.1424 0.8599
vn 0.4544 -0.1455 0.8788
vn 0.4139 -0.0135 0.9102
vn 0.4215 -0.1477 0.8947
vn 0.3829 -0.0143 0.9237
vn 0.3897 -0.1493 0.9088
vn 0.3516 -0.0154 0.9360
vn 0.3574 -0.1504 0.9218
vn 0.3183 -0.0167 0.9478
vn 0.3230 -0.1511 0.9343
vn 0.2811 -0.0185 0.9595
vn 0.2844 -0.1514 0.9467
vn 0.2370 -0.0210 0.9713
vn 0.2388 -0.1508 0.9593
vn -0.0039 0.9842 0.1773
vn -0.1428 0.9695 0.1995
vn -0.1602 0.9677 0.1946
vn -0.0192 0.9807 0.1945
vn -0.0327 0.9781 0.2056
vn -0.0456 0.9761 0.2126
vn -0.0591 0.9745 0.2164
vn -0.0740 0.9733 0.2174
vn -0.0915 0.9722 0.2154
vn -0.1134 0.9711 0.2099
vn 0.0171 -0.9995 -0.0277
vn 0.0192 -0.9994 -0.0289
vn 0.0208 -0.9993 -0.0297
vn 0.0221 -0.9993 -0.0303
vn 0.0232 -0.9993 -0.0309
vn 0.0243 -0.9992 -0.0317
vn 0.0254 -0.9991 -0.0325
vn 0.0268 -0.9991 -0.0333
vn -0.2352 0.9663 0.1047
vn -0.2498 0.9620 0.1103
vn -0.2568 0.9580 0.1274
vn -0.2598 0.9547 0.1448
vn -0.2592 0.9521 0.1621
vn -0.2552 0.9502 0.1787
vn -0.2481 0.9491 0.1942
vn -0.2380 0.9487 0.2081
vn -0.2253 0.9492 0.2198
vn -0.2106 0.9505 0.2286
vn -0.1965 0.9526 0.2324
vn -0.1856 0.9551 0.2308
vn -0.1777 0.9576 0.2266
vn -0.1719 0.9598 0.2218
vn -0.1678 0.9616 0.2170
vn -0.1650 0.9631 0.2127
vn -0.1633 0.9642 0.2090
vn -0.1624 0.9649 0.2062
vn -0.1619 0.9654 0.2045
vn -0.1618 0.9654 0.2043
vn -0.1594 0.9664 0.2015
vn 0.4821 -0.2358 -0.8438
vn 0.5788 -0.3127 -0.7531
vn 0.5891 -0.0589 -0.8059
vn 0.4561 -0.4932 -0.7408
vn 0.5655 -0.5289 -0.6328
vn 0.3787 -0.7441 -0.5503
vn 0.4850 -0.7456 -0.4570
vn 0.6538 -0.3374 -0.6773
vn 0.6917 -0.1073 -0.7142
vn 0.6336 -0.4771 -0.6091
vn 0.5543 -0.6704 -0.4933
vn 0.7279 -0.3545 -0.5870
vn 0.7835 -0.1365 -0.6063
vn 0.6888 -0.4535 -0.5656
vn 0.6222 -0.5819 -0.5237
vn 0.1890 -0.9670 -0.1707
vn 0.2552 -0.9271 -0.2744
vn 0.1335 -0.9603 -0.2451
vn 0.3630 -0.9026 -0.2316
vn 0.3429 -0.8754 -0.3408
vn 0.5715 -0.7633 -0.3013
vn 0.5107 -0.7427 -0.4331
vn 0.3524 -0.8761 -0.3290
vn 0.2446 -0.8866 -0.3927
vn 0.4344 -0.8106 -0.3927
vn 0.5692 -0.6674 -0.4803
vn 0.9712 -0.0631 -0.2299
vn 0.9304 -0.1059 -0.3510
vn 0.8573 -0.3466 -0.3807
vn 0.9247 -0.2854 -0.2519
vn 0.8621 -0.1386 -0.4874
vn 0.7911 -0.3611 -0.4938
vn 0.7227 -0.5372 -0.4348
vn 0.8054 -0.5211 -0.2825
vn 0.7108 -0.4832 -0.5111
vn 0.5967 0.1925 -0.7790
vn 0.6052 0.4051 -0.6853
vn 0.5093 0.3607 -0.7814
vn 0.7072 0.2220 -0.6712
vn 0.6939 0.4163 -0.5875
vn 0.7981 0.2210 -0.5605
vn 0.7648 0.4109 -0.4963
vn 0.6238 0.5713 -0.5333
vn 0.5159 0.5692 -0.6403
vn 0.6892 0.5222 -0.5023
vn 0.7346 0.4970 -0.4618
vn 0.5758 0.7520 -0.3208
vn 0.4855 0.7770 -0.4006
vn 0.6300 0.6851 -0.3657
vn 0.6816 0.6088 -0.4060
vn 0.9711 0.1041 -0.2149
vn 0.9276 0.3149 -0.2010
vn 0.8778 0.3706 -0.3036
vn 0.9343 0.1488 -0.3239
vn 0.8180 0.5434 -0.1890
vn 0.7662 0.5624 -0.3109
vn 0.6181 0.7707 -0.1549
vn 0.5910 0.7580 -0.2760
vn 0.8286 0.3947 -0.3969
vn 0.8749 0.1945 -0.4436
vn 0.7617 0.5176 -0.3898
vn 0.6403 0.6887 -0.3401
vn 0.2806 0.9580 -0.0585
vn 0.3728 0.9221 -0.1034
vn 0.2777 0.9607 -0.0017
vn 0.3785 0.9013 -0.2105
vn 0.4551 0.8730 -0.1755
vn 0.4456 0.8763 -0.1834
vn 0.4399 0.8954 -0.0691
vn 0.5228 0.8148 -0.2507
vn 0.3830 -0.3469 0.8561
vn 0.7433 -0.1724 0.6463
vn 0.5237 -0.4655 0.7134
vn 0.7468 -0.0099 0.6650
vn 0.8108 0.1026 0.5763
vn 0.7694 0.3352 0.5437
vn 0.8030 0.3227 0.5010
vn 0.9222 0.1626 0.3509
vn 0.7217 -0.3867 0.5742
vn 0.8870 0.2471 0.3901
vn 0.8633 0.2889 0.4138
vn 0.9408 0.3210 0.1085
vn 0.9233 0.3829 0.0317
vn 0.8184 0.5500 -0.1668
vn 0.9391 0.2934 0.1790
vn 0.9129 0.2470 0.3251
vn 0.4208 0.9024 0.0926
vn 0.6651 0.7019 0.2548
vn 0.2554 0.9228 0.2884
vn 0.6469 0.7615 0.0405
vn 0.9082 0.3134 0.2774
vn 0.9699 -0.0060 0.2435
vn 0.9160 -0.3277 0.2316
vn 0.9674 -0.0880 0.2374
vn 0.7546 0.5318 0.3844
vn 0.6565 0.6523 0.3789
vn 0.8798 0.3118 0.3588
vn 0.9584 0.1220 0.2582
vn -0.9951 -0.0686 0.0715
vn -0.8607 -0.4807 0.1678
vn -0.9948 -0.0714 0.0722
vn 0.3697 0.8393 -0.3986
vn 0.7929 0.5749 -0.2022
vn 0.7990 0.5687 -0.1952
vn -0.8532 -0.4929 0.1704
vn 0.9890 -0.0938 0.1141
vn 0.9861 0.1343 0.0975
vn 0.9573 -0.2310 0.1738
vn 0.9014 -0.3680 0.2282
vn 0.1113 0.0343 -0.9932
vn 0.1241 -0.1530 -0.9804
vn -0.0943 -0.1561 -0.9832
vn 0.3622 0.0307 -0.9316
vn 0.3682 -0.1466 -0.9181
vn 0.5900 0.0197 -0.8072
vn 0.5749 -0.1499 -0.8044
vn 0.1266 -0.4031 -0.9063
vn -0.0805 -0.4117 -0.9078
vn 0.3497 -0.3728 -0.8595
vn 0.5343 -0.3564 -0.7665
vn 0.1382 -0.6145 -0.7767
vn -0.0562 -0.6383 -0.7677
vn 0.3429 -0.5608 -0.7536
vn 0.4866 -0.5042 -0.7134
vn 0.9355 -0.2344 -0.2643
vn 0.8706 -0.2161 -0.4420
vn 0.9038 -0.0259 -0.4271
vn 0.8391 -0.4751 -0.2648
vn 0.7800 -0.4502 -0.4347
vn 0.6842 -0.6843 -0.2523
vn 0.6399 -0.6454 -0.4173
vn 0.7428 -0.1788 -0.6452
vn 0.7744 -0.0013 -0.6327
vn 0.6748 -0.3967 -0.6224
vn 0.5626 -0.5746 -0.5944
vn 0.0238 -0.9364 -0.3502
vn 0.2201 -0.8964 -0.3848
vn 0.2453 -0.9489 -0.1986
vn -0.0192 -0.8171 -0.5762
vn 0.1751 -0.7797 -0.6011
vn 0.4510 -0.7949 -0.4058
vn 0.4809 -0.8458 -0.2309
vn 0.3907 -0.6982 -0.5999
vn 0.0751 0.5228 -0.8492
vn 0.0532 0.4592 -0.8867
vn -0.0873 0.4824 -0.8716
vn 0.2800 0.4909 -0.8250
vn 0.2123 0.4568 -0.8638
vn 0.5337 0.4210 -0.7334
vn 0.4740 0.4022 -0.7833
vn 0.0300 0.4246 -0.9049
vn -0.0876 0.4214 -0.9026
vn 0.1467 0.4302 -0.8907
vn 0.3931 0.3785 -0.8380
vn 0.0134 0.3487 -0.9371
vn -0.0995 0.3478 -0.9323
vn 0.1176 0.3453 -0.9311
vn 0.2932 0.3310 -0.8970
vn 0.8898 0.0909 -0.4473
vn 0.8063 0.1817 -0.5629
vn 0.8787 0.1655 -0.4478
vn 0.7692 0.0981 -0.6315
vn 0.7038 0.1783 -0.6876
vn 0.5609 0.1082 -0.8208
vn 0.4884 0.1644 -0.8570
vn 0.6942 0.2775 -0.6641
vn 0.7458 0.2907 -0.5993
vn 0.6054 0.2649 -0.7505
vn 0.3996 0.2378 -0.8853
vn -0.1020 0.2063 -0.9732
vn 0.0492 0.2296 -0.9720
vn 0.0835 0.1517 -0.9849
vn -0.0933 0.2697 -0.9584
vn 0.0323 0.2618 -0.9646
vn 0.2220 0.2000 -0.9543
vn 0.3016 0.1491 -0.9417
vn 0.1579 0.2418 -0.9574
vn 0.4070 -0.5062 0.7603
vn 0.3900 -0.4413 0.8082
vn 0.2494 -0.4737 0.8446
vn 0.5955 -0.4617 0.6574
vn 0.5400 -0.4311 0.7228
vn 0.7976 -0.3798 0.4685
vn 0.7550 -0.3635 0.5457
vn 0.3734 -0.4078 0.8332
vn 0.2600 -0.4127 0.8730
vn 0.4844 -0.4058 0.7750
vn 0.6951 -0.3412 0.6328
vn 0.3649 -0.3330 0.8694
vn 0.2569 -0.3398 0.9047
vn 0.4610 -0.3219 0.8270
vn 0.6134 -0.2950 0.7326
vn 0.9928 -0.0526 0.1074
vn 0.9636 -0.1355 0.2306
vn 0.9892 -0.1179 0.0872
vn 0.9425 -0.0640 0.3281
vn 0.9094 -0.1369 0.3927
vn 0.8097 -0.0801 0.5813
vn 0.7606 -0.1337 0.6353
vn 0.9048 -0.2304 0.3581
vn 0.9328 -0.2419 0.2672
vn 0.8495 -0.2213 0.4790
vn 0.6963 -0.2036 0.6883
vn 0.2655 -0.1974 0.9437
vn 0.4051 -0.2115 0.8895
vn 0.4266 -0.1372 0.8940
vn 0.2685 -0.2614 0.9271
vn 0.3865 -0.2457 0.8890
vn 0.5504 -0.1771 0.8159
vn 0.6099 -0.1254 0.7825
vn 0.4955 -0.2188 0.8406
vn 0.0896 0.7268 -0.6810
vn 0.3162 0.6431 -0.6975
vn 0.1891 0.6050 -0.7735
vn 0.2055 0.8920 -0.4027
vn 0.4840 0.7067 -0.5160
vn 0.5539 0.7740 -0.3067
vn 0.5729 0.7462 -0.3389
vn 0.4762 0.5735 -0.6666
vn 0.3769 0.5424 -0.7509
vn 0.5920 0.6077 -0.5294
vn 0.6511 0.6494 -0.3928
vn 0.7252 0.4345 -0.5341
vn 0.6260 0.4376 -0.6454
vn 0.8120 0.4374 -0.3864
vn 0.9073 0.4179 -0.0462
vn 0.5133 -0.0084 0.8581
vn 0.6171 0.0982 0.7807
vn 0.4047 0.1387 0.9039
vn 0.6879 -0.0177 0.7256
vn 0.7558 0.0801 0.6499
vn 0.8741 0.0066 0.4858
vn 0.9223 0.0839 0.3772
vn 0.7205 0.2818 0.6336
vn 0.4395 0.4501 0.7773
vn 0.8191 0.2207 0.5295
vn 0.9508 0.2051 0.2321
vn 0.7457 0.4238 0.5141
vn 0.7210 0.4587 0.5194
vn 0.8276 0.3377 0.4483
vn 0.9272 0.1919 -0.3216
vn 0.9750 0.1749 -0.1369
vn 0.9980 0.0611 0.0182
vn 0.8313 0.3064 -0.4637
vn 0.9117 0.2723 -0.3078
vn 0.9896 0.1282 0.0657
vn 0.9759 0.0485 0.2126
vn 0.9658 0.2324 -0.1152
vn -0.8352 -0.0889 -0.5427
vn -0.7974 -0.3358 -0.5013
vn -0.7408 -0.2524 -0.6225
vn -0.8995 -0.1453 -0.4121
vn -0.8457 -0.3709 -0.3837
vn -0.9459 -0.1657 -0.2790
vn -0.8815 -0.3820 -0.2774
vn -0.7451 -0.5412 -0.3897
vn -0.6759 -0.4979 -0.5434
vn -0.8021 -0.4996 -0.3273
vn -0.8339 -0.4795 -0.2731
vn -0.6006 -0.7588 -0.2521
vn -0.5317 -0.7562 -0.3814
vn -0.6787 -0.6870 -0.2596
vn -0.7513 -0.6051 -0.2636
vn -0.9439 -0.3187 0.0867
vn -0.9254 -0.3749 -0.0547
vn -0.9914 -0.1310 0.0047
vn -0.8285 -0.5600 0.0095
vn -0.8069 -0.5722 -0.1463
vn -0.6131 -0.7861 -0.0781
vn -0.6036 -0.7669 -0.2180
vn -0.9092 -0.3832 -0.1626
vn -0.9776 -0.1586 -0.1380
vn -0.8331 -0.5129 -0.2070
vn -0.6798 -0.6929 -0.2406
vn -0.1817 -0.9657 -0.1853
vn -0.3068 -0.9364 -0.1704
vn -0.2074 -0.9735 -0.0963
vn -0.3401 -0.8985 -0.2777
vn -0.4163 -0.8885 -0.1930
vn -0.4126 -0.8869 -0.2076
vn -0.3968 -0.9139 -0.0859
vn -0.5175 -0.8255 -0.2253
vn -0.7750 0.3405 -0.5323
vn -0.8290 0.3793 -0.4109
vn -0.8469 0.1616 -0.5065
vn -0.7329 0.5578 -0.3894
vn -0.7876 0.5565 -0.2645
vn -0.6193 0.7616 -0.1909
vn -0.6705 0.7367 -0.0879
vn -0.8697 0.3855 -0.3084
vn -0.9083 0.1854 -0.3750
vn -0.8346 0.5013 -0.2284
vn -0.7368 0.6670 -0.1108
vn -0.9031 0.3844 -0.1917
vn -0.9527 0.1920 -0.2357
vn -0.8656 0.4713 -0.1691
vn -0.8008 0.5845 -0.1308
vn -0.2898 0.9513 0.1046
vn -0.4151 0.9086 0.0456
vn -0.3141 0.9480 0.0520
vn -0.4603 0.8824 0.0974
vn -0.5114 0.8593 0.0040
vn -0.6596 0.7471 0.0825
vn -0.6792 0.7326 -0.0444
vn -0.5179 0.8553 0.0141
vn -0.4590 0.8864 -0.0597
vn -0.6067 0.7944 -0.0285
vn -0.7439 0.6626 -0.0872
vn -0.9916 0.1222 0.0426
vn -0.9394 0.3399 0.0445
vn -0.9467 0.2792 0.1608
vn -0.9800 0.1734 -0.0979
vn -0.9243 0.3734 -0.0788
vn -0.8499 0.5268 -0.0115
vn -0.8539 0.5028 0.1347
vn -0.8661 0.4898 -0.0996
vn -0.2298 -0.4600 0.8577
vn -0.4633 -0.1726 0.8692
vn -0.0353 -0.3453 0.9378
vn -0.4789 -0.3815 0.7906
vn -0.7398 0.1283 0.6604
vn -0.8511 0.3175 0.4180
vn -0.8468 0.5092 0.1538
vn -0.8616 0.3657 0.3521
vn -0.5341 0.0468 0.8442
vn -0.4263 -0.0484 0.9033
vn -0.6898 0.1866 0.6996
vn -0.8187 0.2443 0.5196
vn -0.5748 0.2761 0.7703
vn -0.5290 0.2955 0.7955
vn -0.6615 0.2405 0.7104
vn -0.7396 0.2076 0.6403
vn 0.9552 -0.0361 -0.2939
vn 0.7994 0.3211 -0.5077
vn 0.9547 -0.0337 -0.2955
vn -0.3521 -0.7916 0.4993
vn -0.7325 -0.4165 0.5385
vn -0.7499 -0.3704 0.5482
vn -0.8151 -0.0992 0.5708
vn -0.7372 -0.4064 0.5398
vn 0.7915 0.3319 -0.5132
vn -0.9182 0.2796 0.2805
vn -0.8894 0.1194 0.4412
vn -0.8895 0.4089 0.2039
vn -0.8000 0.0715 0.5958
vn -0.8394 0.5307 0.1174
vn -0.1650 0.9189 0.3583
vn -0.5433 0.6971 0.4678
vn -0.3754 0.8989 0.2258
vn -0.5193 0.6066 0.6020
vn -0.5903 0.4758 0.6520
vn -0.7524 0.2828 0.5949
vn -0.5906 0.7645 0.2584
vn -0.6964 0.2530 0.6716
vn -0.8181 0.0009 0.5750
vn -0.2956 -0.1909 -0.9360
vn -0.4671 -0.2094 -0.8591
vn -0.4628 -0.0396 -0.8856
vn -0.2767 -0.4041 -0.8718
vn -0.4352 -0.3691 -0.8212
vn -0.2328 -0.6426 -0.7300
vn -0.3794 -0.6304 -0.6773
vn -0.6130 -0.1947 -0.7657
vn -0.6508 -0.0480 -0.7577
vn -0.5690 -0.3336 -0.7516
vn -0.5115 -0.6015 -0.6136
vn -0.8135 -0.1911 -0.5492
vn -0.8371 -0.0475 -0.5450
vn -0.7747 -0.3326 -0.5378
vn -0.6868 -0.5324 -0.4948
vn -0.2926 -0.9451 -0.1457
vn -0.3407 -0.8888 -0.3066
vn -0.1705 -0.9280 -0.3314
vn -0.4958 -0.8633 -0.0943
vn -0.4910 -0.8346 -0.2497
vn -0.7141 -0.6996 -0.0251
vn -0.7286 -0.6650 -0.1643
vn -0.3515 -0.8179 -0.4556
vn -0.2075 -0.8258 -0.5244
vn -0.4793 -0.7869 -0.3886
vn -0.7233 -0.6217 -0.3007
vn -0.9908 -0.1042 -0.0869
vn -0.9546 -0.2724 -0.1210
vn -0.9599 -0.2770 0.0433
vn -0.9525 -0.0818 -0.2932
vn -0.9311 -0.2364 -0.2779
vn -0.8950 -0.4273 -0.1279
vn -0.8775 -0.4794 0.0094
vn -0.8878 -0.3788 -0.2616
vn -0.2515 0.4797 -0.8406
vn -0.3890 0.4518 -0.8029
vn -0.3956 0.5113 -0.7630
vn -0.2589 0.4197 -0.8700
vn -0.3729 0.4219 -0.8264
vn -0.2562 0.3441 -0.9033
vn -0.3632 0.3405 -0.8673
vn -0.5227 0.4463 -0.7264
vn -0.5736 0.4723 -0.6693
vn -0.4736 0.4256 -0.7711
vn -0.4583 0.3350 -0.8233
vn -0.7308 0.3881 -0.5615
vn -0.7730 0.4010 -0.4915
vn -0.6758 0.3641 -0.6409
vn -0.6085 0.3165 -0.7277
vn -0.4356 0.1387 -0.8894
vn -0.4020 0.2215 -0.8884
vn -0.2618 0.2032 -0.9435
vn -0.6267 0.1262 -0.7690
vn -0.5613 0.1884 -0.8059
vn -0.8274 0.0835 -0.5553
vn -0.7754 0.1478 -0.6140
vn -0.3815 0.2615 -0.8866
vn -0.2673 0.2686 -0.9254
vn -0.4986 0.2388 -0.8333
vn -0.7063 0.2196 -0.6729
vn -0.9864 0.1336 -0.0955
vn -0.9616 0.1459 -0.2325
vn -0.9932 0.0614 -0.0989
vn -0.9215 0.2652 -0.2836
vn -0.8969 0.2464 -0.3671
vn -0.9113 0.1473 -0.3846
vn -0.9479 0.0748 -0.3096
vn -0.8466 0.2303 -0.4798
vn 0.0865 -0.4761 0.8751
vn -0.0603 -0.4482 0.8919
vn -0.0880 -0.5106 0.8553
vn 0.0861 -0.4171 0.9048
vn -0.0388 -0.4194 0.9070
vn 0.0992 -0.3414 0.9347
vn -0.0144 -0.3375 0.9412
vn -0.2248 -0.4459 0.8664
vn -0.2978 -0.4718 0.8299
vn -0.1601 -0.4228 0.8919
vn -0.1197 -0.3310 0.9360
vn -0.4864 -0.3910 0.7814
vn -0.5567 -0.4040 0.7259
vn -0.4001 -0.3630 0.8415
vn -0.2968 -0.3108 0.9030
vn -0.0687 -0.1411 0.9876
vn -0.0449 -0.2190 0.9747
vn 0.1027 -0.2000 0.9744
vn -0.2845 -0.1333 0.9494
vn -0.2147 -0.1913 0.9578
vn -0.5460 -0.1016 0.8316
vn -0.4827 -0.1577 0.8615
vn -0.0252 -0.2585 0.9657
vn 0.0947 -0.2659 0.9594
vn -0.1486 -0.2368 0.9601
vn -0.4005 -0.2223 0.8889
vn -0.8877 -0.1485 0.4359
vn -0.8096 -0.1591 0.5650
vn -0.8829 -0.0854 0.4617
vn -0.7664 -0.2729 0.5815
vn -0.7053 -0.2537 0.6620
vn -0.7009 -0.1596 0.6951
vn -0.7557 -0.0969 0.6477
vn -0.6104 -0.2361 0.7561
vn -0.4679 0.5924 -0.6559
vn -0.5668 0.6323 -0.5282
vn -0.3571 0.7214 -0.5934
vn -0.6396 0.5234 -0.5630
vn -0.7050 0.5537 -0.4433
vn -0.8352 0.4112 -0.3651
vn -0.8859 0.4028 -0.2302
vn -0.6602 0.6877 -0.3020
vn -0.3679 0.8808 -0.2981
vn -0.7634 0.5883 -0.2666
vn -0.9139 0.4034 -0.0458
vn -0.6786 0.7246 -0.1200
vn -0.6543 0.7499 -0.0972
vn -0.7642 0.6300 -0.1382
vn -0.8745 0.3860 0.2937
vn -0.9252 0.0285 0.3785
vn -0.9636 0.1425 0.2263
vn -0.9864 0.1604 0.0370
vn -0.8329 0.0155 0.5533
vn -0.9039 0.0990 0.4161
vn -0.6322 -0.0214 0.7745
vn -0.7214 0.0590 0.6900
vn -0.9694 0.2422 0.0396
vn -0.9522 0.2778 -0.1269
vn -0.9492 0.2010 0.2422
vn -0.7990 0.1684 0.5772
vn -0.0500 0.1267 0.9907
vn -0.2958 0.0771 0.9521
vn -0.1773 -0.0145 0.9841
vn -0.1413 0.4432 0.8852
vn -0.4509 0.2618 0.8533
vn -0.5008 0.4522 0.7380
vn -0.5288 0.4132 0.7414
vn -0.4692 0.0585 0.8811
vn -0.3794 -0.0318 0.9247
vn -0.5749 0.1886 0.7962
vn -0.6280 0.3169 0.7108
vn 0.0507 0.9339 0.3540
vn 0.1069 0.7608 0.6401
vn 0.1072 0.7608 0.6400
vn 0.1601 0.4206 0.8930
vn 0.1603 0.4206 0.8930
vn 0.1838 0.0036 0.9830
vn 0.1841 0.0035 0.9829
vn 0.1791 -0.3308 0.9265
vn 0.2562 -0.9574 -0.1335
vn 0.4896 -0.8555 -0.1686
vn 0.6949 -0.6927 -0.1929
vn 0.8522 -0.4819 -0.2038
vn 0.9488 -0.2437 -0.2008
vn 0.7767 0.6231 -0.0922
vn 0.8984 0.4187 -0.1327
vn 0.9664 0.1972 -0.1650
vn -0.1684 0.4908 -0.8549
vn -0.1741 0.4171 -0.8920
vn -0.1783 0.3471 -0.9207
vn -0.1815 0.2751 -0.9441
vn -0.1838 0.1947 -0.9635
vn 0.1688 -0.4854 0.8578
vn 0.1745 -0.4116 0.8945
vn 0.1786 -0.3417 0.9227
vn 0.1817 -0.2698 0.9456
vn 0.1839 -0.1895 0.9645
vn 0.1809 0.1201 0.9761
vn 0.1540 0.4786 0.8644
vn 0.1229 0.6874 0.7159
vn 0.1227 0.6874 0.7159
vn -0.0360 0.9940 -0.1037
vn -0.0358 0.9940 -0.1038
vn -0.0812 0.9331 -0.3504
vn -0.1369 0.7341 -0.6651
vn 0.9953 -0.0911 -0.0321
vn 0.9599 -0.2256 0.1663
vn 0.8633 -0.3513 0.3624
vn -0.0482 -0.9393 -0.3396
vn -0.0924 -0.8210 -0.5634
vn -0.1313 -0.6426 -0.7548
vn -0.1612 -0.4183 -0.8939
vn -0.1793 -0.1701 -0.9690
vn 0.1424 0.9308 0.3368
vn 0.1636 0.9284 0.3337
vn 0.0701 0.8124 0.5788
vn 0.1229 0.8133 0.5687
vn -0.0063 0.6325 0.7745
vn 0.0729 0.6393 0.7655
vn -0.0800 0.4096 0.9088
vn 0.0174 0.4188 0.9079
vn -0.1457 0.1641 0.9756
vn -0.0389 0.1698 0.9847
vn -0.0242 -0.9840 0.1763
vn -0.0599 -0.9810 0.1845
vn -0.0462 -0.9050 0.4229
vn -0.1092 -0.8949 0.4328
vn -0.0650 -0.7648 0.6410
vn -0.1492 -0.7491 0.6454
vn -0.0795 -0.5729 0.8157
vn -0.1780 -0.5571 0.8112
vn -0.0885 -0.3422 0.9354
vn -0.1950 -0.3320 0.9229
vn 0.1852 0.9240 0.3346
vn 0.1829 0.8044 0.5652
vn 0.1670 0.6304 0.7581
vn 0.1391 0.4133 0.8999
vn 0.1014 0.1679 0.9806
vn 0.0150 -0.9841 0.1768
vn 0.0286 -0.9051 0.4242
vn 0.0403 -0.7650 0.6428
vn 0.0493 -0.5731 0.8180
vn 0.0549 -0.3425 0.9379
vn 0.2076 0.9193 0.3344
vn 0.2406 0.7962 0.5552
vn 0.2563 0.6228 0.7392
vn 0.2544 0.4094 0.8762
vn 0.2352 0.1677 0.9574
vn 0.0528 -0.9837 0.1718
vn 0.1009 -0.9043 0.4147
vn 0.1420 -0.7639 0.6296
vn 0.1736 -0.5717 0.8019
vn 0.1935 -0.3409 0.9200
vn 0.2305 0.9144 0.3328
vn 0.2960 0.7887 0.5389
vn 0.3405 0.6165 0.7099
vn 0.3626 0.4069 0.8384
vn 0.3615 0.1691 0.9169
vn 0.0889 -0.9828 0.1617
vn 0.1697 -0.9026 0.3955
vn 0.2390 -0.7615 0.6025
vn 0.2922 -0.5688 0.7688
vn 0.3256 -0.3376 0.8832
vn 0.2541 0.9093 0.3294
vn 0.3491 0.7819 0.5165
vn 0.4194 0.6114 0.6710
vn 0.4634 0.4057 0.7878
vn 0.4795 0.1719 0.8605
vn 0.1228 -0.9815 0.1469
vn 0.2344 -0.9001 0.3671
vn 0.3302 -0.7579 0.5626
vn 0.4037 -0.5645 0.7200
vn 0.4499 -0.3328 0.8288
vn 0.2788 0.9041 0.3237
vn 0.3999 0.7758 0.4881
vn 0.4929 0.6075 0.6229
vn 0.5566 0.4059 0.7249
vn 0.5885 0.1761 0.7891
vn 0.1543 -0.9798 0.1274
vn 0.2946 -0.8968 0.3300
vn 0.4150 -0.7533 0.5103
vn 0.5073 -0.5588 0.6561
vn 0.5654 -0.3264 0.7575
vn 0.3046 0.8988 0.3152
vn 0.4483 0.7704 0.4533
vn 0.5608 0.6047 0.5655
vn 0.6414 0.4073 0.6501
vn 0.6876 0.1817 0.7030
vn 0.1831 -0.9776 0.1036
vn 0.3495 -0.8927 0.2844
vn 0.4922 -0.7475 0.4460
vn 0.6018 -0.5517 0.5775
vn 0.6706 -0.3186 0.6699
vn 0.3315 0.8935 0.3029
vn 0.4939 0.7660 0.4114
vn 0.6225 0.6033 0.4985
vn 0.7172 0.4101 0.5633
vn 0.7754 0.1886 0.6026
vn 0.2086 -0.9751 0.0754
vn 0.3982 -0.8879 0.2305
vn 0.5608 -0.7407 0.3700
vn 0.6855 -0.5434 0.4845
vn 0.7639 -0.3094 0.5663
vn 0.3594 0.8886 0.2851
vn 0.5362 0.7628 0.3615
vn 0.6770 0.6034 0.4214
vn 0.7826 0.4145 0.4645
vn 0.8503 0.1969 0.4880
vn 0.2304 -0.9722 0.0429
vn 0.4395 -0.8823 0.1684
vn 0.6189 -0.7329 0.2825
vn 0.7566 -0.5339 0.3775
vn 0.8431 -0.2987 0.4471
vn 0.3879 0.8851 0.2572
vn 0.5739 0.7617 0.3009
vn 0.7226 0.6058 0.3330
vn 0.8354 0.4208 0.3535
vn 0.9097 0.2069 0.3600
vn 0.2474 -0.9689 0.0065
vn 0.4719 -0.8761 0.0989
vn 0.6645 -0.7242 0.1846
vn 0.8122 -0.5233 0.2579
vn 0.9051 -0.2869 0.3138
vn 0.4136 0.8839 0.2184
vn 0.4327 0.8847 0.1735
vn 0.6037 0.7631 0.2306
vn 0.6229 0.7666 0.1561
vn 0.7561 0.6104 0.2360
vn 0.7753 0.6168 0.1360
vn 0.8724 0.4289 0.2343
vn 0.8918 0.4381 0.1133
vn 0.9499 0.2181 0.2239
vn 0.9694 0.2296 0.0867
vn 0.2634 -0.9621 -0.0710
vn 0.2585 -0.9655 -0.0322
vn 0.5028 -0.8630 -0.0488
vn 0.4932 -0.8696 0.0252
vn 0.7081 -0.7057 -0.0233
vn 0.6945 -0.7149 0.0809
vn 0.8656 -0.5006 0.0037
vn 0.8489 -0.5120 0.1311
vn 0.9647 -0.2617 0.0305
vn 0.9460 -0.2743 0.1725
vn 0.4438 0.8872 0.1264
vn 0.6306 0.7719 0.0806
vn 0.7800 0.6247 0.0363
vn 0.8939 0.4482 -0.0066
vn 0.9692 0.2415 -0.0486
vn 0.2627 -0.9587 -0.1091
vn 0.5015 -0.8566 -0.1215
vn 0.7063 -0.6966 -0.1258
vn 0.8635 -0.4895 -0.1215
vn 0.9623 -0.2492 -0.1090
vn 0.4468 0.8912 0.0784
vn 0.6271 0.7789 0.0055
vn 0.7709 0.6339 -0.0618
vn 0.8797 0.4591 -0.1238
vn 0.9504 0.2534 -0.1804
vn 0.2566 -0.9554 -0.1460
vn 0.4900 -0.8503 -0.1920
vn 0.6901 -0.6878 -0.2251
vn 0.8437 -0.4787 -0.2429
vn 0.9402 -0.2372 -0.2443
vn 0.4415 0.8967 0.0307
vn 0.6125 0.7875 -0.0680
vn 0.7483 0.6444 -0.1574
vn 0.8498 0.4706 -0.2375
vn 0.9138 0.2654 -0.3075
vn 0.2455 -0.9523 -0.1814
vn 0.4688 -0.8443 -0.2596
vn 0.6603 -0.6793 -0.3202
vn 0.8072 -0.4684 -0.3592
vn 0.8996 -0.2257 -0.3739
vn 0.4281 0.9036 -0.0157
vn 0.5870 0.7975 -0.1391
vn 0.7123 0.6561 -0.2495
vn 0.8043 0.4827 -0.3465
vn 0.8599 0.2772 -0.4286
vn 0.2295 -0.9493 -0.2148
vn 0.4383 -0.8386 -0.3234
vn 0.6173 -0.6713 -0.4102
vn 0.7547 -0.4586 -0.4692
vn 0.8410 -0.2147 -0.4965
vn 0.4065 0.9117 -0.0598
vn 0.5505 0.8089 -0.2066
vn 0.6628 0.6688 -0.3369
vn 0.7433 0.4952 -0.4498
vn 0.7888 0.2888 -0.5426
vn 0.2088 -0.9465 -0.2460
vn 0.3987 -0.8333 -0.3830
vn 0.5615 -0.6638 -0.4940
vn 0.6864 -0.4494 -0.5717
vn 0.7650 -0.2046 -0.6107
vn 0.3764 0.9210 -0.1003
vn 0.5027 0.8215 -0.2691
vn 0.5995 0.6824 -0.4182
vn 0.6664 0.5080 -0.5457
vn 0.7003 0.3000 -0.6478
vn 0.1834 -0.9439 -0.2745
vn 0.3500 -0.8284 -0.4372
vn 0.4929 -0.6570 -0.5704
vn 0.6026 -0.4411 -0.6651
vn 0.6715 -0.1953 -0.7148
vn 0.3389 0.9310 -0.1353
vn 0.4439 0.8351 -0.3248
vn 0.5224 0.6968 -0.4915
vn 0.5735 0.5209 -0.6323
vn 0.5944 0.3105 -0.7418
vn 0.1533 -0.9417 -0.2996
vn 0.2925 -0.8241 -0.4850
vn 0.4119 -0.6510 -0.6377
vn 0.5034 -0.4338 -0.7472
vn 0.5610 -0.1871 -0.8064
vn 0.3003 0.9435 -0.1401
vn 0.3885 0.8544 -0.3450
vn 0.4545 0.7149 -0.5314
vn 0.4938 0.5338 -0.6864
vn 0.5045 0.3218 -0.8012
vn 0.1274 -0.9404 -0.3152
vn 0.2422 -0.8237 -0.5128
vn 0.3430 -0.6479 -0.6801
vn 0.4200 -0.4277 -0.8004
vn 0.4674 -0.1840 -0.8647
vn -0.1815 -0.3336 0.9251
vn -0.2214 -0.3225 0.9203
vn -0.1597 -0.5629 0.8109
vn -0.1995 -0.5451 0.8143
vn -0.1252 -0.7596 0.6383
vn -0.1630 -0.7415 0.6508
vn -0.0817 -0.9056 0.4163
vn -0.1134 -0.8940 0.4336
vn -0.0364 -0.9857 0.1645
vn -0.0546 -0.9829 0.1760
vn -0.1355 -0.3435 0.9293
vn -0.1177 -0.5769 0.8083
vn -0.0904 -0.7713 0.6301
vn -0.0575 -0.9113 0.4077
vn -0.0249 -0.9867 0.1607
vn -0.0965 -0.3490 0.9322
vn -0.0832 -0.5842 0.8074
vn -0.0632 -0.7768 0.6266
vn -0.0396 -0.9136 0.4048
vn -0.0168 -0.9870 0.1601
vn -0.0613 -0.3518 0.9341
vn -0.0526 -0.5878 0.8073
vn -0.0395 -0.7793 0.6254
vn -0.0244 -0.9144 0.4041
vn -0.0102 -0.9870 0.1605
vn -0.0279 -0.3530 0.9352
vn -0.0236 -0.5893 0.8076
vn -0.0174 -0.7802 0.6253
vn -0.0103 -0.9145 0.4044
vn -0.0039 -0.9869 0.1611
vn 0.0055 -0.3530 0.9356
vn 0.0053 -0.5891 0.8080
vn 0.0047 -0.7798 0.6260
vn 0.0038 -0.9142 0.4052
vn 0.0023 -0.9868 0.1617
vn 0.0407 -0.3516 0.9353
vn 0.0358 -0.5872 0.8087
vn 0.0282 -0.7783 0.6273
vn 0.0190 -0.9134 0.4065
vn 0.0091 -0.9867 0.1624
vn 0.0797 -0.3483 0.9340
vn 0.0699 -0.5827 0.8097
vn 0.0549 -0.7746 0.6300
vn 0.0366 -0.9117 0.4092
vn 0.0172 -0.9864 0.1637
vn 0.1255 -0.3420 0.9313
vn 0.1108 -0.5737 0.8115
vn 0.0879 -0.7671 0.6354
vn 0.0592 -0.9079 0.4150
vn 0.0281 -0.9856 0.1665
vn 0.1651 -0.3344 0.9279
vn 0.1479 -0.5623 0.8136
vn 0.1203 -0.7564 0.6430
vn 0.0839 -0.9015 0.4246
vn 0.0416 -0.9841 0.1728
vn 0.1325 0.1705 0.9764
vn 0.1668 0.1646 0.9722
vn 0.1246 0.4157 0.9009
vn 0.1514 0.4075 0.9005
vn 0.1078 0.6337 0.7660
vn 0.1256 0.6276 0.7683
vn 0.0842 0.8104 0.5798
vn 0.0907 0.8089 0.5809
vn 0.0566 0.9335 0.3541
vn 0.0496 0.9357 0.3492
vn 0.0931 0.1749 0.9802
vn 0.0958 0.4213 0.9019
vn 0.0916 0.6366 0.7657
vn 0.0817 0.8093 0.5816
vn 0.0680 0.9301 0.3610
vn 0.0597 0.1770 0.9824
vn 0.0718 0.4240 0.9028
vn 0.0787 0.6379 0.7661
vn 0.0805 0.8084 0.5832
vn 0.0777 0.9278 0.3649
vn 0.0294 0.1779 0.9836
vn 0.0504 0.4254 0.9036
vn 0.0674 0.6388 0.7665
vn 0.0797 0.8081 0.5836
vn 0.0866 0.9265 0.3661
vn 0.0005 0.1780 0.9840
vn 0.0300 0.4260 0.9042
vn 0.0569 0.6397 0.7665
vn 0.0793 0.8088 0.5827
vn 0.0953 0.9263 0.3646
vn -0.0285 0.1774 0.9837
vn 0.0095 0.4259 0.9047
vn 0.0465 0.6409 0.7662
vn 0.0792 0.8104 0.5804
vn 0.1043 0.9269 0.3605
vn -0.0592 0.1757 0.9827
vn -0.0124 0.4248 0.9052
vn 0.0354 0.6420 0.7659
vn 0.0794 0.8130 0.5768
vn 0.1144 0.9284 0.3534
vn -0.0939 0.1722 0.9806
vn -0.0376 0.4217 0.9060
vn 0.0224 0.6424 0.7661
vn 0.0795 0.8162 0.5722
vn 0.1263 0.9309 0.3428
vn -0.1357 0.1652 0.9769
vn -0.0696 0.4139 0.9076
vn 0.0044 0.6398 0.7685
vn 0.0782 0.8193 0.5680
vn 0.1407 0.9341 0.3282
vn -0.1737 0.1562 0.9723
vn -0.1038 0.4003 0.9105
vn -0.0219 0.6286 0.7774
vn 0.0649 0.8150 0.5758
vn 0.1457 0.9347 0.3243
vn 0.0500 -0.9826 0.1791
vn 0.0957 -0.8974 0.4306
vn 0.1337 -0.7509 0.6468
vn 0.1619 -0.5571 0.8145
vn 0.1791 -0.3313 0.9264
vn 0.0501 0.9352 0.3506
vn 0.0959 0.8064 0.5836
vn 0.1339 0.6235 0.7703
vn 0.1620 0.4032 0.9006
vn 0.1792 0.1616 0.9705
vn 0.1845 0.0036 0.9828
vn 0.1606 0.4206 0.8929
vn 0.1076 0.7608 0.6400
vn -0.9483 -0.2773 0.1544
vn -0.8532 -0.5086 0.1159
vn -0.6949 -0.7159 0.0675
vn -0.4878 -0.8728 0.0144
vn -0.2581 -0.9654 -0.0372
vn -0.9664 0.1649 0.1971
vn -0.8985 0.3887 0.2040
vn -0.7771 0.5971 0.1989
vn -0.0362 0.9940 -0.1036
vn 0.1225 0.6874 0.7159
vn -0.6618 -0.3768 0.6482
vn -0.8268 -0.2554 0.5011
vn -0.9360 -0.1233 0.3298
vn 0.4835 0.1743 0.8578
vn 0.3870 0.1768 0.9050
vn 0.3898 0.4167 0.8212
vn 0.2982 0.4233 0.8555
vn 0.2651 0.6359 0.7248
vn 0.1869 0.6409 0.7446
vn 0.1171 0.8118 0.5720
vn 0.0620 0.8118 0.5806
vn -0.0417 0.9264 0.3741
vn -0.0660 0.9237 0.3773
vn 0.4321 -0.3335 0.8379
vn 0.5265 -0.3199 0.7877
vn 0.3877 -0.5651 0.7282
vn 0.4774 -0.5461 0.6883
vn 0.3172 -0.7584 0.5693
vn 0.3968 -0.7400 0.5431
vn 0.2252 -0.9005 0.3721
vn 0.2872 -0.8882 0.3585
vn 0.1181 -0.9817 0.1496
vn 0.1542 -0.9774 0.1444
vn 0.2549 0.1707 0.9518
vn 0.1822 0.4146 0.8916
vn 0.0970 0.6301 0.7705
vn 0.0055 0.8021 0.5971
vn -0.0858 0.9195 0.3836
vn 0.2994 -0.3384 0.8921
vn 0.2686 -0.5695 0.7769
vn 0.2197 -0.7620 0.6091
vn 0.1560 -0.9030 0.4003
vn 0.0817 -0.9830 0.1643
vn 0.1218 0.1663 0.9785
vn 0.0663 0.4073 0.9109
vn 0.0072 0.6202 0.7844
vn -0.0517 0.7928 0.6073
vn -0.1064 0.9148 0.3895
vn 0.1637 -0.3414 0.9256
vn 0.1469 -0.5722 0.8069
vn 0.1202 -0.7642 0.6337
vn 0.0853 -0.9046 0.4176
vn 0.0447 -0.9838 0.1734
vn -0.0106 0.1635 0.9865
vn -0.0480 0.4015 0.9146
vn -0.0814 0.6117 0.7869
vn -0.1085 0.7843 0.6109
vn -0.1275 0.9100 0.3945
vn 0.0272 -0.3426 0.9391
vn 0.0244 -0.5733 0.8190
vn 0.0200 -0.7651 0.6436
vn 0.0142 -0.9052 0.4247
vn 0.0074 -0.9842 0.1770
vn -0.1410 0.1624 0.9766
vn -0.1601 0.3972 0.9036
vn -0.1685 0.6045 0.7786
vn -0.1652 0.7764 0.6082
vn -0.1497 0.9050 0.3983
vn -0.1085 -0.3421 0.9334
vn -0.0973 -0.5728 0.8139
vn -0.0796 -0.7648 0.6394
vn -0.0565 -0.9050 0.4217
vn -0.0296 -0.9840 0.1754
vn -0.2684 0.1628 0.9494
vn -0.2695 0.3944 0.8785
vn -0.2538 0.5985 0.7599
vn -0.2217 0.7693 0.5992
vn -0.1733 0.8997 0.4005
vn -0.2420 -0.3399 0.9088
vn -0.2172 -0.5709 0.7918
vn -0.1777 -0.7631 0.6213
vn -0.1261 -0.9038 0.4089
vn -0.0661 -0.9834 0.1687
vn -0.3920 0.1648 0.9051
vn -0.3754 0.3930 0.8394
vn -0.3371 0.5938 0.7306
vn -0.2781 0.7629 0.5836
vn -0.1987 0.8944 0.4008
vn -0.3720 -0.3360 0.8653
vn -0.3338 -0.5674 0.7528
vn -0.2731 -0.7603 0.5894
vn -0.1939 -0.9018 0.3862
vn -0.1016 -0.9824 0.1569
vn -0.5104 0.1684 0.8433
vn -0.4772 0.3933 0.7859
vn -0.4180 0.5905 0.6903
vn -0.3343 0.7575 0.5608
vn -0.2261 0.8889 0.3985
vn -0.4968 -0.3304 0.8025
vn -0.4458 -0.5623 0.6965
vn -0.3647 -0.7562 0.5434
vn -0.2589 -0.8989 0.3536
vn -0.1357 -0.9808 0.1399
vn -0.6218 0.1738 0.7637
vn -0.5735 0.3952 0.7176
vn -0.4956 0.5889 0.6384
vn -0.3899 0.7531 0.5299
vn -0.2558 0.8835 0.3924
vn -0.6140 -0.3231 0.7201
vn -0.5510 -0.5557 0.6226
vn -0.4507 -0.7507 0.4829
vn -0.3201 -0.8950 0.3107
vn -0.1678 -0.9788 0.1175
vn -0.7236 0.1810 0.6660
vn -0.6627 0.3991 0.6337
vn -0.5691 0.5892 0.5735
vn -0.4449 0.7505 0.4888
vn -0.2891 0.8789 0.3794
vn -0.7204 -0.3140 0.6184
vn -0.6465 -0.5476 0.5312
vn -0.5289 -0.7441 0.4082
vn -0.3756 -0.8902 0.2577
vn -0.1969 -0.9763 0.0897
vn -0.8106 0.1900 0.5539
vn -0.8789 0.1999 0.4332
vn -0.7403 0.4051 0.5365
vn -0.8025 0.4125 0.4311
vn -0.6351 0.5918 0.4964
vn -0.6894 0.5964 0.4111
vn -0.4971 0.7500 0.4362
vn -0.5422 0.7518 0.3752
vn -0.3252 0.8761 0.3559
vn -0.3595 0.8754 0.3233
vn -0.8792 -0.2924 0.3760
vn -0.8101 -0.3036 0.5016
vn -0.7890 -0.5283 0.3138
vn -0.7269 -0.5383 0.4264
vn -0.6454 -0.7283 0.2303
vn -0.5947 -0.7365 0.3225
vn -0.4583 -0.8791 0.1313
vn -0.4223 -0.8849 0.1968
vn -0.2401 -0.9705 0.0234
vn -0.2213 -0.9735 0.0577
vn -0.9280 0.2108 0.3071
vn -0.8483 0.4215 0.3205
vn -0.7305 0.6030 0.3205
vn -0.5774 0.7558 0.3089
vn -0.3879 0.8765 0.2851
vn -0.9279 -0.2808 0.2452
vn -0.8327 -0.5178 0.1963
vn -0.6811 -0.7198 0.1342
vn -0.4836 -0.8730 0.0631
vn -0.2533 -0.9673 -0.0124
vn -0.9587 0.2224 0.1775
vn -0.8781 0.4317 0.2063
vn -0.7583 0.6114 0.2262
vn -0.6024 0.7617 0.2386
vn -0.4093 0.8795 0.2429
vn -0.9567 -0.2688 0.1111
vn -0.8585 -0.5071 0.0761
vn -0.7023 -0.7110 0.0358
vn -0.4986 -0.8668 -0.0068
vn -0.2611 -0.9641 -0.0490
vn -0.9710 0.2346 0.0459
vn -0.8920 0.4431 0.0897
vn -0.7727 0.6215 0.1293
vn -0.6168 0.7696 0.1654
vn -0.4234 0.8841 0.1975
vn -0.9662 -0.2568 -0.0243
vn -0.8670 -0.4963 -0.0455
vn -0.7092 -0.7022 -0.0636
vn -0.5035 -0.8605 -0.0774
vn -0.2637 -0.9608 -0.0859
vn -0.9651 0.2473 -0.0864
vn -0.8897 0.4556 -0.0283
vn -0.7734 0.6331 0.0307
vn -0.6201 0.7793 0.0904
vn -0.4296 0.8905 0.1501
vn -0.9563 -0.2447 -0.1597
vn -0.8582 -0.4855 -0.1670
vn -0.7020 -0.6933 -0.1630
vn -0.4984 -0.8543 -0.1479
vn -0.2610 -0.9575 -0.1229
vn -0.9405 0.2603 -0.2184
vn -0.8709 0.4691 -0.1466
vn -0.7600 0.6463 -0.0685
vn -0.6120 0.7907 0.0145
vn -0.4274 0.8983 0.1015
vn -0.9271 -0.2328 -0.2937
vn -0.8319 -0.4748 -0.2872
vn -0.6805 -0.6845 -0.2613
vn -0.4832 -0.8480 -0.2177
vn -0.2531 -0.9542 -0.1595
vn -0.8966 0.2735 -0.3484
vn -0.8347 0.4835 -0.2638
vn -0.7316 0.6609 -0.1673
vn -0.5917 0.8038 -0.0611
vn -0.4164 0.9076 0.0529
vn -0.8781 -0.2211 -0.4244
vn -0.7879 -0.4643 -0.4045
vn -0.6445 -0.6760 -0.3573
vn -0.4576 -0.8419 -0.2859
vn -0.2398 -0.9510 -0.1952
vn -0.8323 0.2868 -0.4744
vn -0.7800 0.4985 -0.3783
vn -0.6873 0.6768 -0.2639
vn -0.5585 0.8184 -0.1350
vn -0.3957 0.9183 0.0055
vn -0.8085 -0.2100 -0.5497
vn -0.7255 -0.4543 -0.5170
vn -0.5935 -0.6678 -0.4493
vn -0.4215 -0.8361 -0.3513
vn -0.2209 -0.9479 -0.2295
vn -0.7704 0.3006 -0.5622
vn -0.7258 0.5135 -0.4578
vn -0.6390 0.6966 -0.3263
vn -0.5147 0.8393 -0.1752
vn -0.3616 0.9322 -0.0152
vn -0.7425 -0.2042 -0.6379
vn -0.6672 -0.4459 -0.5967
vn -0.5448 -0.6628 -0.5137
vn -0.3847 -0.8341 -0.3953
vn -0.2025 -0.9459 -0.2534
vn 0.1252 -0.9830 0.1342
vn 0.1463 -0.9795 0.1383
vn 0.2560 -0.8999 0.3530
vn 0.2914 -0.8872 0.3577
vn 0.3722 -0.7513 0.5450
vn 0.4114 -0.7319 0.5432
vn 0.4605 -0.5526 0.6947
vn 0.4981 -0.5335 0.6836
vn 0.5147 -0.3220 0.7946
vn 0.5498 -0.3097 0.7758
vn 0.1131 -0.9844 0.1349
vn 0.2305 -0.9065 0.3538
vn 0.3371 -0.7641 0.5499
vn 0.4208 -0.5679 0.7074
vn 0.4737 -0.3334 0.8152
vn 0.1054 -0.9849 0.1372
vn 0.2128 -0.9093 0.3575
vn 0.3107 -0.7705 0.5565
vn 0.3886 -0.5763 0.7190
vn 0.4385 -0.3400 0.8319
vn 0.0994 -0.9852 0.1400
vn 0.1985 -0.9107 0.3623
vn 0.2883 -0.7738 0.5640
vn 0.3601 -0.5809 0.7299
vn 0.4066 -0.3440 0.8464
vn 0.0938 -0.9853 0.1428
vn 0.1855 -0.9113 0.3677
vn 0.2677 -0.7754 0.5719
vn 0.3333 -0.5833 0.7407
vn 0.3759 -0.3463 0.8595
vn 0.0882 -0.9854 0.1457
vn 0.1726 -0.9114 0.3735
vn 0.2473 -0.7758 0.5805
vn 0.3066 -0.5841 0.7516
vn 0.3449 -0.3473 0.8720
vn 0.0821 -0.9855 0.1488
vn 0.1589 -0.9111 0.3803
vn 0.2259 -0.7750 0.5903
vn 0.2783 -0.5831 0.7632
vn 0.3119 -0.3471 0.8844
vn 0.0750 -0.9854 0.1528
vn 0.1434 -0.9099 0.3891
vn 0.2018 -0.7722 0.6025
vn 0.2467 -0.5797 0.7765
vn 0.2751 -0.3451 0.8974
vn 0.0659 -0.9850 0.1594
vn 0.1243 -0.9068 0.4027
vn 0.1728 -0.7657 0.6195
vn 0.2090 -0.5721 0.7931
vn 0.2312 -0.3402 0.9115
vn 0.0555 -0.9838 0.1702
vn 0.1046 -0.9012 0.4207
vn 0.1450 -0.7560 0.6383
vn 0.1748 -0.5618 0.8086
vn 0.1928 -0.3340 0.9226
vn 0.0454 0.9333 0.3562
vn 0.0501 0.9357 0.3491
vn 0.1053 0.8108 0.5758
vn 0.0997 0.8091 0.5792
vn 0.1564 0.6345 0.7570
vn 0.1409 0.6279 0.7655
vn 0.1966 0.4169 0.8874
vn 0.1717 0.4079 0.8967
vn 0.2244 0.1720 0.9592
vn 0.1912 0.1650 0.9676
vn 0.0374 0.9296 0.3668
vn 0.1083 0.8098 0.5767
vn 0.1713 0.6380 0.7508
vn 0.2236 0.4234 0.8779
vn 0.2624 0.1777 0.9485
vn 0.0298 0.9270 0.3739
vn 0.1101 0.8089 0.5776
vn 0.1834 0.6397 0.7465
vn 0.2462 0.4269 0.8701
vn 0.2943 0.1809 0.9384
vn 0.0219 0.9255 0.3782
vn 0.1109 0.8086 0.5778
vn 0.1940 0.6409 0.7427
vn 0.2664 0.4290 0.8631
vn 0.3229 0.1828 0.9286
vn 0.0134 0.9249 0.3800
vn 0.1110 0.8093 0.5768
vn 0.2038 0.6422 0.7390
vn 0.2856 0.4302 0.8564
vn 0.3499 0.1839 0.9186
vn 0.0034 0.9252 0.3794
vn 0.1102 0.8110 0.5746
vn 0.2134 0.6437 0.7350
vn 0.3049 0.4308 0.8494
vn 0.3769 0.1841 0.9078
vn -0.0086 0.9264 0.3765
vn 0.1086 0.8135 0.5713
vn 0.2235 0.6452 0.7306
vn 0.3255 0.4305 0.8419
vn 0.4052 0.1834 0.8956
vn -0.0236 0.9284 0.3709
vn 0.1067 0.8167 0.5671
vn 0.2357 0.6459 0.7261
vn 0.3494 0.4281 0.8335
vn 0.4368 0.1810 0.8811
vn -0.0424 0.9310 0.3626
vn 0.1064 0.8197 0.5628
vn 0.2534 0.6440 0.7218
vn 0.3800 0.4214 0.8234
vn 0.4746 0.1754 0.8625
vn -0.0469 0.9308 0.3625
vn 0.1229 0.8149 0.5665
vn 0.2823 0.6326 0.7212
vn 0.4137 0.4083 0.8137
vn 0.5088 0.1673 0.8444
usemtl black_r
s 1
f 1895/1974/1302 1850/1975/1303 2129/1976/1304 2542/1977/1305 1853/1978/1306
f 2242/1979/1307 2263/1980/1308 2249/1981/1309 2179/1982/1310
f 1939/1983/1311 2012/1984/1312 2087/1985/1313 2049/1986/1314
f 1857/1987/1315 1849/1988/1316 1851/1989/1316 1930/1990/1317
f 2186/1991/1318 2319/1992/1319 2312/1993/1320 2193/1994/1321
f 1895/1995/1302 1853/1978/1306 2550/1996/1322 2171/1997/1323 2185/1998/1324 2192/1999/1325 2199/2000/1326 2206/2001/1327 2213/2002/1328 2220/2003/1329 2227/2004/1330 2234/2005/1331 2241/2006/1332 2178/2007/1333 2402/2008/1334 2409/2009/1335 2416/2010/1336 2423/2011/1337 2430/2012/1338 2437/2013/1339 2444/2014/1340 2451/2015/1341 2458/2016/1342 2395/2017/1343
f 2011/2018/1344 2151/2019/1345 2164/2020/1346 2085/2021/1347
f 1930/1990/1317 1851/1989/1316 2143/2022/1348 1976/2023/1349
f 2657/2024/1350 1855/2025/1351 3257/2026/1352 2129/1976/1304 1850/1975/1303
f 1849/1988/1316 2123/2027/1353 3186/2028/1354 1854/2029/1316 2621/2030/1355
f 2144/2031/1356 2150/2032/1357 2013/2033/1358 1974/2034/1359
f 2157/2035/1360 2050/2036/1361 2086/2037/1362 2165/2038/1363
f 2136/2039/1364 1937/2040/1365 2048/2041/1366 2158/2042/1367
f 2465/2043/1368 1852/2044/1316 1857/2045/1315 2325/2046/1369 2332/2047/1370 2339/2048/1371 2346/2049/1372 2353/2050/1373 2360/2051/1374 2367/2052/1375 2374/2053/1376 2381/2054/1377 2388/2055/1378 2248/2056/1379 2262/2057/1380 2269/2058/1381 2276/2059/1382 2283/2060/1383 2290/2061/1384 2297/2062/1385 2304/2063/1386 2311/2064/1387 2318/2065/1388 2255/2066/1389
f 1850/1975/1303 1895/2067/1302 1938/2068/1390 2137/2069/1391
f 1856/2070/1392 1893/2071/1393 2396/2072/1394 2326/2073/1395
f 2549/2074/1396 2466/2075/1397 2256/2076/1398 2172/2077/1399
f 2193/1994/1321 2312/1993/1320 2305/2078/1400 2200/2079/1401
f 2200/2079/1401 2305/2078/1400 2298/2080/1402 2207/2081/1403
f 2207/2081/1403 2298/2080/1402 2291/2082/1404 2214/2083/1405
f 2214/2083/1405 2291/2082/1404 2284/2084/1406 2221/2085/1407
f 2221/2085/1407 2284/2084/1406 2277/2086/1408 2228/2087/1409
f 2228/2087/1409 2277/2086/1408 2270/2088/1410 2235/2089/1411
f 2235/2089/1411 2270/2088/1410 2263/1980/1308 2242/1979/1307
f 2459/2090/1412 2333/2091/1413 2326/2073/1395 2396/2072/1394
f 2403/2092/1414 2179/1982/1310 2249/1981/1309 2389/2093/1415
f 2465/2043/1368 2480/2094/1416 1852/2044/1316
f 2403/2092/1414 2389/2093/1415 2382/2095/1417 2410/2096/1418
f 2410/2096/1418 2382/2095/1417 2375/2097/1419 2417/2098/1420
f 2417/2098/1420 2375/2097/1419 2368/2099/1421 2424/2100/1422
f 2424/2100/1422 2368/2099/1421 2361/2101/1423 2431/2102/1424
f 2431/2102/1424 2361/2101/1423 2354/2103/1425 2438/2104/1426
f 2438/2104/1426 2354/2103/1425 2347/2105/1427 2445/2106/1428
f 2445/2106/1428 2347/2105/1427 2340/2107/1429 2452/2108/1430
f 2452/2108/1430 2340/2107/1429 2333/2091/1413 2459/2090/1412
f 1939/2109/1311 1931/2110/1431 1975/2111/1432 2012/1984/1312
f 2612/2112/1433 2479/2113/1434 2466/2075/1397 2549/2074/1396
f 2598/2114/1435 2493/2115/1436 2486/2116/1437 2605/2117/1438
f 2591/2118/1439 2500/2119/1440 2493/2115/1436 2598/2114/1435
f 2584/2120/1441 2507/2121/1442 2500/2119/1440 2591/2118/1439
f 2577/2122/1443 2514/2123/1444 2507/2121/1442 2584/2120/1441
f 2570/2124/1445 2521/2125/1446 2514/2123/1444 2577/2122/1443
f 2563/2126/1447 2528/2127/1448 2521/2125/1446 2570/2124/1445
f 2556/2128/1449 2535/2129/1450 2528/2127/1448 2563/2126/1447
f 2542/2130/1305 2557/2131/1451 1853/1978/1306
f 2605/2117/1438 2486/2116/1437 2479/2113/1434 2612/2112/1433
f 2613/2132/1452 2550/1996/1322 1853/1978/1306
f 2564/2133/1453 2571/2134/1454 1853/1978/1306
f 2571/2134/1454 2578/2135/1455 1853/1978/1306
f 2578/2135/1455 2585/2136/1456 1853/1978/1306
f 2585/2136/1456 2592/2137/1457 1853/1978/1306
f 2592/2137/1457 2599/2138/1458 1853/1978/1306
f 2599/2138/1458 2606/2139/1459 1853/1978/1306
f 2606/2139/1459 2613/2132/1452 1853/1978/1306
f 2658/2140/1460 2701/2141/1461 2693/2142/1462 2620/2143/1463
f 2557/2131/1451 2564/2133/1453 1853/1978/1306
f 2536/2144/1464 2473/2145/1465 1852/2044/1316
f 2529/2146/1466 2536/2144/1464 1852/2044/1316
f 2522/2147/1467 2529/2146/1466 1852/2044/1316
f 2515/2148/1468 2522/2147/1467 1852/2044/1316
f 2508/2149/1469 2515/2148/1468 1852/2044/1316
f 2501/2150/1470 2508/2149/1469 1852/2044/1316
f 2494/2151/1471 2501/2150/1470 1852/2044/1316
f 2487/2152/1472 2494/2151/1471 1852/2044/1316
f 2480/2094/1416 2487/2152/1472 1852/2044/1316
f 2543/2153/1473 2472/2154/1474 2535/2129/1450 2556/2128/1449
f 1849/1988/1316 1857/2155/1315 1852/2044/1316 2473/2145/1465 2123/2027/1353
f 3180/2156/1475 2969/2157/1476 3032/2158/1477 3025/2159/1478 3018/2160/1479 3011/2161/1480 3004/2162/1481 2997/2163/1482 2990/2164/1483 2983/2165/1484 2976/2166/1485 2962/2167/1486 3102/2168/1487 3095/2169/1488 3088/2170/1489 3081/2171/1490 3074/2172/1491 3067/2173/1492 3060/2174/1493 3053/2175/1494 3046/2176/1495 3039/2177/1496 2621/2178/1355 1854/2029/1316
f 2956/2179/1497 2893/2180/1498 2963/2181/1499 2977/2182/1500
f 2694/2183/1501 2738/2184/1502 2143/2022/1348 1851/1989/1316
f 2621/2185/1355 2694/2183/1501 1851/1989/1316 1849/1988/1316
f 2900/2186/1503 2907/2187/1504 3026/2188/1505 3033/2189/1506
f 2136/2039/1364 2158/2042/1367 2811/2190/1507 2700/2191/1508
f 2774/2192/1509 2848/2193/1510 2164/2020/1346 2151/2019/1345
f 2701/2194/1461 2813/2195/1511 2849/2196/1512 2776/2197/1513
f 2472/2154/1474 2543/2153/1473 2130/2198/1514 2122/2199/1515
f 2172/2077/1399 2256/2076/1398 2319/1992/1319 2186/1991/1318
f 2886/2200/1516 2900/2186/1503 3033/2189/1506 2970/2201/1517
f 2157/2035/1360 2165/2038/1363 2850/2202/1518 2812/2203/1519
f 2144/2031/1356 2737/2204/1520 2775/2205/1521 2150/2032/1357
f 2619/2206/1522 3040/2207/1523 3110/2208/1524 2656/2209/1525
f 1850/1975/1303 2137/2069/1391 2702/2210/1526 2657/2211/1350
f 3187/2212/1527 2122/2199/1515 2130/2198/1514 3256/2213/1528
f 3264/2214/1529 2886/2200/1516 2970/2201/1517 3179/2215/1530
f 2907/2187/1504 2914/2216/1531 3019/2217/1532 3026/2188/1505
f 2914/2216/1531 2921/2218/1533 3012/2219/1534 3019/2217/1532
f 2921/2218/1533 2928/2220/1535 3005/2221/1536 3012/2219/1534
f 2928/2220/1535 2935/2222/1537 2998/2223/1538 3005/2221/1536
f 2935/2222/1537 2942/2224/1539 2991/2225/1540 2998/2223/1538
f 2942/2224/1539 2949/2226/1541 2984/2227/1542 2991/2225/1540
f 2949/2226/1541 2956/2179/1497 2977/2182/1500 2984/2227/1542
f 3173/2228/1543 3110/2208/1524 3040/2207/1523 3047/2229/1544
f 3117/2230/1545 3103/2231/1546 2963/2181/1499 2893/2180/1498
f 3180/2156/1475 1854/2029/1316 3193/2232/1547
f 3117/2230/1545 3124/2233/1548 3096/2234/1549 3103/2231/1546
f 3124/2233/1548 3131/2235/1550 3089/2236/1551 3096/2234/1549
f 3131/2235/1550 3138/2237/1552 3082/2238/1553 3089/2236/1551
f 3138/2237/1552 3145/2239/1554 3075/2240/1555 3082/2238/1553
f 3145/2239/1554 3152/2241/1556 3068/2242/1557 3075/2240/1555
f 3152/2241/1556 3159/2243/1558 3061/2244/1559 3068/2242/1557
f 3159/2243/1558 3166/2245/1560 3054/2246/1561 3061/2244/1559
f 3166/2245/1560 3173/2228/1543 3047/2229/1544 3054/2246/1561
f 2701/2141/1461 2776/2197/1513 2739/2247/1562 2693/2142/1462
f 3327/2248/1563 3264/2214/1529 3179/2215/1530 3194/2249/1564
f 3313/2250/1565 3320/2251/1566 3201/2252/1567 3208/2253/1568
f 3306/2254/1569 3313/2250/1565 3208/2253/1568 3215/2255/1570
f 3299/2256/1571 3306/2254/1569 3215/2255/1570 3222/2257/1572
f 3292/2258/1573 3299/2256/1571 3222/2257/1572 3229/2259/1574
f 3285/2260/1575 3292/2258/1573 3229/2259/1574 3236/2261/1576
f 3278/2262/1577 3285/2260/1575 3236/2261/1576 3243/2263/1578
f 3271/2264/1579 3278/2262/1577 3243/2263/1578 3250/2265/1580
f 3257/2266/1352 1855/2025/1351 3270/2267/1581
f 3320/2251/1566 3327/2248/1563 3194/2249/1564 3201/2252/1567
f 3326/2268/1582 1855/2025/1351 3263/2269/1583
f 3277/2270/1584 1855/2025/1351 3284/2271/1585
f 3284/2271/1585 1855/2025/1351 3291/2272/1586
f 3291/2272/1586 1855/2025/1351 3298/2273/1587
f 3298/2273/1587 1855/2025/1351 3305/2274/1588
f 3305/2274/1588 1855/2025/1351 3312/2275/1589
f 3312/2275/1589 1855/2025/1351 3319/2276/1590
f 3319/2276/1590 1855/2025/1351 3326/2268/1582
f 3270/2267/1581 1855/2025/1351 3277/2270/1584
f 3249/2277/1591 1854/2029/1316 3186/2028/1354
f 3242/2278/1592 1854/2029/1316 3249/2277/1591
f 3235/2279/1593 1854/2029/1316 3242/2278/1592
f 3228/2280/1594 1854/2029/1316 3235/2279/1593
f 3221/2281/1595 1854/2029/1316 3228/2280/1594
f 3214/2282/1596 1854/2029/1316 3221/2281/1595
f 3207/2283/1597 1854/2029/1316 3214/2282/1596
f 3200/2284/1598 1854/2029/1316 3207/2283/1597
f 3193/2232/1547 1854/2029/1316 3200/2284/1598
f 3256/2213/1528 3271/2264/1579 3250/2265/1580 3187/2212/1527
f 2657/2285/1350 3109/2286/1599 3172/2287/1600 3165/2288/1601 3158/2289/1602 3151/2290/1603 3144/2291/1604 3137/2292/1605 3130/2293/1606 3123/2294/1607 3116/2295/1608 2892/2296/1609 2955/2297/1610 2948/2298/1611 2941/2299/1612 2934/2300/1613 2927/2301/1614 2920/2302/1615 2913/2303/1616 2906/2304/1617 2899/2305/1618 2885/2306/1619 3263/2269/1583 1855/2025/1351
f 1856/2070/1392 1859/2307/1620 1863/2308/1621 1862/2309/1622
f 1859/2307/1620 1860/2310/1623 1864/2311/1624 1863/2308/1621
f 1860/2310/1623 1861/2312/1625 1865/2313/1626 1864/2311/1624
f 1862/2309/1622 1863/2308/1621 1867/2314/1627 1866/2315/1628
f 1863/2308/1621 1864/2311/1624 1868/2316/1629 1867/2314/1627
f 1864/2311/1624 1865/2313/1626 1869/2317/1630 1868/2316/1629
f 1866/2315/1628 1867/2314/1627 1888/2318/1631 1884/2319/1632
f 1867/2314/1627 1868/2316/1629 1892/2320/1633 1888/2318/1631
f 1868/2316/1629 1869/2317/1630 1870/2321/1634 1892/2320/1633
f 1857/1987/1315 1871/2322/1635 1875/2323/1636 1874/2324/1637
f 1871/2322/1635 1872/2325/1638 1876/2326/1639 1875/2323/1636
f 1872/2325/1638 1873/2327/1640 1877/2328/1641 1876/2326/1639
f 1874/2324/1637 1875/2323/1636 1879/2329/1642 1878/2330/1643
f 1875/2323/1636 1876/2326/1639 1880/2331/1644 1879/2329/1642
f 1876/2326/1639 1877/2328/1641 1881/2332/1645 1880/2331/1644
f 1878/2330/1643 1879/2329/1642 1865/2313/1626 1861/2333/1625
f 1879/2329/1642 1880/2331/1644 1869/2317/1630 1865/2313/1626
f 1880/2331/1644 1881/2332/1645 1870/2321/1634 1869/2317/1630
f 1858/2334/1646 1882/2335/1647 1886/2336/1648 1885/2337/1649
f 1882/2335/1647 1883/2338/1650 1887/2339/1651 1886/2336/1648
f 1883/2338/1650 1884/2319/1632 1888/2318/1631 1887/2339/1651
f 1885/2337/1649 1886/2336/1648 1890/2340/1652 1889/2341/1653
f 1886/2336/1648 1887/2339/1651 1891/2342/1654 1890/2340/1652
f 1887/2339/1651 1888/2318/1631 1892/2320/1633 1891/2342/1654
f 1889/2341/1653 1890/2340/1652 1877/2328/1641 1873/2327/1640
f 1890/2340/1652 1891/2342/1654 1881/2332/1645 1877/2328/1641
f 1891/2342/1654 1892/2320/1633 1870/2321/1634 1881/2332/1645
f 1893/2071/1393 1896/2343/1655 1900/2344/1656 1899/2345/1657
f 1896/2343/1655 1897/2346/1658 1901/2347/1659 1900/2344/1656
f 1897/2346/1658 1898/2348/1660 1902/2349/1661 1901/2347/1659
f 1899/2345/1657 1900/2344/1656 1904/2350/1662 1903/2351/1663
f 1900/2344/1656 1901/2347/1659 1905/2352/1664 1904/2350/1662
f 1901/2347/1659 1902/2349/1661 1906/2353/1665 1905/2352/1664
f 1903/2351/1663 1904/2350/1662 1925/2354/1666 1921/2355/1667
f 1904/2350/1662 1905/2352/1664 1929/2356/1668 1925/2354/1666
f 1905/2352/1664 1906/2353/1665 1907/2357/1669 1929/2356/1668
f 1894/2358/1670 1908/2359/1671 1912/2360/1672 1911/2361/1673
f 1908/2359/1671 1909/2362/1674 1913/2363/1675 1912/2360/1672
f 1909/2362/1674 1910/2364/1676 1914/2365/1677 1913/2363/1675
f 1911/2361/1673 1912/2360/1672 1916/2366/1678 1915/2367/1679
f 1912/2360/1672 1913/2363/1675 1917/2368/1680 1916/2366/1678
f 1913/2363/1675 1914/2365/1677 1918/2369/1681 1917/2368/1680
f 1915/2367/1679 1916/2366/1678 1902/2349/1661 1898/2348/1660
f 1916/2366/1678 1917/2368/1680 1906/2353/1665 1902/2349/1661
f 1917/2368/1680 1918/2369/1681 1907/2357/1669 1906/2353/1665
f 1895/1995/1302 1919/2370/1682 1923/2371/1683 1922/2372/1684
f 1919/2370/1682 1920/2373/1685 1924/2374/1686 1923/2371/1683
f 1920/2373/1685 1921/2355/1667 1925/2354/1666 1924/2374/1686
f 1922/2372/1684 1923/2371/1683 1927/2375/1687 1926/2376/1688
f 1923/2371/1683 1924/2374/1686 1928/2377/1689 1927/2375/1687
f 1924/2374/1686 1925/2354/1666 1929/2356/1668 1928/2377/1689
f 1926/2376/1688 1927/2375/1687 1914/2365/1677 1910/2378/1676
f 1927/2375/1687 1928/2377/1689 1918/2369/1681 1914/2365/1677
f 1928/2377/1689 1929/2356/1668 1907/2357/1669 1918/2369/1681
f 1937/2040/1365 1940/2379/1690 1944/2380/1691 1943/2381/1692
f 1940/2379/1690 1941/2382/1693 1945/2383/1694 1944/2380/1691
f 1941/2382/1693 1942/2384/1695 1946/2385/1696 1945/2383/1694
f 1943/2381/1692 1944/2380/1691 1948/2386/1697 1947/2387/1698
f 1944/2380/1691 1945/2383/1694 1949/2388/1699 1948/2386/1697
f 1945/2383/1694 1946/2385/1696 1950/2389/1700 1949/2388/1699
f 1947/2387/1701 1948/2386/1697 1969/2390/1702 1965/2391/1703
f 1948/2386/1697 1949/2388/1699 1973/2392/1704 1969/2390/1702
f 1949/2388/1699 1950/2389/1700 1951/2393/1705 1973/2392/1704
f 1938/2068/1390 1952/2394/1706 1956/2395/1707 1955/2396/1708
f 1952/2394/1706 1953/2397/1709 1957/2398/1710 1956/2395/1707
f 1953/2397/1711 1954/2399/1712 1958/2400/1713 1957/2398/1710
f 1955/2396/1708 1956/2395/1707 1960/2401/1714 1959/2402/1715
f 1956/2395/1707 1957/2398/1710 1961/2403/1716 1960/2401/1714
f 1957/2398/1710 1958/2400/1713 1962/2404/1717 1961/2403/1716
f 1959/2402/1715 1960/2401/1714 1946/2385/1696 1942/2384/1695
f 1960/2401/1714 1961/2403/1716 1950/2389/1700 1946/2385/1696
f 1961/2403/1716 1962/2404/1717 1951/2393/1705 1950/2389/1700
f 1939/1983/1718 1963/2405/1718 1967/2406/1719 1966/2407/1720
f 1963/2405/1721 1964/2408/1721 1968/2409/1721 1967/2406/1721
f 1964/2408/1722 1965/2391/1703 1969/2390/1702 1968/2409/1723
f 1966/2407/1720 1967/2406/1719 1971/2410/1724 1970/2411/1724
f 1967/2406/1725 1968/2409/1725 1972/2412/1726 1971/2410/1727
f 1968/2409/1723 1969/2390/1702 1973/2392/1704 1972/2412/1726
f 1970/2411/1728 1971/2410/1727 1958/2400/1713 1954/2399/1712
f 1971/2410/1727 1972/2412/1726 1962/2404/1717 1958/2400/1713
f 1972/2412/1726 1973/2392/1704 1951/2393/1705 1962/2404/1717
f 1974/2034/1359 1977/2413/1729 1981/2414/1730 1980/2415/1731
f 1977/2413/1729 1978/2416/1732 1982/2417/1733 1981/2414/1730
f 1978/2416/1732 1979/2418/1734 1983/2419/1735 1982/2417/1733
f 1980/2415/1731 1981/2414/1730 1985/2420/1736 1984/2421/1737
f 1981/2414/1730 1982/2417/1733 1986/2422/1738 1985/2420/1736
f 1982/2417/1733 1983/2419/1735 1987/2423/1739 1986/2422/1738
f 1984/2421/1737 1985/2420/1736 2006/2424/1740 2002/2425/1741
f 1985/2420/1736 1986/2422/1738 2010/2426/1742 2006/2424/1740
f 1986/2422/1738 1987/2423/1739 1988/2427/1743 2010/2426/1742
f 1975/2111/1432 1989/2428/1744 1993/2429/1745 1992/2430/1746
f 1989/2428/1744 1990/2431/1747 1994/2432/1748 1993/2429/1745
f 1990/2431/1747 1991/2433/1749 1995/2434/1750 1994/2432/1748
f 1992/2430/1746 1993/2429/1745 1997/2435/1751 1996/2436/1752
f 1993/2429/1745 1994/2432/1748 1998/2437/1753 1997/2435/1751
f 1994/2432/1748 1995/2434/1750 1999/2438/1754 1998/2437/1753
f 1996/2436/1752 1997/2435/1751 1983/2419/1735 1979/2418/1734
f 1997/2435/1751 1998/2437/1753 1987/2423/1739 1983/2419/1735
f 1998/2437/1753 1999/2438/1754 1988/2427/1743 1987/2423/1739
f 1976/2023/1349 2000/2439/1755 2004/2440/1756 2003/2441/1757
f 2000/2439/1755 2001/2442/1758 2005/2443/1759 2004/2440/1756
f 2001/2442/1758 2002/2444/1741 2006/2445/1740 2005/2443/1759
f 2003/2441/1757 2004/2440/1756 2008/2446/1760 2007/2447/1761
f 2004/2440/1756 2005/2443/1759 2009/2448/1762 2008/2446/1760
f 2005/2443/1759 2006/2445/1740 2010/2449/1742 2009/2448/1762
f 2007/2447/1761 2008/2446/1760 1995/2434/1750 1991/2433/1749
f 2008/2446/1760 2009/2448/1762 1999/2438/1754 1995/2434/1750
f 2009/2448/1762 2010/2449/1742 1988/2427/1743 1999/2438/1754
f 2011/2018/1344 2014/2450/1763 2018/2451/1764 2017/2452/1765
f 2014/2450/1763 2015/2453/1766 2019/2454/1767 2018/2451/1764
f 2015/2453/1766 2016/2455/1768 2020/2456/1769 2019/2454/1767
f 2017/2452/1765 2018/2451/1764 2022/2457/1770 2021/2458/1771
f 2018/2451/1764 2019/2454/1767 2023/2459/1772 2022/2457/1770
f 2019/2454/1767 2020/2456/1769 2024/2460/1773 2023/2459/1772
f 2021/2458/1771 2022/2457/1770 2043/2461/1774 2039/2462/1775
f 2022/2457/1770 2023/2459/1772 2047/2463/1776 2043/2461/1774
f 2023/2459/1772 2024/2460/1773 2025/2464/1777 2047/2463/1776
f 2012/1984/1312 2026/2465/1778 2030/2466/1779 2029/2467/1780
f 2026/2465/1778 2027/2468/1781 2031/2469/1782 2030/2466/1779
f 2027/2468/1781 2028/2470/1783 2032/2471/1784 2031/2469/1782
f 2029/2467/1780 2030/2466/1779 2034/2472/1785 2033/2473/1786
f 2030/2466/1779 2031/2469/1782 2035/2474/1787 2034/2472/1785
f 2031/2469/1782 2032/2471/1784 2036/2475/1788 2035/2474/1787
f 2033/2473/1786 2034/2472/1785 2020/2456/1769 2016/2476/1768
f 2034/2472/1785 2035/2474/1787 2024/2460/1773 2020/2456/1769
f 2035/2474/1787 2036/2475/1788 2025/2464/1777 2024/2460/1773
f 2013/2033/1358 2037/2477/1789 2041/2478/1790 2040/2479/1791
f 2037/2477/1789 2038/2480/1792 2042/2481/1793 2041/2478/1790
f 2038/2480/1792 2039/2462/1775 2043/2461/1774 2042/2481/1793
f 2040/2479/1791 2041/2478/1790 2045/2482/1794 2044/2483/1795
f 2041/2478/1790 2042/2481/1793 2046/2484/1796 2045/2482/1794
f 2042/2481/1793 2043/2461/1774 2047/2463/1776 2046/2484/1796
f 2044/2483/1795 2045/2482/1794 2032/2471/1784 2028/2470/1783
f 2045/2482/1794 2046/2484/1796 2036/2475/1788 2032/2471/1784
f 2046/2484/1796 2047/2463/1776 2025/2464/1777 2036/2475/1788
f 2048/2041/1366 2051/2485/1797 2055/2486/1798 2054/2487/1799
f 2051/2485/1797 2052/2488/1800 2056/2489/1801 2055/2486/1798
f 2052/2488/1800 2053/2490/1802 2057/2491/1803 2056/2489/1801
f 2054/2487/1799 2055/2486/1798 2059/2492/1804 2058/2493/1805
f 2055/2486/1798 2056/2489/1801 2060/2494/1806 2059/2492/1804
f 2056/2489/1801 2057/2491/1803 2061/2495/1807 2060/2494/1806
f 2058/2493/1805 2059/2492/1804 2080/2496/1808 2076/2497/1809
f 2059/2492/1804 2060/2494/1806 2084/2498/1810 2080/2496/1808
f 2060/2494/1806 2061/2495/1807 2062/2499/1811 2084/2498/1810
f 2049/1986/1314 2063/2500/1812 2067/2501/1813 2066/2502/1814
f 2063/2500/1812 2064/2503/1815 2068/2504/1816 2067/2501/1813
f 2064/2503/1815 2065/2505/1817 2069/2506/1818 2068/2504/1816
f 2066/2502/1814 2067/2501/1813 2071/2507/1819 2070/2508/1820
f 2067/2501/1813 2068/2504/1816 2072/2509/1821 2071/2507/1819
f 2068/2504/1816 2069/2506/1818 2073/2510/1822 2072/2509/1821
f 2070/2508/1820 2071/2507/1819 2057/2491/1803 2053/2490/1802
f 2071/2507/1819 2072/2509/1821 2061/2495/1807 2057/2491/1803
f 2072/2509/1821 2073/2510/1822 2062/2499/1811 2061/2495/1807
f 2050/2036/1361 2074/2511/1823 2078/2512/1824 2077/2513/1825
f 2074/2511/1823 2075/2514/1826 2079/2515/1827 2078/2512/1824
f 2075/2514/1826 2076/2497/1809 2080/2496/1808 2079/2515/1827
f 2077/2513/1825 2078/2512/1824 2082/2516/1828 2081/2517/1829
f 2078/2512/1824 2079/2515/1827 2083/2518/1830 2082/2516/1828
f 2079/2515/1827 2080/2496/1808 2084/2498/1810 2083/2518/1830
f 2081/2517/1829 2082/2516/1828 2069/2506/1818 2065/2505/1817
f 2082/2516/1828 2083/2518/1830 2073/2510/1822 2069/2506/1818
f 2083/2518/1830 2084/2498/1810 2062/2499/1811 2073/2510/1822
f 2085/2021/1347 2088/2519/1831 2092/2520/1832 2091/2521/1833
f 2088/2519/1831 2089/2522/1834 2093/2523/1835 2092/2520/1832
f 2089/2522/1834 2090/2524/1836 2094/2525/1837 2093/2523/1835
f 2091/2521/1833 2092/2520/1832 2096/2526/1838 2095/2527/1839
f 2092/2520/1832 2093/2523/1835 2097/2528/1840 2096/2526/1838
f 2093/2523/1835 2094/2525/1837 2098/2529/1841 2097/2528/1840
f 2095/2527/1839 2096/2526/1838 2117/2530/1842 2113/2531/1843
f 2096/2526/1838 2097/2528/1840 2121/2532/1844 2117/2530/1842
f 2097/2528/1840 2098/2529/1841 2099/2533/1845 2121/2532/1844
f 2086/2037/1362 2100/2534/1846 2104/2535/1847 2103/2536/1848
f 2100/2534/1846 2101/2537/1849 2105/2538/1850 2104/2535/1847
f 2101/2537/1849 2102/2539/1851 2106/2540/1852 2105/2538/1850
f 2103/2536/1848 2104/2535/1847 2108/2541/1853 2107/2542/1854
f 2104/2535/1847 2105/2538/1850 2109/2543/1855 2108/2541/1853
f 2105/2538/1850 2106/2540/1852 2110/2544/1856 2109/2543/1855
f 2107/2542/1854 2108/2541/1853 2094/2545/1857 2090/2546/1858
f 2108/2541/1853 2109/2543/1855 2098/2547/1859 2094/2545/1857
f 2109/2543/1855 2110/2544/1856 2099/2533/1845 2098/2547/1859
f 2087/1985/1313 2111/2548/1860 2115/2549/1861 2114/2550/1862
f 2111/2548/1860 2112/2551/1863 2116/2552/1864 2115/2549/1861
f 2112/2551/1863 2113/2531/1843 2117/2530/1842 2116/2552/1864
f 2114/2550/1862 2115/2549/1861 2119/2553/1865 2118/2554/1866
f 2115/2549/1861 2116/2552/1864 2120/2555/1867 2119/2553/1865
f 2116/2552/1864 2117/2530/1842 2121/2532/1844 2120/2555/1867
f 2118/2554/1866 2119/2553/1865 2106/2540/1852 2102/2539/1851
f 2119/2553/1865 2120/2555/1867 2110/2544/1856 2106/2540/1852
f 2120/2555/1867 2121/2532/1844 2099/2533/1845 2110/2544/1856
f 2619/2206/1522 2622/2556/1868 2626/2557/1869 2625/2558/1870
f 2622/2556/1868 2623/2559/1871 2627/2560/1872 2626/2557/1869
f 2623/2559/1871 2624/2561/1873 2628/2562/1874 2627/2560/1872
f 2625/2558/1870 2626/2557/1869 2630/2563/1875 2629/2564/1876
f 2626/2557/1869 2627/2560/1872 2631/2565/1877 2630/2563/1875
f 2627/2560/1872 2628/2562/1874 2632/2566/1878 2631/2565/1877
f 2629/2564/1876 2630/2563/1875 2651/2567/1879 2647/2568/1880
f 2630/2563/1875 2631/2565/1877 2655/2569/1881 2651/2567/1879
f 2631/2565/1877 2632/2566/1878 2633/2570/1882 2655/2569/1881
f 2620/2143/1463 2634/2571/1883 2638/2572/1884 2637/2573/1885
f 2634/2571/1883 2635/2574/1886 2639/2575/1887 2638/2572/1884
f 2635/2574/1886 2636/2576/1888 2640/2577/1889 2639/2575/1887
f 2637/2573/1885 2638/2572/1884 2642/2578/1890 2641/2579/1891
f 2638/2572/1884 2639/2575/1887 2643/2580/1892 2642/2578/1890
f 2639/2575/1887 2640/2577/1889 2644/2581/1893 2643/2580/1892
f 2641/2579/1891 2642/2578/1890 2628/2562/1874 2624/2561/1873
f 2642/2578/1890 2643/2580/1892 2632/2566/1878 2628/2562/1874
f 2643/2580/1892 2644/2581/1893 2633/2570/1882 2632/2566/1878
f 2621/2178/1355 2645/2582/1894 2649/2583/1895 2648/2584/1896
f 2645/2582/1894 2646/2585/1897 2650/2586/1898 2649/2583/1895
f 2646/2585/1897 2647/2568/1880 2651/2567/1879 2650/2586/1898
f 2648/2584/1896 2649/2583/1895 2653/2587/1899 2652/2588/1900
f 2649/2583/1895 2650/2586/1898 2654/2589/1901 2653/2587/1899
f 2650/2586/1898 2651/2567/1879 2655/2569/1881 2654/2589/1901
f 2652/2588/1900 2653/2587/1899 2640/2577/1889 2636/2590/1888
f 2653/2587/1899 2654/2589/1901 2644/2581/1893 2640/2577/1889
f 2654/2589/1901 2655/2569/1881 2633/2570/1882 2644/2581/1893
f 2656/2209/1525 2659/2591/1902 2663/2592/1903 2662/2593/1904
f 2659/2591/1902 2660/2594/1905 2664/2595/1906 2663/2592/1903
f 2660/2594/1905 2661/2596/1907 2665/2597/1908 2664/2595/1906
f 2662/2593/1904 2663/2592/1903 2667/2598/1909 2666/2599/1910
f 2663/2592/1903 2664/2595/1906 2668/2600/1911 2667/2598/1909
f 2664/2595/1906 2665/2597/1908 2669/2601/1912 2668/2600/1911
f 2666/2599/1910 2667/2598/1909 2688/2602/1913 2684/2603/1914
f 2667/2598/1909 2668/2600/1911 2692/2604/1915 2688/2602/1913
f 2668/2600/1911 2669/2601/1912 2670/2605/1916 2692/2604/1915
f 2657/2211/1350 2671/2606/1917 2675/2607/1918 2674/2608/1919
f 2671/2606/1917 2672/2609/1920 2676/2610/1921 2675/2607/1918
f 2672/2609/1920 2673/2611/1922 2677/2612/1923 2676/2610/1921
f 2674/2608/1919 2675/2607/1918 2679/2613/1924 2678/2614/1925
f 2675/2607/1918 2676/2610/1921 2680/2615/1926 2679/2613/1924
f 2676/2610/1921 2677/2612/1923 2681/2616/1927 2680/2615/1926
f 2678/2614/1925 2679/2613/1924 2665/2597/1908 2661/2617/1907
f 2679/2613/1924 2680/2615/1926 2669/2601/1912 2665/2597/1908
f 2680/2615/1926 2681/2616/1927 2670/2605/1916 2669/2601/1912
f 2658/2140/1460 2682/2618/1928 2686/2619/1929 2685/2620/1930
f 2682/2618/1928 2683/2621/1931 2687/2622/1932 2686/2619/1929
f 2683/2621/1931 2684/2603/1914 2688/2602/1913 2687/2622/1932
f 2685/2620/1930 2686/2619/1929 2690/2623/1933 2689/2624/1934
f 2686/2619/1929 2687/2622/1932 2691/2625/1935 2690/2623/1933
f 2687/2622/1932 2688/2602/1913 2692/2604/1915 2691/2625/1935
f 2689/2624/1934 2690/2623/1933 2677/2612/1923 2673/2611/1922
f 2690/2623/1933 2691/2625/1935 2681/2616/1927 2677/2612/1923
f 2691/2625/1935 2692/2604/1915 2670/2605/1916 2681/2616/1927
f 2700/2191/1508 2703/2626/1936 2707/2627/1937 2706/2628/1938
f 2703/2626/1936 2704/2629/1939 2708/2630/1940 2707/2627/1937
f 2704/2629/1941 2705/2631/1942 2709/2632/1943 2708/2630/1940
f 2706/2628/1938 2707/2627/1937 2711/2633/1944 2710/2634/1945
f 2707/2627/1937 2708/2630/1940 2712/2635/1946 2711/2633/1944
f 2708/2630/1940 2709/2632/1943 2713/2636/1947 2712/2635/1946
f 2710/2634/1945 2711/2633/1944 2732/2637/1948 2728/2638/1949
f 2711/2633/1944 2712/2635/1946 2736/2639/1950 2732/2637/1948
f 2712/2635/1946 2713/2636/1947 2714/2640/1951 2736/2639/1950
f 2701/2141/1952 2715/2641/1952 2719/2642/1953 2718/2643/1954
f 2715/2641/1955 2716/2644/1955 2720/2645/1955 2719/2642/1955
f 2716/2644/1956 2717/2646/1957 2721/2647/1958 2720/2645/1959
f 2718/2643/1954 2719/2642/1953 2723/2648/1960 2722/2649/1960
f 2719/2642/1961 2720/2645/1961 2724/2650/1962 2723/2648/1963
f 2720/2645/1959 2721/2647/1958 2725/2651/1964 2724/2650/1962
f 2722/2649/1965 2723/2648/1963 2709/2632/1943 2705/2631/1942
f 2723/2648/1963 2724/2650/1962 2713/2636/1947 2709/2632/1943
f 2724/2650/1962 2725/2651/1964 2714/2640/1951 2713/2636/1947
f 2702/2210/1526 2726/2652/1966 2730/2653/1967 2729/2654/1968
f 2726/2652/1966 2727/2655/1969 2731/2656/1970 2730/2653/1967
f 2727/2655/1969 2728/2638/1949 2732/2637/1948 2731/2656/1970
f 2729/2654/1968 2730/2653/1967 2734/2657/1971 2733/2658/1972
f 2730/2653/1967 2731/2656/1970 2735/2659/1973 2734/2657/1971
f 2731/2656/1970 2732/2637/1948 2736/2639/1950 2735/2659/1973
f 2733/2658/1974 2734/2657/1971 2721/2647/1958 2717/2646/1957
f 2734/2657/1971 2735/2659/1973 2725/2651/1964 2721/2647/1958
f 2735/2659/1973 2736/2639/1950 2714/2640/1951 2725/2651/1964
f 2737/2204/1520 2740/2660/1975 2744/2661/1976 2743/2662/1977
f 2740/2660/1975 2741/2663/1978 2745/2664/1979 2744/2661/1976
f 2741/2663/1978 2742/2665/1980 2746/2666/1981 2745/2664/1979
f 2743/2662/1977 2744/2661/1976 2748/2667/1982 2747/2668/1983
f 2744/2661/1976 2745/2664/1979 2749/2669/1984 2748/2667/1982
f 2745/2664/1979 2746/2666/1981 2750/2670/1985 2749/2669/1984
f 2747/2668/1983 2748/2667/1982 2769/2671/1986 2765/2672/1987
f 2748/2667/1982 2749/2669/1984 2773/2673/1988 2769/2671/1986
f 2749/2669/1984 2750/2670/1985 2751/2674/1989 2773/2673/1988
f 2738/2184/1502 2752/2675/1990 2756/2676/1991 2755/2677/1992
f 2752/2675/1990 2753/2678/1993 2757/2679/1994 2756/2676/1991
f 2753/2678/1993 2754/2680/1995 2758/2681/1996 2757/2679/1994
f 2755/2677/1992 2756/2676/1991 2760/2682/1997 2759/2683/1998
f 2756/2676/1991 2757/2679/1994 2761/2684/1999 2760/2682/1997
f 2757/2679/1994 2758/2681/1996 2762/2685/2000 2761/2684/1999
f 2759/2683/1998 2760/2682/1997 2746/2686/1981 2742/2687/1980
f 2760/2682/1997 2761/2684/1999 2750/2688/1985 2746/2686/1981
f 2761/2684/1999 2762/2685/2000 2751/2674/1989 2750/2688/1985
f 2739/2247/1562 2763/2689/2001 2767/2690/2002 2766/2691/2003
f 2763/2689/2001 2764/2692/2004 2768/2693/2005 2767/2690/2002
f 2764/2692/2004 2765/2672/1987 2769/2671/1986 2768/2693/2005
f 2766/2691/2003 2767/2690/2002 2771/2694/2006 2770/2695/2007
f 2767/2690/2002 2768/2693/2005 2772/2696/2008 2771/2694/2006
f 2768/2693/2005 2769/2671/1986 2773/2673/1988 2772/2696/2008
f 2770/2695/2007 2771/2694/2006 2758/2681/1996 2754/2680/1995
f 2771/2694/2006 2772/2696/2008 2762/2685/2000 2758/2681/1996
f 2772/2696/2008 2773/2673/1988 2751/2674/1989 2762/2685/2000
f 2774/2192/1509 2777/2697/2009 2781/2698/2010 2780/2699/2011
f 2777/2697/2009 2778/2700/2012 2782/2701/2013 2781/2698/2010
f 2778/2700/2012 2779/2702/2014 2783/2703/2015 2782/2701/2013
f 2780/2699/2011 2781/2698/2010 2785/2704/2016 2784/2705/2017
f 2781/2698/2010 2782/2701/2013 2786/2706/2018 2785/2704/2016
f 2782/2701/2013 2783/2703/2015 2787/2707/2019 2786/2706/2018
f 2784/2705/2017 2785/2704/2016 2806/2708/2020 2802/2709/2021
f 2785/2704/2016 2786/2706/2018 2810/2710/2022 2806/2708/2020
f 2786/2706/2018 2787/2707/2019 2788/2711/2023 2810/2710/2022
f 2775/2205/1521 2789/2712/2024 2793/2713/2025 2792/2714/2026
f 2789/2712/2024 2790/2715/2027 2794/2716/2028 2793/2713/2025
f 2790/2715/2027 2791/2717/2029 2795/2718/2030 2794/2716/2028
f 2792/2714/2026 2793/2713/2025 2797/2719/2031 2796/2720/2032
f 2793/2713/2025 2794/2716/2028 2798/2721/2033 2797/2719/2031
f 2794/2716/2028 2795/2718/2030 2799/2722/2034 2798/2721/2033
f 2796/2720/2032 2797/2719/2031 2783/2703/2015 2779/2702/2014
f 2797/2719/2031 2798/2721/2033 2787/2707/2019 2783/2703/2015
f 2798/2721/2033 2799/2722/2034 2788/2711/2023 2787/2707/2019
f 2776/2197/1513 2800/2723/2035 2804/2724/2036 2803/2725/2037
f 2800/2723/2035 2801/2726/2038 2805/2727/2039 2804/2724/2036
f 2801/2726/2038 2802/2709/2021 2806/2708/2020 2805/2727/2039
f 2803/2725/2037 2804/2724/2036 2808/2728/2040 2807/2729/2041
f 2804/2724/2036 2805/2727/2039 2809/2730/2042 2808/2728/2040
f 2805/2727/2039 2806/2708/2020 2810/2710/2022 2809/2730/2042
f 2807/2729/2041 2808/2728/2040 2795/2718/2030 2791/2731/2029
f 2808/2728/2040 2809/2730/2042 2799/2722/2034 2795/2718/2030
f 2809/2730/2042 2810/2710/2022 2788/2711/2023 2799/2722/2034
f 2811/2190/1507 2814/2732/2043 2818/2733/2044 2817/2734/2045
f 2814/2732/2043 2815/2735/2046 2819/2736/2047 2818/2733/2044
f 2815/2735/2046 2816/2737/2048 2820/2738/2049 2819/2736/2047
f 2817/2734/2045 2818/2733/2044 2822/2739/2050 2821/2740/2051
f 2818/2733/2044 2819/2736/2047 2823/2741/2052 2822/2739/2050
f 2819/2736/2047 2820/2738/2049 2824/2742/2053 2823/2741/2052
f 2821/2740/2051 2822/2739/2050 2843/2743/2054 2839/2744/2055
f 2822/2739/2050 2823/2741/2052 2847/2745/2056 2843/2743/2054
f 2823/2741/2052 2824/2742/2053 2825/2746/2057 2847/2745/2056
f 2812/2203/1519 2826/2747/2058 2830/2748/2059 2829/2749/2060
f 2826/2747/2058 2827/2750/2061 2831/2751/2062 2830/2748/2059
f 2827/2750/2061 2828/2752/2063 2832/2753/2064 2831/2751/2062
f 2829/2749/2060 2830/2748/2059 2834/2754/2065 2833/2755/2066
f 2830/2748/2059 2831/2751/2062 2835/2756/2067 2834/2754/2065
f 2831/2751/2062 2832/2753/2064 2836/2757/2068 2835/2756/2067
f 2833/2755/2066 2834/2754/2065 2820/2738/2049 2816/2737/2048
f 2834/2754/2065 2835/2756/2067 2824/2742/2053 2820/2738/2049
f 2835/2756/2067 2836/2757/2068 2825/2746/2057 2824/2742/2053
f 2813/2195/1511 2837/2758/2069 2841/2759/2070 2840/2760/2071
f 2837/2758/2069 2838/2761/2072 2842/2762/2073 2841/2759/2070
f 2838/2761/2072 2839/2744/2055 2843/2743/2054 2842/2762/2073
f 2840/2760/2071 2841/2759/2070 2845/2763/2074 2844/2764/2075
f 2841/2759/2070 2842/2762/2073 2846/2765/2076 2845/2763/2074
f 2842/2762/2073 2843/2743/2054 2847/2745/2056 2846/2765/2076
f 2844/2764/2075 2845/2763/2074 2832/2753/2064 2828/2752/2063
f 2845/2763/2074 2846/2765/2076 2836/2757/2068 2832/2753/2064
f 2846/2765/2076 2847/2745/2056 2825/2746/2057 2836/2757/2068
f 2848/2193/1510 2851/2766/2077 2855/2767/2078 2854/2768/2079
f 2851/2766/2077 2852/2769/2080 2856/2770/2081 2855/2767/2078
f 2852/2769/2080 2853/2771/2082 2857/2772/2083 2856/2770/2081
f 2854/2768/2079 2855/2767/2078 2859/2773/2084 2858/2774/2085
f 2855/2767/2078 2856/2770/2081 2860/2775/2086 2859/2773/2084
f 2856/2770/2081 2857/2772/2083 2861/2776/2087 2860/2775/2086
f 2858/2774/2085 2859/2773/2084 2880/2777/2088 2876/2778/2089
f 2859/2773/2084 2860/2775/2086 2884/2779/2090 2880/2777/2088
f 2860/2775/2086 2861/2776/2087 2862/2780/2091 2884/2779/2090
f 2849/2196/1512 2863/2781/2092 2867/2782/2093 2866/2783/2094
f 2863/2781/2092 2864/2784/2095 2868/2785/2096 2867/2782/2093
f 2864/2784/2095 2865/2786/2097 2869/2787/2098 2868/2785/2096
f 2866/2783/2094 2867/2782/2093 2871/2788/2099 2870/2789/2100
f 2867/2782/2093 2868/2785/2096 2872/2790/2101 2871/2788/2099
f 2868/2785/2096 2869/2787/2098 2873/2791/2102 2872/2790/2101
f 2870/2789/2100 2871/2788/2099 2857/2772/2083 2853/2771/2082
f 2871/2788/2099 2872/2790/2101 2861/2776/2087 2857/2772/2083
f 2872/2790/2101 2873/2791/2102 2862/2780/2091 2861/2776/2087
f 2850/2202/1518 2874/2792/2103 2878/2793/2104 2877/2794/2105
f 2874/2792/2103 2875/2795/2106 2879/2796/2107 2878/2793/2104
f 2875/2795/2106 2876/2797/2108 2880/2798/2109 2879/2796/2107
f 2877/2794/2105 2878/2793/2104 2882/2799/2110 2881/2800/2111
f 2878/2793/2104 2879/2796/2107 2883/2801/2112 2882/2799/2110
f 2879/2796/2107 2880/2798/2109 2884/2802/2113 2883/2801/2112
f 2881/2800/2111 2882/2799/2110 2869/2787/2098 2865/2786/2097
f 2882/2799/2110 2883/2801/2112 2873/2791/2102 2869/2787/2098
f 2883/2801/2112 2884/2802/2113 2862/2780/2091 2873/2791/2102
f 1893/2071/1393 1856/2070/1392 1862/2309/1622 1896/2343/1655
f 1896/2343/1655 1862/2309/1622 1866/2315/1628 1897/2346/1658
f 1897/2346/1658 1866/2315/1628 1884/2319/1632 1898/2348/1660
f 1898/2348/1660 1884/2319/1632 1883/2338/1650 1915/2367/1679
f 1915/2367/1679 1883/2338/1650 1882/2335/1647 1911/2361/1673
f 1911/2361/1673 1882/2335/1647 1858/2334/1646 1894/2358/1670
f 2137/2069/1391 1938/2068/1390 1955/2396/1708 2142/2803/2114
f 2142/2803/2114 1955/2396/1708 1959/2402/2115 2141/2804/2116
f 2141/2804/2116 1959/2402/2115 1942/2384/2117 2140/2805/2118
f 2140/2805/2118 1942/2384/2117 1941/2382/2119 2139/2806/2120
f 2139/2806/2120 1941/2382/2119 1940/2379/1690 2138/2807/2121
f 2138/2807/2121 1940/2379/1690 1937/2040/1365 2136/2039/1364
f 1857/1987/1315 1930/1990/1317 1932/2808/2122 1871/2322/1635
f 1871/2322/1635 1932/2808/2122 1933/2809/2123 1872/2325/1638
f 1872/2325/1638 1933/2809/2123 1934/2810/2124 1873/2327/1640
f 1873/2327/1640 1934/2810/2124 1935/2811/2125 1889/2341/1653
f 1889/2341/1653 1935/2811/2125 1936/2812/2126 1885/2337/1649
f 1885/2337/1649 1936/2812/2126 1931/2110/1431 1858/2334/1646
f 1938/2068/1390 1895/2067/1302 1922/2813/1684 1952/2394/1706
f 1952/2394/1706 1922/2813/1684 1926/2814/1688 1953/2397/1709
f 1953/2397/1709 1926/2814/1688 1910/2364/1676 1954/2399/2127
f 1954/2399/2127 1910/2364/1676 1909/2362/1674 1970/2815/2128
f 1970/2815/2128 1909/2362/1674 1908/2359/1671 1966/2816/2129
f 1966/2816/2129 1908/2359/1671 1894/2358/1670 1939/2109/1311
f 2151/2019/1345 2011/2018/1344 2017/2452/1765 2156/2817/2130
f 2156/2817/2130 2017/2452/1765 2021/2458/1771 2155/2818/2131
f 2155/2818/2131 2021/2458/1771 2039/2462/1775 2154/2819/2132
f 2154/2819/2132 2039/2462/1775 2038/2480/1792 2153/2820/2133
f 2153/2820/2133 2038/2480/1792 2037/2477/1789 2152/2821/2134
f 2152/2821/2134 2037/2477/1789 2013/2033/1358 2150/2032/1357
f 2012/1984/1312 1975/2111/1432 1992/2430/1746 2026/2465/1778
f 2026/2465/1778 1992/2430/1746 1996/2436/1752 2027/2468/1781
f 2027/2468/1781 1996/2436/1752 1979/2418/1734 2028/2470/1783
f 2028/2470/1783 1979/2418/1734 1978/2416/1732 2044/2483/1795
f 2044/2483/1795 1978/2416/1732 1977/2413/1729 2040/2479/1791
f 2040/2479/1791 1977/2413/1729 1974/2034/1359 2013/2033/1358
f 1930/1990/1317 1976/2023/1349 2003/2441/1757 1932/2808/2122
f 1932/2808/2122 2003/2441/1757 2007/2447/1761 1933/2809/2123
f 1933/2809/2123 2007/2447/1761 1991/2433/1749 1934/2810/2124
f 1934/2810/2124 1991/2433/1749 1990/2431/1747 1935/2811/2125
f 1935/2811/2125 1990/2431/1747 1989/2428/1744 1936/2812/2126
f 1936/2812/2126 1989/2428/1744 1975/2111/1432 1931/2110/1431
f 2158/2042/1367 2048/2041/1366 2054/2487/1799 2163/2822/2135
f 2163/2822/2135 2054/2487/1799 2058/2493/1805 2162/2823/2136
f 2162/2823/2136 2058/2493/1805 2076/2497/1809 2161/2824/2137
f 2161/2824/2137 2076/2497/1809 2075/2514/1826 2160/2825/2138
f 2160/2825/2138 2075/2514/1826 2074/2511/1823 2159/2826/2139
f 2159/2826/2139 2074/2511/1823 2050/2036/1361 2157/2035/1360
f 2165/2038/1363 2086/2037/1362 2103/2536/1848 2170/2827/2140
f 2170/2827/2140 2103/2536/1848 2107/2542/1854 2169/2828/2141
f 2169/2828/2141 2107/2542/1854 2090/2546/2142 2168/2829/2143
f 2168/2830/2144 2090/2524/2145 2089/2522/1834 2167/2831/2146
f 2167/2831/2146 2089/2522/1834 2088/2519/1831 2166/2832/2147
f 2166/2832/2147 2088/2519/1831 2085/2021/1347 2164/2020/1346
f 2049/1986/1314 2087/1985/1313 2114/2550/1862 2063/2500/1812
f 2063/2500/1812 2114/2550/1862 2118/2554/1866 2064/2503/1815
f 2064/2503/1815 2118/2554/1866 2102/2539/1851 2065/2505/1817
f 2065/2505/1817 2102/2539/1851 2101/2537/1849 2081/2517/1829
f 2081/2517/1829 2101/2537/1849 2100/2534/1846 2077/2513/1825
f 2077/2513/1825 2100/2534/1846 2086/2037/1362 2050/2036/1361
f 1939/1983/1311 2049/1986/1314 2066/2502/1814 1963/2405/2148
f 1963/2405/2148 2066/2502/1814 2070/2508/1820 1964/2408/2149
f 1964/2408/2149 2070/2508/1820 2053/2490/1802 1965/2391/2150
f 1965/2391/2150 2053/2490/1802 2052/2488/1800 1947/2387/1698
f 1947/2387/1698 2052/2488/1800 2051/2485/1797 1943/2381/1692
f 1943/2381/1692 2051/2485/1797 2048/2041/1366 1937/2040/1365
f 2011/2018/1344 2085/2021/1347 2091/2521/1833 2014/2450/1763
f 2014/2450/1763 2091/2521/1833 2095/2527/1839 2015/2453/1766
f 2015/2453/1766 2095/2527/1839 2113/2531/1843 2016/2455/1768
f 2016/2455/1768 2113/2531/1843 2112/2551/1863 2033/2833/1786
f 2033/2833/1786 2112/2551/1863 2111/2548/1860 2029/2834/1780
f 2029/2834/1780 2111/2548/1860 2087/1985/1313 2012/1984/1312
f 1976/2023/1349 2143/2022/1348 2145/2835/2151 2000/2439/1755
f 2000/2439/1755 2145/2835/2151 2146/2836/2152 2001/2442/1758
f 2001/2442/1758 2146/2836/2152 2147/2837/2153 2002/2444/1741
f 2002/2425/1741 2147/2838/2153 2148/2839/2154 1984/2421/1737
f 1984/2421/1737 2148/2839/2154 2149/2840/2155 1980/2415/1731
f 1980/2415/1731 2149/2840/2155 2144/2031/1356 1974/2034/1359
f 2185/1998/1324 2171/1997/1323 2173/2841/2156 2187/2842/2157
f 2187/2842/2157 2173/2841/2156 2174/2843/2158 2188/2844/2159
f 2188/2844/2159 2174/2843/2158 2175/2845/2160 2189/2846/2161
f 2189/2846/2161 2175/2845/2160 2176/2847/2162 2190/2848/2163
f 2190/2848/2163 2176/2847/2162 2177/2849/2164 2191/2850/2165
f 2191/2850/2165 2177/2849/2164 2172/2077/1399 2186/1991/1318
f 2255/2066/1389 2318/2065/1388 2320/2851/2166 2257/2852/2167
f 2257/2852/2167 2320/2851/2166 2321/2853/2168 2258/2854/2169
f 2258/2854/2169 2321/2853/2168 2322/2855/2170 2259/2856/2171
f 2259/2856/2171 2322/2855/2170 2323/2857/2172 2260/2858/2173
f 2260/2858/2173 2323/2857/2172 2324/2859/2174 2261/2860/2175
f 2261/2860/2175 2324/2859/2174 2319/1992/1319 2256/2076/1398
f 2192/1999/1325 2185/1998/1324 2187/2842/2157 2194/2861/2176
f 2194/2861/2176 2187/2842/2157 2188/2844/2159 2195/2862/2177
f 2195/2862/2177 2188/2844/2159 2189/2846/2161 2196/2863/2178
f 2196/2863/2178 2189/2846/2161 2190/2848/2163 2197/2864/2179
f 2197/2864/2179 2190/2848/2163 2191/2850/2165 2198/2865/2180
f 2198/2865/2180 2191/2850/2165 2186/1991/1318 2193/1994/1321
f 2318/2065/1388 2311/2064/1387 2313/2866/2181 2320/2851/2166
f 2320/2851/2166 2313/2866/2181 2314/2867/2182 2321/2853/2168
f 2321/2853/2168 2314/2867/2182 2315/2868/2183 2322/2855/2170
f 2322/2855/2170 2315/2868/2183 2316/2869/2184 2323/2857/2172
f 2323/2857/2172 2316/2869/2184 2317/2870/2185 2324/2859/2174
f 2324/2859/2174 2317/2870/2185 2312/1993/1320 2319/1992/1319
f 2199/2000/1326 2192/1999/1325 2194/2861/2176 2201/2871/2186
f 2201/2871/2186 2194/2861/2176 2195/2862/2177 2202/2872/2187
f 2202/2872/2187 2195/2862/2177 2196/2863/2178 2203/2873/2188
f 2203/2873/2188 2196/2863/2178 2197/2864/2179 2204/2874/2189
f 2204/2874/2189 2197/2864/2179 2198/2865/2180 2205/2875/2190
f 2205/2875/2190 2198/2865/2180 2193/1994/1321 2200/2079/1401
f 2311/2064/1387 2304/2063/1386 2306/2876/2191 2313/2866/2181
f 2313/2866/2181 2306/2876/2191 2307/2877/2192 2314/2867/2182
f 2314/2867/2182 2307/2877/2192 2308/2878/2193 2315/2868/2183
f 2315/2868/2183 2308/2878/2193 2309/2879/2194 2316/2869/2184
f 2316/2869/2184 2309/2879/2194 2310/2880/2195 2317/2870/2185
f 2317/2870/2185 2310/2880/2195 2305/2078/1400 2312/1993/1320
f 2206/2001/1327 2199/2000/1326 2201/2871/2186 2208/2881/2196
f 2208/2881/2196 2201/2871/2186 2202/2872/2187 2209/2882/2197
f 2209/2882/2197 2202/2872/2187 2203/2873/2188 2210/2883/2198
f 2210/2883/2198 2203/2873/2188 2204/2874/2189 2211/2884/2199
f 2211/2884/2199 2204/2874/2189 2205/2875/2190 2212/2885/2200
f 2212/2885/2200 2205/2875/2190 2200/2079/1401 2207/2081/1403
f 2304/2063/1386 2297/2062/1385 2299/2886/2201 2306/2876/2191
f 2306/2876/2191 2299/2886/2201 2300/2887/2202 2307/2877/2192
f 2307/2877/2192 2300/2887/2202 2301/2888/2203 2308/2878/2193
f 2308/2878/2193 2301/2888/2203 2302/2889/2204 2309/2879/2194
f 2309/2879/2194 2302/2889/2204 2303/2890/2205 2310/2880/2195
f 2310/2880/2195 2303/2890/2205 2298/2080/1402 2305/2078/1400
f 2213/2002/1328 2206/2001/1327 2208/2881/2196 2215/2891/2206
f 2215/2891/2206 2208/2881/2196 2209/2882/2197 2216/2892/2207
f 2216/2892/2207 2209/2882/2197 2210/2883/2198 2217/2893/2208
f 2217/2893/2208 2210/2883/2198 2211/2884/2199 2218/2894/2209
f 2218/2894/2209 2211/2884/2199 2212/2885/2200 2219/2895/2210
f 2219/2895/2210 2212/2885/2200 2207/2081/1403 2214/2083/1405
f 2297/2062/1385 2290/2061/1384 2292/2896/2211 2299/2886/2201
f 2299/2886/2201 2292/2896/2211 2293/2897/2212 2300/2887/2202
f 2300/2887/2202 2293/2897/2212 2294/2898/2213 2301/2888/2203
f 2301/2888/2203 2294/2898/2213 2295/2899/2214 2302/2889/2204
f 2302/2889/2204 2295/2899/2214 2296/2900/2215 2303/2890/2205
f 2303/2890/2205 2296/2900/2215 2291/2082/1404 2298/2080/1402
f 2220/2003/1329 2213/2002/1328 2215/2891/2206 2222/2901/2216
f 2222/2901/2216 2215/2891/2206 2216/2892/2207 2223/2902/2217
f 2223/2902/2217 2216/2892/2207 2217/2893/2208 2224/2903/2218
f 2224/2903/2218 2217/2893/2208 2218/2894/2209 2225/2904/2219
f 2225/2904/2219 2218/2894/2209 2219/2895/2210 2226/2905/2220
f 2226/2905/2220 2219/2895/2210 2214/2083/1405 2221/2085/1407
f 2290/2061/1384 2283/2060/1383 2285/2906/2221 2292/2896/2211
f 2292/2896/2211 2285/2906/2221 2286/2907/2222 2293/2897/2212
f 2293/2897/2212 2286/2907/2222 2287/2908/2223 2294/2898/2213
f 2294/2898/2213 2287/2908/2223 2288/2909/2224 2295/2899/2214
f 2295/2899/2214 2288/2909/2224 2289/2910/2225 2296/2900/2215
f 2296/2900/2215 2289/2910/2225 2284/2084/1406 2291/2082/1404
f 2227/2004/1330 2220/2003/1329 2222/2901/2216 2229/2911/2226
f 2229/2911/2226 2222/2901/2216 2223/2902/2217 2230/2912/2227
f 2230/2912/2227 2223/2902/2217 2224/2903/2218 2231/2913/2228
f 2231/2913/2228 2224/2903/2218 2225/2904/2219 2232/2914/2229
f 2232/2914/2229 2225/2904/2219 2226/2905/2220 2233/2915/2230
f 2233/2915/2230 2226/2905/2220 2221/2085/1407 2228/2087/1409
f 2283/2060/1383 2276/2059/1382 2278/2916/2231 2285/2906/2221
f 2285/2906/2221 2278/2916/2231 2279/2917/2232 2286/2907/2222
f 2286/2907/2222 2279/2917/2232 2280/2918/2233 2287/2908/2223
f 2287/2908/2223 2280/2918/2233 2281/2919/2234 2288/2909/2224
f 2288/2909/2224 2281/2919/2234 2282/2920/2235 2289/2910/2225
f 2289/2910/2225 2282/2920/2235 2277/2086/1408 2284/2084/1406
f 2234/2005/1331 2227/2004/1330 2229/2911/2226 2236/2921/2236
f 2236/2921/2236 2229/2911/2226 2230/2912/2227 2237/2922/2237
f 2237/2922/2237 2230/2912/2227 2231/2913/2228 2238/2923/2238
f 2238/2923/2238 2231/2913/2228 2232/2914/2229 2239/2924/2239
f 2239/2924/2239 2232/2914/2229 2233/2915/2230 2240/2925/2240
f 2240/2925/2240 2233/2915/2230 2228/2087/1409 2235/2089/1411
f 2276/2059/1382 2269/2058/1381 2271/2926/2241 2278/2916/2231
f 2278/2916/2231 2271/2926/2241 2272/2927/2242 2279/2917/2232
f 2279/2917/2232 2272/2927/2242 2273/2928/2243 2280/2918/2233
f 2280/2918/2233 2273/2928/2243 2274/2929/2244 2281/2919/2234
f 2281/2919/2234 2274/2929/2244 2275/2930/2245 2282/2920/2235
f 2282/2920/2235 2275/2930/2245 2270/2088/1410 2277/2086/1408
f 2241/2006/1332 2234/2005/1331 2236/2921/2236 2243/2931/2246
f 2243/2931/2246 2236/2921/2236 2237/2922/2237 2244/2932/2247
f 2244/2932/2247 2237/2922/2237 2238/2923/2238 2245/2933/2248
f 2245/2933/2248 2238/2923/2238 2239/2924/2239 2246/2934/2249
f 2246/2934/2249 2239/2924/2239 2240/2925/2240 2247/2935/2250
f 2247/2935/2250 2240/2925/2240 2235/2089/1411 2242/1979/1307
f 2269/2058/1381 2262/2057/1380 2264/2936/2251 2271/2926/2241
f 2271/2926/2241 2264/2936/2251 2265/2937/2252 2272/2927/2242
f 2272/2927/2242 2265/2937/2252 2266/2938/2253 2273/2928/2243
f 2273/2928/2243 2266/2938/2253 2267/2939/2254 2274/2929/2244
f 2274/2929/2244 2267/2939/2254 2268/2940/2255 2275/2930/2245
f 2275/2930/2245 2268/2940/2255 2263/1980/1308 2270/2088/1410
f 2178/2007/1333 2241/2006/1332 2243/2931/2246 2180/2941/2256
f 2180/2941/2256 2243/2931/2246 2244/2932/2247 2181/2942/2257
f 2181/2942/2257 2244/2932/2247 2245/2933/2248 2182/2943/2258
f 2182/2943/2258 2245/2933/2248 2246/2934/2249 2183/2944/2259
f 2183/2944/2259 2246/2934/2249 2247/2935/2250 2184/2945/2260
f 2184/2945/2260 2247/2935/2250 2242/1979/1307 2179/1982/1310
f 2262/2057/1380 2248/2056/1379 2250/2946/2261 2264/2936/2251
f 2264/2936/2251 2250/2946/2261 2251/2947/2262 2265/2937/2252
f 2265/2937/2252 2251/2947/2262 2252/2948/2263 2266/2938/2253
f 2266/2938/2253 2252/2948/2263 2253/2949/2264 2267/2939/2254
f 2267/2939/2254 2253/2949/2264 2254/2950/2265 2268/2940/2255
f 2268/2940/2255 2254/2950/2265 2249/1981/1309 2263/1980/1308
f 2409/2009/1335 2402/2008/1334 2404/2951/2266 2411/2952/2267
f 2411/2952/2267 2404/2951/2266 2405/2953/2268 2412/2954/2269
f 2412/2954/2269 2405/2953/2268 2406/2955/2270 2413/2956/2271
f 2413/2956/2271 2406/2955/2270 2407/2957/2272 2414/2958/2273
f 2414/2958/2273 2407/2957/2272 2408/2959/2274 2415/2960/2275
f 2415/2960/2275 2408/2959/2274 2403/2092/1414 2410/2096/1418
f 2388/2055/1378 2381/2054/1377 2383/2961/2276 2390/2962/2277
f 2390/2962/2277 2383/2961/2276 2384/2963/2278 2391/2964/2279
f 2391/2964/2279 2384/2963/2278 2385/2965/2280 2392/2966/2281
f 2392/2966/2281 2385/2965/2280 2386/2967/2282 2393/2968/2283
f 2393/2968/2283 2386/2967/2282 2387/2969/2284 2394/2970/2285
f 2394/2970/2285 2387/2969/2284 2382/2095/1417 2389/2093/1415
f 2416/2010/1336 2409/2009/1335 2411/2952/2267 2418/2971/2286
f 2418/2971/2286 2411/2952/2267 2412/2954/2269 2419/2972/2287
f 2419/2972/2287 2412/2954/2269 2413/2956/2271 2420/2973/2288
f 2420/2973/2288 2413/2956/2271 2414/2958/2273 2421/2974/2289
f 2421/2974/2289 2414/2958/2273 2415/2960/2275 2422/2975/2290
f 2422/2975/2290 2415/2960/2275 2410/2096/1418 2417/2098/1420
f 2381/2054/1377 2374/2053/1376 2376/2976/2291 2383/2961/2276
f 2383/2961/2276 2376/2976/2291 2377/2977/2292 2384/2963/2278
f 2384/2963/2278 2377/2977/2292 2378/2978/2293 2385/2965/2280
f 2385/2965/2280 2378/2978/2293 2379/2979/2294 2386/2967/2282
f 2386/2967/2282 2379/2979/2294 2380/2980/2295 2387/2969/2284
f 2387/2969/2284 2380/2980/2295 2375/2097/1419 2382/2095/1417
f 2423/2011/1337 2416/2010/1336 2418/2971/2286 2425/2981/2296
f 2425/2981/2296 2418/2971/2286 2419/2972/2287 2426/2982/2297
f 2426/2982/2297 2419/2972/2287 2420/2973/2288 2427/2983/2298
f 2427/2983/2298 2420/2973/2288 2421/2974/2289 2428/2984/2299
f 2428/2984/2299 2421/2974/2289 2422/2975/2290 2429/2985/2300
f 2429/2985/2300 2422/2975/2290 2417/2098/1420 2424/2100/1422
f 2374/2053/1376 2367/2052/1375 2369/2986/2301 2376/2976/2291
f 2376/2976/2291 2369/2986/2301 2370/2987/2302 2377/2977/2292
f 2377/2977/2292 2370/2987/2302 2371/2988/2303 2378/2978/2293
f 2378/2978/2293 2371/2988/2303 2372/2989/2304 2379/2979/2294
f 2379/2979/2294 2372/2989/2304 2373/2990/2305 2380/2980/2295
f 2380/2980/2295 2373/2990/2305 2368/2099/1421 2375/2097/1419
f 2430/2012/1338 2423/2011/1337 2425/2981/2296 2432/2991/2306
f 2432/2991/2306 2425/2981/2296 2426/2982/2297 2433/2992/2307
f 2433/2992/2307 2426/2982/2297 2427/2983/2298 2434/2993/2308
f 2434/2993/2308 2427/2983/2298 2428/2984/2299 2435/2994/2309
f 2435/2994/2309 2428/2984/2299 2429/2985/2300 2436/2995/2310
f 2436/2995/2310 2429/2985/2300 2424/2100/1422 2431/2102/1424
f 2367/2052/1375 2360/2051/1374 2362/2996/2311 2369/2986/2301
f 2369/2986/2301 2362/2996/2311 2363/2997/2312 2370/2987/2302
f 2370/2987/2302 2363/2997/2312 2364/2998/2313 2371/2988/2303
f 2371/2988/2303 2364/2998/2313 2365/2999/2314 2372/2989/2304
f 2372/2989/2304 2365/2999/2314 2366/3000/2315 2373/2990/2305
f 2373/2990/2305 2366/3000/2315 2361/2101/1423 2368/2099/1421
f 2437/2013/1339 2430/2012/1338 2432/2991/2306 2439/3001/2316
f 2439/3001/2316 2432/2991/2306 2433/2992/2307 2440/3002/2317
f 2440/3002/2317 2433/2992/2307 2434/2993/2308 2441/3003/2318
f 2441/3003/2318 2434/2993/2308 2435/2994/2309 2442/3004/2319
f 2442/3004/2319 2435/2994/2309 2436/2995/2310 2443/3005/2320
f 2443/3005/2320 2436/2995/2310 2431/2102/1424 2438/2104/1426
f 2360/2051/1374 2353/2050/1373 2355/3006/2321 2362/2996/2311
f 2362/2996/2311 2355/3006/2321 2356/3007/2322 2363/2997/2312
f 2363/2997/2312 2356/3007/2322 2357/3008/2323 2364/2998/2313
f 2364/2998/2313 2357/3008/2323 2358/3009/2324 2365/2999/2314
f 2365/2999/2314 2358/3009/2324 2359/3010/2325 2366/3000/2315
f 2366/3000/2315 2359/3010/2325 2354/2103/1425 2361/2101/1423
f 2444/2014/1340 2437/2013/1339 2439/3001/2316 2446/3011/2326
f 2446/3011/2326 2439/3001/2316 2440/3002/2317 2447/3012/2327
f 2447/3012/2327 2440/3002/2317 2441/3003/2318 2448/3013/2328
f 2448/3013/2328 2441/3003/2318 2442/3004/2319 2449/3014/2329
f 2449/3014/2329 2442/3004/2319 2443/3005/2320 2450/3015/2330
f 2450/3015/2330 2443/3005/2320 2438/2104/1426 2445/2106/1428
f 2353/2050/1373 2346/2049/1372 2348/3016/2331 2355/3006/2321
f 2355/3006/2321 2348/3016/2331 2349/3017/2332 2356/3007/2322
f 2356/3007/2322 2349/3017/2332 2350/3018/2333 2357/3008/2323
f 2357/3008/2323 2350/3018/2333 2351/3019/2334 2358/3009/2324
f 2358/3009/2324 2351/3019/2334 2352/3020/2335 2359/3010/2325
f 2359/3010/2325 2352/3020/2335 2347/2105/1427 2354/2103/1425
f 2451/2015/1341 2444/2014/1340 2446/3011/2326 2453/3021/2336
f 2453/3021/2336 2446/3011/2326 2447/3012/2327 2454/3022/2337
f 2454/3022/2337 2447/3012/2327 2448/3013/2328 2455/3023/2338
f 2455/3023/2338 2448/3013/2328 2449/3014/2329 2456/3024/2339
f 2456/3024/2339 2449/3014/2329 2450/3015/2330 2457/3025/2340
f 2457/3025/2340 2450/3015/2330 2445/2106/1428 2452/2108/1430
f 2346/2049/1372 2339/2048/1371 2341/3026/2341 2348/3016/2331
f 2348/3016/2331 2341/3026/2341 2342/3027/2342 2349/3017/2332
f 2349/3017/2332 2342/3027/2342 2343/3028/2343 2350/3018/2333
f 2350/3018/2333 2343/3028/2343 2344/3029/2344 2351/3019/2334
f 2351/3019/2334 2344/3029/2344 2345/3030/2345 2352/3020/2335
f 2352/3020/2335 2345/3030/2345 2340/2107/1429 2347/2105/1427
f 2458/2016/1342 2451/2015/1341 2453/3021/2336 2460/3031/2346
f 2460/3031/2346 2453/3021/2336 2454/3022/2337 2461/3032/2347
f 2461/3032/2347 2454/3022/2337 2455/3023/2338 2462/3033/2348
f 2462/3033/2348 2455/3023/2338 2456/3024/2339 2463/3034/2349
f 2463/3034/2349 2456/3024/2339 2457/3025/2340 2464/3035/2350
f 2464/3035/2350 2457/3025/2340 2452/2108/1430 2459/2090/1412
f 2339/2048/1371 2332/2047/1370 2334/3036/2351 2341/3026/2341
f 2341/3026/2341 2334/3036/2351 2335/3037/2352 2342/3027/2342
f 2342/3027/2342 2335/3037/2352 2336/3038/2353 2343/3028/2343
f 2343/3028/2343 2336/3038/2353 2337/3039/2354 2344/3029/2344
f 2344/3029/2344 2337/3039/2354 2338/3040/2355 2345/3030/2345
f 2345/3030/2345 2338/3040/2355 2333/2091/1413 2340/2107/1429
f 2395/2017/1343 2458/2016/1342 2460/3031/2346 2397/3041/2356
f 2397/3041/2356 2460/3031/2346 2461/3032/2347 2398/3042/2357
f 2398/3042/2357 2461/3032/2347 2462/3033/2348 2399/3043/2358
f 2399/3043/2358 2462/3033/2348 2463/3034/2349 2400/3044/2359
f 2400/3044/2359 2463/3034/2349 2464/3035/2350 2401/3045/2360
f 2401/3045/2360 2464/3035/2350 2459/2090/1412 2396/2072/1394
f 2332/2047/1370 2325/2046/1369 2327/3046/2361 2334/3036/2351
f 2334/3036/2351 2327/3046/2361 2328/3047/2362 2335/3037/2352
f 2335/3037/2352 2328/3047/2362 2329/3048/2363 2336/3038/2353
f 2336/3038/2353 2329/3048/2363 2330/3049/2364 2337/3039/2354
f 2337/3039/2354 2330/3049/2364 2331/3050/2365 2338/3040/2355
f 2338/3040/2355 2331/3050/2365 2326/2073/1395 2333/2091/1413
f 2248/2056/1379 2388/2055/1378 2390/2962/2277 2250/2946/2261
f 2250/2946/2261 2390/2962/2277 2391/2964/2279 2251/2947/2262
f 2251/2947/2262 2391/2964/2279 2392/2966/2281 2252/2948/2263
f 2252/2948/2263 2392/2966/2281 2393/2968/2283 2253/2949/2264
f 2253/2949/2264 2393/2968/2283 2394/2970/2285 2254/2950/2265
f 2254/2950/2265 2394/2970/2285 2389/2093/1415 2249/1981/1309
f 2402/2008/1334 2178/2007/1333 2180/2941/2256 2404/2951/2266
f 2404/2951/2266 2180/2941/2256 2181/2942/2257 2405/2953/2268
f 2405/2953/2268 2181/2942/2257 2182/2943/2258 2406/2955/2270
f 2406/2955/2270 2182/2943/2258 2183/2944/2259 2407/2957/2272
f 2407/2957/2272 2183/2944/2259 2184/2945/2260 2408/2959/2274
f 2408/2959/2274 2184/2945/2260 2179/1982/1310 2403/2092/1414
f 2396/2072/1394 1893/2071/1393 1899/2345/1657 2401/3045/2360
f 2401/3045/2360 1899/2345/1657 1903/2351/1663 2400/3044/2359
f 2400/3044/2359 1903/2351/1663 1921/2355/1667 2399/3043/2358
f 2399/3043/2358 1921/2355/1667 1920/2373/1685 2398/3042/2357
f 2398/3042/2357 1920/2373/1685 1919/2370/1682 2397/3041/2356
f 2397/3041/2356 1919/2370/1682 1895/1995/1302 2395/2017/1343
f 1856/2070/1392 2326/2073/1395 2331/3050/2365 1859/2307/1620
f 1859/2307/1620 2331/3050/2365 2330/3049/2364 1860/2310/1623
f 1860/2310/1623 2330/3049/2364 2329/3048/2363 1861/2312/1625
f 1861/2312/1625 2329/3048/2363 2328/3047/2362 1878/3051/1643
f 1878/3051/1643 2328/3047/2362 2327/3046/2361 1874/3052/1637
f 1874/3052/1637 2327/3046/2361 2325/2046/1369 1857/2045/1315
f 2466/2075/1397 2479/2113/1434 2481/3053/2366 2471/3054/2367
f 2471/3054/2367 2481/3053/2366 2482/3055/2368 2470/3056/2369
f 2470/3056/2369 2482/3055/2368 2483/3057/2370 2469/3058/2371
f 2469/3059/2371 2483/3060/2370 2484/3061/2372 2468/3062/2373
f 2468/3062/2373 2484/3061/2372 2485/3063/2374 2467/3064/2375
f 2467/3064/2375 2485/3063/2374 2480/2094/1416 2465/2043/1368
f 2479/2113/1434 2486/2116/1437 2488/3065/2376 2481/3053/2366
f 2481/3053/2366 2488/3065/2376 2489/3066/2377 2482/3055/2368
f 2482/3055/2368 2489/3066/2377 2490/3067/2378 2483/3057/2370
f 2483/3068/2370 2490/3069/2378 2491/3070/2379 2484/3061/2372
f 2484/3061/2372 2491/3070/2379 2492/3071/2380 2485/3063/2374
f 2485/3063/2374 2492/3071/2380 2487/2152/1472 2480/2094/1416
f 2486/2116/1437 2493/2115/1436 2495/3072/2381 2488/3065/2376
f 2488/3065/2376 2495/3072/2381 2496/3073/2382 2489/3066/2377
f 2489/3066/2377 2496/3073/2382 2497/3074/2383 2490/3067/2378
f 2490/3075/2378 2497/3076/2383 2498/3077/2384 2491/3070/2379
f 2491/3070/2379 2498/3077/2384 2499/3078/2385 2492/3071/2380
f 2492/3071/2380 2499/3078/2385 2494/2151/1471 2487/2152/1472
f 2493/2115/1436 2500/2119/1440 2502/3079/2386 2495/3072/2381
f 2495/3072/2381 2502/3079/2386 2503/3080/2387 2496/3073/2382
f 2496/3073/2382 2503/3080/2387 2504/3081/2388 2497/3074/2383
f 2497/3082/2383 2504/3083/2388 2505/3084/2389 2498/3077/2384
f 2498/3077/2384 2505/3084/2389 2506/3085/2390 2499/3078/2385
f 2499/3078/2385 2506/3085/2390 2501/2150/1470 2494/2151/1471
f 2500/2119/1440 2507/2121/1442 2509/3086/2391 2502/3079/2386
f 2502/3079/2386 2509/3086/2391 2510/3087/2392 2503/3080/2387
f 2503/3080/2387 2510/3087/2392 2511/3088/2393 2504/3081/2388
f 2504/3089/2388 2511/3090/2393 2512/3091/2394 2505/3084/2389
f 2505/3084/2389 2512/3091/2394 2513/3092/2395 2506/3085/2390
f 2506/3085/2390 2513/3092/2395 2508/2149/1469 2501/2150/1470
f 2507/2121/1442 2514/2123/1444 2516/3093/2396 2509/3094/2391
f 2509/3094/2391 2516/3093/2396 2517/3095/2397 2510/3096/2392
f 2510/3096/2392 2517/3095/2397 2518/3097/2398 2511/3098/2393
f 2511/3099/2393 2518/3100/2398 2519/3101/2399 2512/3091/2394
f 2512/3091/2394 2519/3101/2399 2520/3102/2400 2513/3092/2395
f 2513/3092/2395 2520/3102/2400 2515/2148/1468 2508/2149/1469
f 2514/2123/1444 2521/2125/1446 2523/3103/2401 2516/3093/2396
f 2516/3093/2396 2523/3103/2401 2524/3104/2402 2517/3095/2397
f 2517/3095/2397 2524/3104/2402 2525/3105/2403 2518/3097/2398
f 2518/3100/2398 2525/3106/2403 2526/3107/2404 2519/3101/2399
f 2519/3101/2399 2526/3107/2404 2527/3108/2405 2520/3102/2400
f 2520/3102/2400 2527/3108/2405 2522/2147/1467 2515/2148/1468
f 2521/2125/1446 2528/2127/1448 2530/3109/2406 2523/3103/2401
f 2523/3103/2401 2530/3109/2406 2531/3110/2407 2524/3104/2402
f 2524/3104/2402 2531/3110/2407 2532/3111/2408 2525/3112/2403
f 2525/3113/2403 2532/3114/2408 2533/3115/2409 2526/3107/2404
f 2526/3107/2404 2533/3115/2409 2534/3116/2410 2527/3108/2405
f 2527/3108/2405 2534/3116/2410 2529/2146/1466 2522/2147/1467
f 2528/2127/1448 2535/2129/1450 2537/3117/2411 2530/3109/2406
f 2530/3109/2406 2537/3117/2411 2538/3118/2412 2531/3110/2407
f 2531/3110/2407 2538/3118/2412 2539/3119/2413 2532/3120/2408
f 2532/3121/2408 2539/3122/2413 2540/3123/2414 2533/3115/2409
f 2533/3115/2409 2540/3123/2414 2541/3124/2415 2534/3116/2410
f 2534/3116/2410 2541/3124/2415 2536/2144/1464 2529/2146/1466
f 2535/2129/1450 2472/2154/1474 2474/3125/2416 2537/3117/2411
f 2537/3117/2411 2474/3125/2416 2475/3126/2417 2538/3127/2412
f 2538/3127/2412 2475/3126/2417 2476/3128/2418 2539/3129/2413
f 2539/3130/2413 2476/3131/2418 2477/3132/2419 2540/3123/2414
f 2540/3123/2414 2477/3132/2419 2478/3133/2420 2541/3124/2415
f 2541/3124/2415 2478/3133/2420 2473/2145/1465 2536/2144/1464
f 2543/2153/1473 2556/2128/1449 2558/3134/2421 2548/3135/2422
f 2548/3135/2422 2558/3134/2421 2559/3136/2423 2547/3137/2424
f 2547/3137/2424 2559/3136/2423 2560/3138/2425 2546/3139/2426
f 2546/3140/2426 2560/3141/2425 2561/3142/2427 2545/3143/2428
f 2545/3143/2428 2561/3142/2427 2562/3144/2429 2544/3145/2430
f 2544/3145/2430 2562/3144/2429 2557/2131/1451 2542/2130/1305
f 2556/2128/1449 2563/2126/1447 2565/3146/2431 2558/3134/2421
f 2558/3134/2421 2565/3146/2431 2566/3147/2432 2559/3148/2423
f 2559/3148/2423 2566/3147/2432 2567/3149/2433 2560/3150/2425
f 2560/3150/2425 2567/3149/2433 2568/3151/2434 2561/3152/2427
f 2561/3152/2427 2568/3151/2434 2569/3153/2435 2562/3144/2429
f 2562/3144/2429 2569/3153/2435 2564/2133/1453 2557/2131/1451
f 2563/2126/1447 2570/2124/1445 2572/3154/2436 2565/3146/2431
f 2565/3146/2431 2572/3154/2436 2573/3155/2437 2566/3147/2432
f 2566/3147/2432 2573/3155/2437 2574/3156/2438 2567/3149/2433
f 2567/3149/2433 2574/3156/2438 2575/3157/2439 2568/3151/2434
f 2568/3151/2434 2575/3157/2439 2576/3158/2440 2569/3153/2435
f 2569/3153/2435 2576/3158/2440 2571/2134/1454 2564/2133/1453
f 2570/2124/1445 2577/2122/1443 2579/3159/2441 2572/3154/2436
f 2572/3154/2436 2579/3159/2441 2580/3160/2442 2573/3155/2437
f 2573/3155/2437 2580/3160/2442 2581/3161/2443 2574/3156/2438
f 2574/3156/2438 2581/3161/2443 2582/3162/2444 2575/3157/2439
f 2575/3157/2439 2582/3162/2444 2583/3163/2445 2576/3158/2440
f 2576/3158/2440 2583/3163/2445 2578/2135/1455 2571/2134/1454
f 2577/2122/1443 2584/2120/1441 2586/3164/2446 2579/3159/2441
f 2579/3159/2441 2586/3164/2446 2587/3165/2447 2580/3160/2442
f 2580/3160/2442 2587/3165/2447 2588/3166/2448 2581/3161/2443
f 2581/3161/2443 2588/3166/2448 2589/3167/2449 2582/3162/2444
f 2582/3162/2444 2589/3167/2449 2590/3168/2450 2583/3163/2445
f 2583/3163/2445 2590/3168/2450 2585/2136/1456 2578/2135/1455
f 2584/2120/1441 2591/2118/1439 2593/3169/2451 2586/3164/2446
f 2586/3164/2446 2593/3169/2451 2594/3170/2452 2587/3165/2447
f 2587/3165/2447 2594/3170/2452 2595/3171/2453 2588/3166/2448
f 2588/3166/2448 2595/3171/2453 2596/3172/2454 2589/3167/2449
f 2589/3167/2449 2596/3172/2454 2597/3173/2455 2590/3168/2450
f 2590/3168/2450 2597/3173/2455 2592/2137/1457 2585/2136/1456
f 2591/2118/1439 2598/2114/1435 2600/3174/2456 2593/3169/2451
f 2593/3169/2451 2600/3174/2456 2601/3175/2457 2594/3170/2452
f 2594/3170/2452 2601/3175/2457 2602/3176/2458 2595/3171/2453
f 2595/3171/2453 2602/3176/2458 2603/3177/2459 2596/3172/2454
f 2596/3172/2454 2603/3177/2459 2604/3178/2460 2597/3173/2455
f 2597/3173/2455 2604/3178/2460 2599/2138/1458 2592/2137/1457
f 2598/2114/1435 2605/2117/1438 2607/3179/2461 2600/3174/2456
f 2600/3174/2456 2607/3179/2461 2608/3180/2462 2601/3175/2457
f 2601/3175/2457 2608/3180/2462 2609/3181/2463 2602/3176/2458
f 2602/3176/2458 2609/3181/2463 2610/3182/2464 2603/3177/2459
f 2603/3177/2459 2610/3182/2464 2611/3183/2465 2604/3178/2460
f 2604/3178/2460 2611/3183/2465 2606/2139/1459 2599/2138/1458
f 2605/2117/1438 2612/2112/1433 2614/3184/2466 2607/3179/2461
f 2607/3179/2461 2614/3184/2466 2615/3185/2467 2608/3180/2462
f 2608/3180/2462 2615/3185/2467 2616/3186/2468 2609/3181/2463
f 2609/3181/2463 2616/3186/2468 2617/3187/2469 2610/3182/2464
f 2610/3182/2464 2617/3187/2469 2618/3188/2470 2611/3183/2465
f 2611/3183/2465 2618/3188/2470 2613/2132/1452 2606/2139/1459
f 2612/2112/1433 2549/2074/1396 2551/3189/2471 2614/3184/2466
f 2614/3184/2466 2551/3189/2471 2552/3190/2472 2615/3185/2467
f 2615/3185/2467 2552/3190/2472 2553/3191/2473 2616/3186/2468
f 2616/3186/2468 2553/3191/2473 2554/3192/2474 2617/3187/2469
f 2617/3187/2469 2554/3192/2474 2555/3193/2475 2618/3188/2470
f 2618/3188/2470 2555/3193/2475 2550/1996/1322 2613/2132/1452
f 2256/2076/1398 2466/2075/1397 2471/3054/2367 2261/2860/2175
f 2261/2860/2175 2471/3054/2367 2470/3194/2369 2260/2858/2173
f 2260/2858/2173 2470/3194/2369 2469/3058/2371 2259/2856/2171
f 2259/2856/2171 2469/3058/2371 2468/3062/2373 2258/2854/2169
f 2258/2854/2169 2468/3062/2373 2467/3064/2375 2257/2852/2167
f 2257/2852/2167 2467/3064/2375 2465/2043/1368 2255/2066/1389
f 2123/2027/1353 2473/2145/1465 2478/3133/2420 2128/3195/2476
f 2128/3195/2476 2478/3133/2420 2477/3132/2419 2127/3196/2477
f 2127/3196/2477 2477/3132/2419 2476/3197/2418 2126/3198/2478
f 2126/3199/2478 2476/3200/2418 2475/3126/2417 2125/3201/2479
f 2125/3201/2479 2475/3126/2417 2474/3125/2416 2124/3202/2480
f 2124/3202/2480 2474/3125/2416 2472/2154/1474 2122/2199/1515
f 2542/1977/1305 2129/1976/1304 2131/3203/2481 2544/3204/2430
f 2544/3204/2430 2131/3203/2481 2132/3205/2482 2545/3206/2428
f 2545/3206/2428 2132/3205/2482 2133/3207/2483 2546/3208/2426
f 2546/3209/2426 2133/3210/2483 2134/3211/2484 2547/3137/2424
f 2547/3137/2424 2134/3211/2484 2135/3212/2485 2548/3135/2422
f 2548/3135/2422 2135/3212/2485 2130/2198/1514 2543/2153/1473
f 2171/1997/1323 2550/1996/1322 2555/3193/2475 2173/2841/2156
f 2173/2841/2156 2555/3193/2475 2554/3192/2474 2174/2843/2158
f 2174/2843/2158 2554/3192/2474 2553/3191/2473 2175/2845/2160
f 2175/2845/2160 2553/3191/2473 2552/3190/2472 2176/2847/2162
f 2176/2847/2162 2552/3190/2472 2551/3189/2471 2177/2849/2164
f 2177/2849/2164 2551/3189/2471 2549/2074/1396 2172/2077/1399
f 2658/2140/1460 2620/2143/1463 2637/2573/1885 2682/2618/1928
f 2682/2618/1928 2637/2573/1885 2641/2579/1891 2683/2621/1931
f 2683/2621/1931 2641/2579/1891 2624/2561/1873 2684/2603/1914
f 2684/2603/1914 2624/2561/1873 2623/2559/1871 2666/2599/1910
f 2666/2599/1910 2623/2559/1871 2622/2556/1868 2662/2593/1904
f 2662/2593/1904 2622/2556/1868 2619/2206/1522 2656/2209/1525
f 2136/2039/1364 2700/2191/1508 2706/2628/1938 2138/2807/2121
f 2138/2807/2121 2706/2628/1938 2710/2634/2486 2139/2806/2120
f 2139/2806/2120 2710/2634/2486 2728/2638/2487 2140/2805/2118
f 2140/2805/2118 2728/2638/2487 2727/2655/2488 2141/2804/2116
f 2141/2804/2116 2727/2655/2488 2726/2652/1966 2142/2803/2114
f 2142/2803/2114 2726/2652/1966 2702/2210/1526 2137/2069/1391
f 2620/2143/1463 2693/2142/1462 2695/3213/2489 2634/2571/1883
f 2634/2571/1883 2695/3213/2489 2696/3214/2490 2635/2574/1886
f 2635/2574/1886 2696/3214/2490 2697/3215/2491 2636/2576/1888
f 2636/2576/1888 2697/3215/2491 2698/3216/2492 2652/3217/1900
f 2652/3217/1900 2698/3216/2492 2699/3218/2493 2648/3219/1896
f 2648/3219/1896 2699/3218/2493 2694/2183/1501 2621/2185/1355
f 2701/2141/1461 2658/2140/1460 2685/2620/1930 2715/2641/2494
f 2715/2641/2494 2685/2620/1930 2689/2624/1934 2716/2644/2495
f 2716/2644/2495 2689/2624/1934 2673/2611/1922 2717/2646/2496
f 2717/2646/2496 2673/2611/1922 2672/2609/1920 2733/2658/1972
f 2733/2658/1972 2672/2609/1920 2671/2606/1917 2729/2654/1968
f 2729/2654/1968 2671/2606/1917 2657/2211/1350 2702/2210/1526
f 2150/2032/1357 2775/2205/1521 2792/2714/2026 2152/2821/2134
f 2152/2821/2134 2792/2714/2026 2796/2720/2032 2153/2820/2133
f 2153/2820/2133 2796/2720/2032 2779/2702/2014 2154/2819/2132
f 2154/2819/2132 2779/2702/2014 2778/2700/2012 2155/2818/2131
f 2155/2818/2131 2778/2700/2012 2777/2697/2009 2156/2817/2130
f 2156/2817/2130 2777/2697/2009 2774/2192/1509 2151/2019/1345
f 2775/2205/1521 2737/2204/1520 2743/2662/1977 2789/2712/2024
f 2789/2712/2024 2743/2662/1977 2747/2668/1983 2790/2715/2027
f 2790/2715/2027 2747/2668/1983 2765/2672/1987 2791/2717/2029
f 2791/2717/2029 2765/2672/1987 2764/2692/2004 2807/3220/2041
f 2807/3220/2041 2764/2692/2004 2763/2689/2001 2803/3221/2037
f 2803/3221/2037 2763/2689/2001 2739/2247/1562 2776/2197/1513
f 2693/2142/1462 2739/2247/1562 2766/2691/2003 2695/3213/2489
f 2695/3213/2489 2766/2691/2003 2770/2695/2007 2696/3214/2490
f 2696/3214/2490 2770/2695/2007 2754/2680/1995 2697/3215/2491
f 2697/3215/2491 2754/2680/1995 2753/2678/1993 2698/3216/2492
f 2698/3216/2492 2753/2678/1993 2752/2675/1990 2699/3218/2493
f 2699/3218/2493 2752/2675/1990 2738/2184/1502 2694/2183/1501
f 2157/2035/1360 2812/2203/1519 2829/2749/2060 2159/2826/2139
f 2159/2826/2139 2829/2749/2060 2833/2755/2066 2160/2825/2138
f 2160/2825/2138 2833/2755/2066 2816/2737/2048 2161/2824/2137
f 2161/2824/2137 2816/2737/2048 2815/2735/2046 2162/2823/2136
f 2162/2823/2136 2815/2735/2046 2814/2732/2043 2163/2822/2135
f 2163/2822/2135 2814/2732/2043 2811/2190/1507 2158/2042/1367
f 2164/2020/1346 2848/2193/1510 2854/2768/2079 2166/2832/2147
f 2166/2832/2147 2854/2768/2079 2858/2774/2085 2167/2831/2146
f 2167/2831/2146 2858/2774/2085 2876/2778/2497 2168/2830/2144
f 2168/2829/2143 2876/2797/2498 2875/2795/2106 2169/2828/2141
f 2169/2828/2141 2875/2795/2106 2874/2792/2103 2170/2827/2140
f 2170/2827/2140 2874/2792/2103 2850/2202/1518 2165/2038/1363
f 2812/2203/1519 2850/2202/1518 2877/2794/2105 2826/2747/2058
f 2826/2747/2058 2877/2794/2105 2881/2800/2111 2827/2750/2061
f 2827/2750/2061 2881/2800/2111 2865/2786/2097 2828/2752/2063
f 2828/2752/2063 2865/2786/2097 2864/2784/2095 2844/2764/2075
f 2844/2764/2075 2864/2784/2095 2863/2781/2092 2840/2760/2071
f 2840/2760/2071 2863/2781/2092 2849/2196/1512 2813/2195/1511
f 2700/2191/1508 2811/2190/1507 2817/2734/2045 2703/2626/1936
f 2703/2626/1936 2817/2734/2045 2821/2740/2051 2704/2629/1939
f 2704/2629/1939 2821/2740/2051 2839/2744/2055 2705/2631/2499
f 2705/2631/2499 2839/2744/2055 2838/2761/2072 2722/3222/2500
f 2722/3222/2500 2838/2761/2072 2837/2758/2069 2718/3223/2501
f 2718/3223/2501 2837/2758/2069 2813/2195/1511 2701/2194/1461
f 2776/2197/1513 2849/2196/1512 2866/2783/2094 2800/2723/2035
f 2800/2723/2035 2866/2783/2094 2870/2789/2100 2801/2726/2038
f 2801/2726/2038 2870/2789/2100 2853/2771/2082 2802/2709/2021
f 2802/2709/2021 2853/2771/2082 2852/2769/2080 2784/2705/2017
f 2784/2705/2017 2852/2769/2080 2851/2766/2077 2780/2699/2011
f 2780/2699/2011 2851/2766/2077 2848/2193/1510 2774/2192/1509
f 2737/2204/1520 2144/2031/1356 2149/2840/2155 2740/2660/1975
f 2740/2660/1975 2149/2840/2155 2148/2839/2154 2741/2663/1978
f 2741/2663/1978 2148/2839/2154 2147/2838/2153 2742/2665/1980
f 2742/2687/1980 2147/2837/2153 2146/2836/2152 2759/2683/1998
f 2759/2683/1998 2146/2836/2152 2145/2835/2151 2755/2677/1992
f 2755/2677/1992 2145/2835/2151 2143/2022/1348 2738/2184/1502
f 2900/2186/1503 2886/2200/1516 2891/3224/2502 2905/3225/2503
f 2905/3225/2503 2891/3224/2502 2890/3226/2504 2904/3227/2505
f 2904/3227/2505 2890/3226/2504 2889/3228/2506 2903/3229/2507
f 2903/3229/2507 2889/3228/2506 2888/3230/2508 2902/3231/2509
f 2902/3231/2509 2888/3230/2508 2887/3232/2510 2901/3233/2511
f 2901/3233/2511 2887/3232/2510 2885/2306/1619 2899/2305/1618
f 2970/2201/1517 3033/2189/1506 3038/3234/2512 2975/3235/2513
f 2975/3235/2513 3038/3234/2512 3037/3236/2514 2974/3237/2515
f 2974/3237/2515 3037/3236/2514 3036/3238/2516 2973/3239/2517
f 2973/3239/2517 3036/3238/2516 3035/3240/2518 2972/3241/2519
f 2972/3241/2519 3035/3240/2518 3034/3242/2520 2971/3243/2521
f 2971/3243/2521 3034/3242/2520 3032/2158/1477 2969/2157/1476
f 2907/2187/1504 2900/2186/1503 2905/3225/2503 2912/3244/2522
f 2912/3244/2522 2905/3225/2503 2904/3227/2505 2911/3245/2523
f 2911/3245/2523 2904/3227/2505 2903/3229/2507 2910/3246/2524
f 2910/3246/2524 2903/3229/2507 2902/3231/2509 2909/3247/2525
f 2909/3247/2525 2902/3231/2509 2901/3233/2511 2908/3248/2526
f 2908/3248/2526 2901/3233/2511 2899/2305/1618 2906/2304/1617
f 3033/2189/1506 3026/2188/1505 3031/3249/2527 3038/3234/2512
f 3038/3234/2512 3031/3249/2527 3030/3250/2528 3037/3236/2514
f 3037/3236/2514 3030/3250/2528 3029/3251/2529 3036/3238/2516
f 3036/3238/2516 3029/3251/2529 3028/3252/2530 3035/3240/2518
f 3035/3240/2518 3028/3252/2530 3027/3253/2531 3034/3242/2520
f 3034/3242/2520 3027/3253/2531 3025/2159/1478 3032/2158/1477
f 2914/2216/1531 2907/2187/1504 2912/3244/2522 2919/3254/2532
f 2919/3254/2532 2912/3244/2522 2911/3245/2523 2918/3255/2533
f 2918/3255/2533 2911/3245/2523 2910/3246/2524 2917/3256/2534
f 2917/3256/2534 2910/3246/2524 2909/3247/2525 2916/3257/2535
f 2916/3257/2535 2909/3247/2525 2908/3248/2526 2915/3258/2536
f 2915/3258/2536 2908/3248/2526 2906/2304/1617 2913/2303/1616
f 3026/2188/1505 3019/2217/1532 3024/3259/2537 3031/3249/2527
f 3031/3249/2527 3024/3259/2537 3023/3260/2538 3030/3250/2528
f 3030/3250/2528 3023/3260/2538 3022/3261/2539 3029/3251/2529
f 3029/3251/2529 3022/3261/2539 3021/3262/2540 3028/3252/2530
f 3028/3252/2530 3021/3262/2540 3020/3263/2541 3027/3253/2531
f 3027/3253/2531 3020/3263/2541 3018/2160/1479 3025/2159/1478
f 2921/2218/1533 2914/2216/1531 2919/3254/2532 2926/3264/2542
f 2926/3264/2542 2919/3254/2532 2918/3255/2533 2925/3265/2543
f 2925/3265/2543 2918/3255/2533 2917/3256/2534 2924/3266/2544
f 2924/3266/2544 2917/3256/2534 2916/3257/2535 2923/3267/2545
f 2923/3267/2545 2916/3257/2535 2915/3258/2536 2922/3268/2546
f 2922/3268/2546 2915/3258/2536 2913/2303/1616 2920/2302/1615
f 3019/2217/1532 3012/2219/1534 3017/3269/2547 3024/3259/2537
f 3024/3259/2537 3017/3269/2547 3016/3270/2548 3023/3260/2538
f 3023/3260/2538 3016/3270/2548 3015/3271/2549 3022/3261/2539
f 3022/3261/2539 3015/3271/2549 3014/3272/2550 3021/3262/2540
f 3021/3262/2540 3014/3272/2550 3013/3273/2551 3020/3263/2541
f 3020/3263/2541 3013/3273/2551 3011/2161/1480 3018/2160/1479
f 2928/2220/1535 2921/2218/1533 2926/3264/2542 2933/3274/2552
f 2933/3274/2552 2926/3264/2542 2925/3265/2543 2932/3275/2553
f 2932/3275/2553 2925/3265/2543 2924/3266/2544 2931/3276/2554
f 2931/3276/2554 2924/3266/2544 2923/3267/2545 2930/3277/2555
f 2930/3277/2555 2923/3267/2545 2922/3268/2546 2929/3278/2556
f 2929/3278/2556 2922/3268/2546 2920/2302/1615 2927/2301/1614
f 3012/2219/1534 3005/2221/1536 3010/3279/2557 3017/3269/2547
f 3017/3269/2547 3010/3279/2557 3009/3280/2558 3016/3270/2548
f 3016/3270/2548 3009/3280/2558 3008/3281/2559 3015/3271/2549
f 3015/3271/2549 3008/3281/2559 3007/3282/2560 3014/3272/2550
f 3014/3272/2550 3007/3282/2560 3006/3283/2561 3013/3273/2551
f 3013/3273/2551 3006/3283/2561 3004/2162/1481 3011/2161/1480
f 2935/2222/1537 2928/2220/1535 2933/3274/2552 2940/3284/2562
f 2940/3284/2562 2933/3274/2552 2932/3275/2553 2939/3285/2563
f 2939/3285/2563 2932/3275/2553 2931/3276/2554 2938/3286/2564
f 2938/3286/2564 2931/3276/2554 2930/3277/2555 2937/3287/2565
f 2937/3287/2565 2930/3277/2555 2929/3278/2556 2936/3288/2566
f 2936/3288/2566 2929/3278/2556 2927/2301/1614 2934/2300/1613
f 3005/2221/1536 2998/2223/1538 3003/3289/2567 3010/3279/2557
f 3010/3279/2557 3003/3289/2567 3002/3290/2568 3009/3280/2558
f 3009/3280/2558 3002/3290/2568 3001/3291/2569 3008/3281/2559
f 3008/3281/2559 3001/3291/2569 3000/3292/2570 3007/3282/2560
f 3007/3282/2560 3000/3292/2570 2999/3293/2571 3006/3283/2561
f 3006/3283/2561 2999/3293/2571 2997/2163/1482 3004/2162/1481
f 2942/2224/1539 2935/2222/1537 2940/3284/2562 2947/3294/2572
f 2947/3294/2572 2940/3284/2562 2939/3285/2563 2946/3295/2573
f 2946/3295/2573 2939/3285/2563 2938/3286/2564 2945/3296/2574
f 2945/3296/2574 2938/3286/2564 2937/3287/2565 2944/3297/2575
f 2944/3297/2575 2937/3287/2565 2936/3288/2566 2943/3298/2576
f 2943/3298/2576 2936/3288/2566 2934/2300/1613 2941/2299/1612
f 2998/2223/1538 2991/2225/1540 2996/3299/2577 3003/3289/2567
f 3003/3289/2567 2996/3299/2577 2995/3300/2578 3002/3290/2568
f 3002/3290/2568 2995/3300/2578 2994/3301/2579 3001/3291/2569
f 3001/3291/2569 2994/3301/2579 2993/3302/2580 3000/3292/2570
f 3000/3292/2570 2993/3302/2580 2992/3303/2581 2999/3293/2571
f 2999/3293/2571 2992/3303/2581 2990/2164/1483 2997/2163/1482
f 2949/2226/1541 2942/2224/1539 2947/3294/2572 2954/3304/2582
f 2954/3304/2582 2947/3294/2572 2946/3295/2573 2953/3305/2583
f 2953/3305/2583 2946/3295/2573 2945/3296/2574 2952/3306/2584
f 2952/3306/2584 2945/3296/2574 2944/3297/2575 2951/3307/2585
f 2951/3307/2585 2944/3297/2575 2943/3298/2576 2950/3308/2586
f 2950/3308/2586 2943/3298/2576 2941/2299/1612 2948/2298/1611
f 2991/2225/1540 2984/2227/1542 2989/3309/2587 2996/3299/2577
f 2996/3299/2577 2989/3309/2587 2988/3310/2588 2995/3300/2578
f 2995/3300/2578 2988/3310/2588 2987/3311/2589 2994/3301/2579
f 2994/3301/2579 2987/3311/2589 2986/3312/2590 2993/3302/2580
f 2993/3302/2580 2986/3312/2590 2985/3313/2591 2992/3303/2581
f 2992/3303/2581 2985/3313/2591 2983/2165/1484 2990/2164/1483
f 2956/2179/1497 2949/2226/1541 2954/3304/2582 2961/3314/2592
f 2961/3314/2592 2954/3304/2582 2953/3305/2583 2960/3315/2593
f 2960/3315/2593 2953/3305/2583 2952/3306/2584 2959/3316/2594
f 2959/3316/2594 2952/3306/2584 2951/3307/2585 2958/3317/2595
f 2958/3317/2595 2951/3307/2585 2950/3308/2586 2957/3318/2596
f 2957/3318/2596 2950/3308/2586 2948/2298/1611 2955/2297/1610
f 2984/2227/1542 2977/2182/1500 2982/3319/2597 2989/3309/2587
f 2989/3309/2587 2982/3319/2597 2981/3320/2598 2988/3310/2588
f 2988/3310/2588 2981/3320/2598 2980/3321/2599 2987/3311/2589
f 2987/3311/2589 2980/3321/2599 2979/3322/2600 2986/3312/2590
f 2986/3312/2590 2979/3322/2600 2978/3323/2601 2985/3313/2591
f 2985/3313/2591 2978/3323/2601 2976/2166/1485 2983/2165/1484
f 2893/2180/1498 2956/2179/1497 2961/3314/2592 2898/3324/2602
f 2898/3324/2602 2961/3314/2592 2960/3315/2593 2897/3325/2603
f 2897/3325/2603 2960/3315/2593 2959/3316/2594 2896/3326/2604
f 2896/3326/2604 2959/3316/2594 2958/3317/2595 2895/3327/2605
f 2895/3327/2605 2958/3317/2595 2957/3318/2596 2894/3328/2606
f 2894/3328/2606 2957/3318/2596 2955/2297/1610 2892/2296/1609
f 2977/2182/1500 2963/2181/1499 2968/3329/2607 2982/3319/2597
f 2982/3319/2597 2968/3329/2607 2967/3330/2608 2981/3320/2598
f 2981/3320/2598 2967/3330/2608 2966/3331/2609 2980/3321/2599
f 2980/3321/2599 2966/3331/2609 2965/3332/2610 2979/3322/2600
f 2979/3322/2600 2965/3332/2610 2964/3333/2611 2978/3323/2601
f 2978/3323/2601 2964/3333/2611 2962/2167/1486 2976/2166/1485
f 3124/2233/1548 3117/2230/1545 3122/3334/2612 3129/3335/2613
f 3129/3335/2613 3122/3334/2612 3121/3336/2614 3128/3337/2615
f 3128/3337/2615 3121/3336/2614 3120/3338/2616 3127/3339/2617
f 3127/3339/2617 3120/3338/2616 3119/3340/2618 3126/3341/2619
f 3126/3341/2619 3119/3340/2618 3118/3342/2620 3125/3343/2621
f 3125/3343/2621 3118/3342/2620 3116/2295/1608 3123/2294/1607
f 3103/2231/1546 3096/2234/1549 3101/3344/2622 3108/3345/2623
f 3108/3345/2623 3101/3344/2622 3100/3346/2624 3107/3347/2625
f 3107/3347/2625 3100/3346/2624 3099/3348/2626 3106/3349/2627
f 3106/3349/2627 3099/3348/2626 3098/3350/2628 3105/3351/2629
f 3105/3351/2629 3098/3350/2628 3097/3352/2630 3104/3353/2631
f 3104/3353/2631 3097/3352/2630 3095/2169/1488 3102/2168/1487
f 3131/2235/1550 3124/2233/1548 3129/3335/2613 3136/3354/2632
f 3136/3354/2632 3129/3335/2613 3128/3337/2615 3135/3355/2633
f 3135/3355/2633 3128/3337/2615 3127/3339/2617 3134/3356/2634
f 3134/3356/2634 3127/3339/2617 3126/3341/2619 3133/3357/2635
f 3133/3357/2635 3126/3341/2619 3125/3343/2621 3132/3358/2636
f 3132/3358/2636 3125/3343/2621 3123/2294/1607 3130/2293/1606
f 3096/2234/1549 3089/2236/1551 3094/3359/2637 3101/3344/2622
f 3101/3344/2622 3094/3359/2637 3093/3360/2638 3100/3346/2624
f 3100/3346/2624 3093/3360/2638 3092/3361/2639 3099/3348/2626
f 3099/3348/2626 3092/3361/2639 3091/3362/2640 3098/3350/2628
f 3098/3350/2628 3091/3362/2640 3090/3363/2641 3097/3352/2630
f 3097/3352/2630 3090/3363/2641 3088/2170/1489 3095/2169/1488
f 3138/2237/1552 3131/2235/1550 3136/3354/2632 3143/3364/2642
f 3143/3364/2642 3136/3354/2632 3135/3355/2633 3142/3365/2643
f 3142/3365/2643 3135/3355/2633 3134/3356/2634 3141/3366/2644
f 3141/3366/2644 3134/3356/2634 3133/3357/2635 3140/3367/2645
f 3140/3367/2645 3133/3357/2635 3132/3358/2636 3139/3368/2646
f 3139/3368/2646 3132/3358/2636 3130/2293/1606 3137/2292/1605
f 3089/2236/1551 3082/2238/1553 3087/3369/2647 3094/3359/2637
f 3094/3359/2637 3087/3369/2647 3086/3370/2648 3093/3360/2638
f 3093/3360/2638 3086/3370/2648 3085/3371/2649 3092/3361/2639
f 3092/3361/2639 3085/3371/2649 3084/3372/2650 3091/3362/2640
f 3091/3362/2640 3084/3372/2650 3083/3373/2651 3090/3363/2641
f 3090/3363/2641 3083/3373/2651 3081/2171/1490 3088/2170/1489
f 3145/2239/1554 3138/2237/1552 3143/3364/2642 3150/3374/2652
f 3150/3374/2652 3143/3364/2642 3142/3365/2643 3149/3375/2653
f 3149/3375/2653 3142/3365/2643 3141/3366/2644 3148/3376/2654
f 3148/3376/2654 3141/3366/2644 3140/3367/2645 3147/3377/2655
f 3147/3377/2655 3140/3367/2645 3139/3368/2646 3146/3378/2656
f 3146/3378/2656 3139/3368/2646 3137/2292/1605 3144/2291/1604
f 3082/2238/1553 3075/2240/1555 3080/3379/2657 3087/3369/2647
f 3087/3369/2647 3080/3379/2657 3079/3380/2658 3086/3370/2648
f 3086/3370/2648 3079/3380/2658 3078/3381/2659 3085/3371/2649
f 3085/3371/2649 3078/3381/2659 3077/3382/2660 3084/3372/2650
f 3084/3372/2650 3077/3382/2660 3076/3383/2661 3083/3373/2651
f 3083/3373/2651 3076/3383/2661 3074/2172/1491 3081/2171/1490
f 3152/2241/1556 3145/2239/1554 3150/3374/2652 3157/3384/2662
f 3157/3384/2662 3150/3374/2652 3149/3375/2653 3156/3385/2663
f 3156/3385/2663 3149/3375/2653 3148/3376/2654 3155/3386/2664
f 3155/3386/2664 3148/3376/2654 3147/3377/2655 3154/3387/2665
f 3154/3387/2665 3147/3377/2655 3146/3378/2656 3153/3388/2666
f 3153/3388/2666 3146/3378/2656 3144/2291/1604 3151/2290/1603
f 3075/2240/1555 3068/2242/1557 3073/3389/2667 3080/3379/2657
f 3080/3379/2657 3073/3389/2667 3072/3390/2668 3079/3380/2658
f 3079/3380/2658 3072/3390/2668 3071/3391/2669 3078/3381/2659
f 3078/3381/2659 3071/3391/2669 3070/3392/2670 3077/3382/2660
f 3077/3382/2660 3070/3392/2670 3069/3393/2671 3076/3383/2661
f 3076/3383/2661 3069/3393/2671 3067/2173/1492 3074/2172/1491
f 3159/2243/1558 3152/2241/1556 3157/3384/2662 3164/3394/2672
f 3164/3394/2672 3157/3384/2662 3156/3385/2663 3163/3395/2673
f 3163/3395/2673 3156/3385/2663 3155/3386/2664 3162/3396/2674
f 3162/3396/2674 3155/3386/2664 3154/3387/2665 3161/3397/2675
f 3161/3397/2675 3154/3387/2665 3153/3388/2666 3160/3398/2676
f 3160/3398/2676 3153/3388/2666 3151/2290/1603 3158/2289/1602
f 3068/2242/1557 3061/2244/1559 3066/3399/2677 3073/3389/2667
f 3073/3389/2667 3066/3399/2677 3065/3400/2678 3072/3390/2668
f 3072/3390/2668 3065/3400/2678 3064/3401/2679 3071/3391/2669
f 3071/3391/2669 3064/3401/2679 3063/3402/2680 3070/3392/2670
f 3070/3392/2670 3063/3402/2680 3062/3403/2681 3069/3393/2671
f 3069/3393/2671 3062/3403/2681 3060/2174/1493 3067/2173/1492
f 3166/2245/1560 3159/2243/1558 3164/3394/2672 3171/3404/2682
f 3171/3404/2682 3164/3394/2672 3163/3395/2673 3170/3405/2683
f 3170/3405/2683 3163/3395/2673 3162/3396/2674 3169/3406/2684
f 3169/3406/2684 3162/3396/2674 3161/3397/2675 3168/3407/2685
f 3168/3407/2685 3161/3397/2675 3160/3398/2676 3167/3408/2686
f 3167/3408/2686 3160/3398/2676 3158/2289/1602 3165/2288/1601
f 3061/2244/1559 3054/2246/1561 3059/3409/2687 3066/3399/2677
f 3066/3399/2677 3059/3409/2687 3058/3410/2688 3065/3400/2678
f 3065/3400/2678 3058/3410/2688 3057/3411/2689 3064/3401/2679
f 3064/3401/2679 3057/3411/2689 3056/3412/2690 3063/3402/2680
f 3063/3402/2680 3056/3412/2690 3055/3413/2691 3062/3403/2681
f 3062/3403/2681 3055/3413/2691 3053/2175/1494 3060/2174/1493
f 3173/2228/1543 3166/2245/1560 3171/3404/2682 3178/3414/2692
f 3178/3414/2692 3171/3404/2682 3170/3405/2683 3177/3415/2693
f 3177/3415/2693 3170/3405/2683 3169/3406/2684 3176/3416/2694
f 3176/3416/2694 3169/3406/2684 3168/3407/2685 3175/3417/2695
f 3175/3417/2695 3168/3407/2685 3167/3408/2686 3174/3418/2696
f 3174/3418/2696 3167/3408/2686 3165/2288/1601 3172/2287/1600
f 3054/2246/1561 3047/2229/1544 3052/3419/2697 3059/3409/2687
f 3059/3409/2687 3052/3419/2697 3051/3420/2698 3058/3410/2688
f 3058/3410/2688 3051/3420/2698 3050/3421/2699 3057/3411/2689
f 3057/3411/2689 3050/3421/2699 3049/3422/2700 3056/3412/2690
f 3056/3412/2690 3049/3422/2700 3048/3423/2701 3055/3413/2691
f 3055/3413/2691 3048/3423/2701 3046/2176/1495 3053/2175/1494
f 3110/2208/1524 3173/2228/1543 3178/3414/2692 3115/3424/2702
f 3115/3424/2702 3178/3414/2692 3177/3415/2693 3114/3425/2703
f 3114/3425/2703 3177/3415/2693 3176/3416/2694 3113/3426/2704
f 3113/3426/2704 3176/3416/2694 3175/3417/2695 3112/3427/2705
f 3112/3427/2705 3175/3417/2695 3174/3418/2696 3111/3428/2706
f 3111/3428/2706 3174/3418/2696 3172/2287/1600 3109/2286/1599
f 3047/2229/1544 3040/2207/1523 3045/3429/2707 3052/3419/2697
f 3052/3419/2697 3045/3429/2707 3044/3430/2708 3051/3420/2698
f 3051/3420/2698 3044/3430/2708 3043/3431/2709 3050/3421/2699
f 3050/3421/2699 3043/3431/2709 3042/3432/2710 3049/3422/2700
f 3049/3422/2700 3042/3432/2710 3041/3433/2711 3048/3423/2701
f 3048/3423/2701 3041/3433/2711 3039/2177/1496 3046/2176/1495
f 2963/2181/1499 3103/2231/1546 3108/3345/2623 2968/3329/2607
f 2968/3329/2607 3108/3345/2623 3107/3347/2625 2967/3330/2608
f 2967/3330/2608 3107/3347/2625 3106/3349/2627 2966/3331/2609
f 2966/3331/2609 3106/3349/2627 3105/3351/2629 2965/3332/2610
f 2965/3332/2610 3105/3351/2629 3104/3353/2631 2964/3333/2611
f 2964/3333/2611 3104/3353/2631 3102/2168/1487 2962/2167/1486
f 3117/2230/1545 2893/2180/1498 2898/3324/2602 3122/3334/2612
f 3122/3334/2612 2898/3324/2602 2897/3325/2603 3121/3336/2614
f 3121/3336/2614 2897/3325/2603 2896/3326/2604 3120/3338/2616
f 3120/3338/2616 2896/3326/2604 2895/3327/2605 3119/3340/2618
f 3119/3340/2618 2895/3327/2605 2894/3328/2606 3118/3342/2620
f 3118/3342/2620 2894/3328/2606 2892/2296/1609 3116/2295/1608
f 3109/2286/1599 2657/2285/1350 2674/3434/1919 3111/3428/2706
f 3111/3428/2706 2674/3434/1919 2678/3435/1925 3112/3427/2705
f 3112/3427/2705 2678/3435/1925 2661/2596/1907 3113/3426/2704
f 3113/3426/2704 2661/2596/1907 2660/2594/1905 3114/3425/2703
f 3114/3425/2703 2660/2594/1905 2659/2591/1902 3115/3424/2702
f 3115/3424/2702 2659/2591/1902 2656/2209/1525 3110/2208/1524
f 2621/2178/1355 3039/2177/1496 3041/3433/2711 2645/2582/1894
f 2645/2582/1894 3041/3433/2711 3042/3432/2710 2646/2585/1897
f 2646/2585/1897 3042/3432/2710 3043/3431/2709 2647/2568/1880
f 2647/2568/1880 3043/3431/2709 3044/3430/2708 2629/2564/1876
f 2629/2564/1876 3044/3430/2708 3045/3429/2707 2625/2558/1870
f 2625/2558/1870 3045/3429/2707 3040/2207/1523 2619/2206/1522
f 3180/2156/1475 3193/2232/1547 3195/3436/2712 3185/3437/2713
f 3185/3437/2713 3195/3436/2712 3196/3438/2714 3184/3439/2715
f 3184/3439/2715 3196/3438/2714 3197/3440/2716 3183/3441/2717
f 3183/3442/2717 3197/3443/2716 3198/3444/2718 3182/3445/2719
f 3182/3445/2719 3198/3444/2718 3199/3446/2720 3181/3447/2721
f 3181/3447/2721 3199/3446/2720 3194/2249/1564 3179/2215/1530
f 3193/2232/1547 3200/2284/1598 3202/3448/2722 3195/3436/2712
f 3195/3436/2712 3202/3448/2722 3203/3449/2723 3196/3438/2714
f 3196/3438/2714 3203/3449/2723 3204/3450/2724 3197/3451/2716
f 3197/3443/2716 3204/3452/2724 3205/3453/2725 3198/3444/2718
f 3198/3444/2718 3205/3453/2725 3206/3454/2726 3199/3446/2720
f 3199/3446/2720 3206/3454/2726 3201/2252/1567 3194/2249/1564
f 3200/2284/1598 3207/2283/1597 3209/3455/2727 3202/3448/2722
f 3202/3448/2722 3209/3455/2727 3210/3456/2728 3203/3449/2723
f 3203/3449/2723 3210/3456/2728 3211/3457/2729 3204/3458/2724
f 3204/3452/2724 3211/3459/2729 3212/3460/2730 3205/3453/2725
f 3205/3453/2725 3212/3460/2730 3213/3461/2731 3206/3454/2726
f 3206/3454/2726 3213/3461/2731 3208/2253/1568 3201/2252/1567
f 3207/2283/1597 3214/2282/1596 3216/3462/2732 3209/3455/2727
f 3209/3455/2727 3216/3462/2732 3217/3463/2733 3210/3456/2728
f 3210/3456/2728 3217/3463/2733 3218/3464/2734 3211/3465/2729
f 3211/3459/2729 3218/3466/2734 3219/3467/2735 3212/3460/2730
f 3212/3460/2730 3219/3467/2735 3220/3468/2736 3213/3461/2731
f 3213/3461/2731 3220/3468/2736 3215/2255/1570 3208/2253/1568
f 3214/2282/1596 3221/2281/1595 3223/3469/2737 3216/3462/2732
f 3216/3462/2732 3223/3469/2737 3224/3470/2738 3217/3463/2733
f 3217/3463/2733 3224/3470/2738 3225/3471/2739 3218/3472/2734
f 3218/3466/2734 3225/3473/2739 3226/3474/2740 3219/3467/2735
f 3219/3467/2735 3226/3474/2740 3227/3475/2741 3220/3468/2736
f 3220/3468/2736 3227/3475/2741 3222/2257/1572 3215/2255/1570
f 3221/2281/1595 3228/2280/1594 3230/3476/2742 3223/3469/2737
f 3223/3469/2737 3230/3476/2742 3231/3477/2743 3224/3470/2738
f 3224/3470/2738 3231/3477/2743 3232/3478/2744 3225/3479/2739
f 3225/3480/2739 3232/3481/2744 3233/3482/2745 3226/3483/2740
f 3226/3483/2740 3233/3482/2745 3234/3484/2746 3227/3485/2741
f 3227/3485/2741 3234/3484/2746 3229/2259/1574 3222/2257/1572
f 3228/2280/1594 3235/2279/1593 3237/3486/2747 3230/3476/2742
f 3230/3476/2742 3237/3486/2747 3238/3487/2748 3231/3477/2743
f 3231/3477/2743 3238/3487/2748 3239/3488/2749 3232/3478/2744
f 3232/3481/2744 3239/3489/2749 3240/3490/2750 3233/3482/2745
f 3233/3482/2745 3240/3490/2750 3241/3491/2751 3234/3484/2746
f 3234/3484/2746 3241/3491/2751 3236/2261/1576 3229/2259/1574
f 3235/2279/1593 3242/2278/1592 3244/3492/2752 3237/3486/2747
f 3237/3486/2747 3244/3492/2752 3245/3493/2753 3238/3487/2748
f 3238/3487/2748 3245/3493/2753 3246/3494/2754 3239/3495/2749
f 3239/3496/2749 3246/3497/2754 3247/3498/2755 3240/3490/2750
f 3240/3490/2750 3247/3498/2755 3248/3499/2756 3241/3491/2751
f 3241/3491/2751 3248/3499/2756 3243/2263/1578 3236/2261/1576
f 3242/2278/1592 3249/2277/1591 3251/3500/2757 3244/3492/2752
f 3244/3492/2752 3251/3500/2757 3252/3501/2758 3245/3493/2753
f 3245/3493/2753 3252/3501/2758 3253/3502/2759 3246/3503/2754
f 3246/3504/2754 3253/3505/2759 3254/3506/2760 3247/3498/2755
f 3247/3498/2755 3254/3506/2760 3255/3507/2761 3248/3499/2756
f 3248/3499/2756 3255/3507/2761 3250/2265/1580 3243/2263/1578
f 3249/2277/1591 3186/2028/1354 3188/3508/2762 3251/3500/2757
f 3251/3500/2757 3188/3508/2762 3189/3509/2763 3252/3501/2758
f 3252/3501/2758 3189/3509/2763 3190/3510/2764 3253/3511/2759
f 3253/3512/2759 3190/3513/2764 3191/3514/2765 3254/3515/2760
f 3254/3515/2760 3191/3514/2765 3192/3516/2766 3255/3507/2761
f 3255/3507/2761 3192/3516/2766 3187/2212/1527 3250/2265/1580
f 3257/2266/1352 3270/2267/1581 3272/3517/2767 3262/3518/2768
f 3262/3518/2768 3272/3517/2767 3273/3519/2769 3261/3520/2770
f 3261/3520/2770 3273/3519/2769 3274/3521/2771 3260/3522/2772
f 3260/3523/2772 3274/3524/2771 3275/3525/2773 3259/3526/2774
f 3259/3526/2774 3275/3525/2773 3276/3527/2775 3258/3528/2776
f 3258/3528/2776 3276/3527/2775 3271/2264/1579 3256/2213/1528
f 3270/2267/1581 3277/2270/1584 3279/3529/2777 3272/3517/2767
f 3272/3517/2767 3279/3529/2777 3280/3530/2778 3273/3531/2769
f 3273/3531/2769 3280/3530/2778 3281/3532/2779 3274/3533/2771
f 3274/3533/2771 3281/3532/2779 3282/3534/2780 3275/3535/2773
f 3275/3535/2773 3282/3534/2780 3283/3536/2781 3276/3527/2775
f 3276/3527/2775 3283/3536/2781 3278/2262/1577 3271/2264/1579
f 3277/2270/1584 3284/2271/1585 3286/3537/2782 3279/3529/2777
f 3279/3529/2777 3286/3537/2782 3287/3538/2783 3280/3530/2778
f 3280/3530/2778 3287/3538/2783 3288/3539/2784 3281/3532/2779
f 3281/3532/2779 3288/3539/2784 3289/3540/2785 3282/3534/2780
f 3282/3534/2780 3289/3540/2785 3290/3541/2786 3283/3536/2781
f 3283/3536/2781 3290/3541/2786 3285/2260/1575 3278/2262/1577
f 3284/2271/1585 3291/2272/1586 3293/3542/2787 3286/3537/2782
f 3286/3537/2782 3293/3542/2787 3294/3543/2788 3287/3538/2783
f 3287/3538/2783 3294/3543/2788 3295/3544/2789 3288/3539/2784
f 3288/3539/2784 3295/3544/2789 3296/3545/2790 3289/3540/2785
f 3289/3540/2785 3296/3545/2790 3297/3546/2791 3290/3541/2786
f 3290/3541/2786 3297/3546/2791 3292/2258/1573 3285/2260/1575
f 3291/2272/1586 3298/2273/1587 3300/3547/2792 3293/3542/2787
f 3293/3542/2787 3300/3547/2792 3301/3548/2793 3294/3543/2788
f 3294/3543/2788 3301/3548/2793 3302/3549/2794 3295/3544/2789
f 3295/3544/2789 3302/3549/2794 3303/3550/2795 3296/3545/2790
f 3296/3545/2790 3303/3550/2795 3304/3551/2796 3297/3546/2791
f 3297/3546/2791 3304/3551/2796 3299/2256/1571 3292/2258/1573
f 3298/2273/1587 3305/2274/1588 3307/3552/2797 3300/3547/2792
f 3300/3547/2792 3307/3552/2797 3308/3553/2798 3301/3548/2793
f 3301/3548/2793 3308/3553/2798 3309/3554/2799 3302/3549/2794
f 3302/3549/2794 3309/3554/2799 3310/3555/2800 3303/3550/2795
f 3303/3550/2795 3310/3555/2800 3311/3556/2801 3304/3551/2796
f 3304/3551/2796 3311/3556/2801 3306/2254/1569 3299/2256/1571
f 3305/2274/1588 3312/2275/1589 3314/3557/2802 3307/3552/2797
f 3307/3552/2797 3314/3557/2802 3315/3558/2803 3308/3553/2798
f 3308/3553/2798 3315/3558/2803 3316/3559/2804 3309/3554/2799
f 3309/3554/2799 3316/3559/2804 3317/3560/2805 3310/3555/2800
f 3310/3555/2800 3317/3560/2805 3318/3561/2806 3311/3556/2801
f 3311/3556/2801 3318/3561/2806 3313/2250/1565 3306/2254/1569
f 3312/2275/1589 3319/2276/1590 3321/3562/2807 3314/3557/2802
f 3314/3557/2802 3321/3562/2807 3322/3563/2808 3315/3558/2803
f 3315/3558/2803 3322/3563/2808 3323/3564/2809 3316/3559/2804
f 3316/3559/2804 3323/3564/2809 3324/3565/2810 3317/3560/2805
f 3317/3560/2805 3324/3565/2810 3325/3566/2811 3318/3561/2806
f 3318/3561/2806 3325/3566/2811 3320/2251/1566 3313/2250/1565
f 3319/2276/1590 3326/2268/1582 3328/3567/2812 3321/3562/2807
f 3321/3562/2807 3328/3567/2812 3329/3568/2813 3322/3563/2808
f 3322/3563/2808 3329/3568/2813 3330/3569/2814 3323/3564/2809
f 3323/3564/2809 3330/3569/2814 3331/3570/2815 3324/3565/2810
f 3324/3565/2810 3331/3570/2815 3332/3571/2816 3325/3566/2811
f 3325/3566/2811 3332/3571/2816 3327/2248/1563 3320/2251/1566
f 3326/2268/1582 3263/2269/1583 3265/3572/2817 3328/3567/2812
f 3328/3567/2812 3265/3572/2817 3266/3573/2818 3329/3568/2813
f 3329/3568/2813 3266/3573/2818 3267/3574/2819 3330/3569/2814
f 3330/3569/2814 3267/3574/2819 3268/3575/2820 3331/3570/2815
f 3331/3570/2815 3268/3575/2820 3269/3576/2821 3332/3571/2816
f 3332/3571/2816 3269/3576/2821 3264/2214/1529 3327/2248/1563
f 2969/2157/1476 3180/2156/1475 3185/3437/2713 2971/3243/2521
f 2971/3243/2521 3185/3437/2713 3184/3439/2715 2972/3241/2519
f 2972/3241/2519 3184/3439/2715 3183/3442/2717 2973/3239/2517
f 2973/3239/2517 3183/3442/2717 3182/3577/2719 2974/3237/2515
f 2974/3237/2515 3182/3577/2719 3181/3447/2721 2975/3235/2513
f 2975/3235/2513 3181/3447/2721 3179/2215/1530 2970/2201/1517
f 2122/2199/1515 3187/2212/1527 3192/3516/2766 2124/3202/2480
f 2124/3202/2480 3192/3516/2766 3191/3514/2765 2125/3201/2479
f 2125/3201/2479 3191/3514/2765 3190/3578/2764 2126/3199/2478
f 2126/3198/2478 3190/3579/2764 3189/3509/2763 2127/3196/2477
f 2127/3196/2477 3189/3509/2763 3188/3508/2762 2128/3195/2476
f 2128/3195/2476 3188/3508/2762 3186/2028/1354 2123/2027/1353
f 3256/2213/1528 2130/2198/1514 2135/3212/2485 3258/3528/2776
f 3258/3528/2776 2135/3212/2485 2134/3211/2484 3259/3526/2774
f 3259/3526/2774 2134/3211/2484 2133/3210/2483 3260/3580/2772
f 3260/3581/2772 2133/3207/2483 2132/3205/2482 3261/3582/2770
f 3261/3582/2770 2132/3205/2482 2131/3203/2481 3262/3583/2768
f 3262/3583/2768 2131/3203/2481 2129/1976/1304 3257/2026/1352
f 2886/2200/1516 3264/2214/1529 3269/3576/2821 2891/3224/2502
f 2891/3224/2502 3269/3576/2821 3268/3575/2820 2890/3226/2504
f 2890/3226/2504 3268/3575/2820 3267/3574/2819 2889/3228/2506
f 2889/3228/2506 3267/3574/2819 3266/3573/2818 2888/3230/2508
f 2888/3230/2508 3266/3573/2818 3265/3572/2817 2887/3232/2510
f 2887/3232/2510 3265/3572/2817 3263/2269/1583 2885/2306/1619
f 1894/2358/1670 1858/2334/1646 1931/2110/1431 1939/2109/1311
